no,school_code,school_name_th,school_name_en,province,district,subdistrict,address,website,website_source,opec_website,facebook,telephone,mobile,email,latitude,longitude,gps_source,gps_precision,opec_profile_url,levels_offered,level_range,student_count,teacher_count,curriculums,licensee_name,director_name,manager_name,government_support,school_history,vision,mission,maxim,uniqueness,identity,tags,school_logo_url,line_id,instagram,tiktok,youtube,fetched_at,last_updated,opec_latitude,opec_longitude,gps_confirmed_by,gps_evidence,gps_anchor,gps_method,gps_verified,gps_confidence,is_isat_member,isat_school_name,is_boarding,year_established,accreditations
1,1110700001,นานาชาติเซนต์ แอนดรูว์ส สาทร,ST. ANDREWS INTERNATIONAL SCHOOL SATHORN,กรุงเทพมหานคร,บางรัก,สีลม,9 ซอย ซอยสาทร 4 ถนน คอนแวนต์ แขวงสีลม เขตบางรัก กรุงเทพมหานคร 10500,,Not Checked,,,,,,13.7251969,100.5356541,"ยืนยันตรงกันหลายแหล่ง: ArcGIS POI, ArcGIS บ้านเลขที่, OPEC, OpenStreetMap, Overture Maps (ทุกแหล่งห่างจากจุดนี้ไม่เกิน 52 ม.)",Exact,https://school.opec.go.th/school/1110700001,"['อนุบาล', 'ประถมศึกษา']",อนุบาล - ประถมศึกษา,362,24,['สหราชอาณาจักร'],นายโสพัส พัฒนวีรมงคล,นางสาววิมลรัตน์ นุกูลโรจน์,นายโสพัส พัฒนวีรมงคล,ไม่รับเงินอุดหนุน,,,,,,,,https://pedb.opec.go.th/web/SchoolPdc.htm?mode=showPicture&t=1&id=1300,,,,,2026-09-14 01:07:01,2026-09-29 18:07:04,13.7255207,100.53556709999998,"['ArcGIS POI', 'ArcGIS บ้านเลขที่', 'OPEC', 'OpenStreetMap', 'Overture Maps']","[{'source': 'opec', 'lat': 13.7255207, 'lon': 100.5355671, 'distance_m': 37, 'label': 'OPEC', 'anchor_m': 1397}, {'source': 'osm', 'lat': 13.7237591, 'lon': 100.5978566, 'distance_m': 6721, 'label': 'โรงเรียนนานาชาติเซนต์แอนดรูวส์ / St. Andrews International School', 'score': 3, 'osm_id': 'w335064293', 'anchor_m': 8044}, {'source': 'osm', 'lat': 13.7172537, 'lon': 100.5874184, 'distance_m': 5661, 'label': 'โรงเรียนนานาชาติเซนต์แอนดรูว์ส / St. Andrews International School', 'score': 3, 'osm_id': 'w560431783', 'anchor_m': 7038}, {'source': 'osm', 'lat': 13.6603519, 'lon': 100.6022518, 'distance_m': 10186, 'label': 'โรงเรียนนานาชาติเซนต์แอนดรูส์ สุขุมวิท / St. Andrews International School', 'score': 3, 'osm_id': 'w748970311', 'anchor_m': 11529}, {'source': 'osm', 'lat': 13.7251969, 'lon': 100.5356541, 'distance_m': 0, 'label': 'โรงเรียนนานาชาติเซนต์แอนดรูส์ สาทร / St. Andrews Sathorn International School', 'score': 3, 'osm_id': 'r16713920', 'anchor_m': 1420}, {'source': 'overture', 'lat': 13.7255297, 'lon': 100.5355977, 'distance_m': 38, 'label': 'St. Andrews International School Sathorn', 'score': 3, 'anchor_m': 1400, 'keys': ['domain', 'name'], 'confidence': 0.989, 'overture_id': '1de8c088-b8be-4816-b411-6877eefccba3', 'category': 'elementary_school'}, {'source': 'overture', 'lat': 13.7242709, 'lon': 100.5968049, 'distance_m': 6606, 'label': 'St Andrews International School Bangkok', 'score': 3, 'anchor_m': 7926, 'keys': ['name'], 'confidence': 1.0, 'overture_id': 'f3859eb3-460c-4d90-9d43-12ee8ed79753', 'category': 'elementary_school'}, {'source': 'arcgis_poi', 'distance_m': 10156, 'label': 'St. Andrews International School', 'score': 3, 'anchor_m': 11501}, {'source': 'arcgis_poi', 'distance_m': 10, 'label': 'St. Andrews International School', 'score': 3, 'anchor_m': 1429}, {'source': 'arcgis_poi', 'distance_m': 6727, 'label': 'St. Andrews International School', 'score': 3, 'anchor_m': 8050}, {'source': 'arcgis_poi', 'distance_m': 17566, 'label': 'St. Andrews International School', 'score': 3, 'anchor_m': 16885}, {'source': 'arcgis_address', 'distance_m': 52, 'label': 'PointAddress: 9 ซอยสาทร 4 เขตบางรัก กรุงเทพมหานคร 10500', 'anchor_m': 1472}]","{'level': 'amphoe', 'label': 'เขตบางรัก กรุงเทพมหานคร'}",consensus-v2,True,high,True,"St. Andrews International School, Sathorn",False,2003,['EDT']
2,1110700002,นานาชาติเกาหลี กรุงเทพ,KOREAN INTERNATIONAL SCHOOL OF BANGKOK,กรุงเทพมหานคร,บางเขน,อนุสาวรีย์,14/107 หมู่ 4 ซอย รามอินทรา 13 ถนน รามอินทรา แขวงอนุสาวรีย์ เขตบางเขน กรุงเทพมหานคร 10220,,Not Checked,,,025436981,,,13.8681282,100.6119105,"ยืนยันตรงกันหลายแหล่ง: ArcGIS POI, OPEC, Overture Maps (ทุกแหล่งห่างจากจุดนี้ไม่เกิน 33 ม.) — มีจุดชื่อเดียวกันอีก 2 จุด ห่าง 20.3 กม.ขึ้นไป (วิทยาเขตอื่นหรือย้ายที่ตั้ง?)",Exact,https://school.opec.go.th/school/1110700002,"['ประถมศึกษา', 'มัธยมศึกษาตอนต้น', 'มัธยมศึกษาตอนปลาย']",ประถมศึกษา - มัธยมศึกษาตอนปลาย,135,21,"['หลักสูตรประจำชาติของประเทศสาธารณรัฐเกาหลี', 'หลักสูตรประจำชาติของประเทศสาธารณรัฐเกาหลี (MOE Republic of Korea)']",นายประเชิญ  กุลฐิติกิจ,นายประเชิญ  กุลฐิติกิจ,นางสุวรรณา เนตยากร,ไม่รับเงินอุดหนุน,โรงเรียนนานาชาติของเกาหลีในหนองจอก กรุงเทพมหานคร ประเทศไทย โรงเรียนให้บริการถึงระดับมัธยมศึกษาตอนปลาย ก่อตั้งขึ้นในปี 2544,วิสัยทัศน์ วิสัยทัศน์ วิสัยทัศน์ วิสัยทัศน์,พันธกิจ พันธกิจ พันธกิจ พันธกิจ,คติพจน์ คติพจน์ คติพจน์ คติพจน์,เอกลักษณ์  เอกลักษณ์  เอกลักษณ์  เอกลักษณ์,อัตลักษณ์ อัตลักษณ์ อัตลักษณ์ อัตลักษณ์,"นานาชาติ,เกาหลี,กรุงเทพ,ทดสอบ",https://pedb.opec.go.th/web/SchoolPdc.htm?mode=showPicture&t=1&id=1301,,,,,2026-09-14 01:07:03,2026-09-29 18:07:04,13.868015708570184,100.61177349461369,"['ArcGIS POI', 'OPEC', 'Overture Maps']","[{'source': 'opec', 'lat': 13.8680157, 'lon': 100.6117735, 'distance_m': 19, 'label': 'OPEC', 'anchor_m': 1797}, {'source': 'osm', 'lat': 13.8625153, 'lon': 100.8000155, 'distance_m': 20316, 'label': 'Korean International School of Bangkok', 'score': 2, 'osm_id': 'w297467975', 'anchor_m': 22049}, {'source': 'overture', 'lat': 13.8625011, 'lon': 100.7999983, 'distance_m': 20315, 'label': 'Korean International School of Bangkok', 'score': 2, 'anchor_m': 22047, 'copy': True, 'keys': ['domain', 'name', 'phone'], 'confidence': 0.966, 'overture_id': '8b9dd00d-8acd-4218-af33-f549fbb73ad2', 'category': 'place_of_learning'}, {'source': 'overture', 'lat': 13.81504, 'lon': 100.83393, 'distance_m': 24687, 'label': 'Korean International School of Bangkok', 'score': 2, 'anchor_m': 26487, 'keys': ['domain', 'name', 'phone'], 'confidence': 0.833, 'overture_id': 'cc63c47b-332d-4486-8889-f30163baf44f', 'category': 'middle_school'}, {'source': 'overture', 'lat': 13.8681282, 'lon': 100.6119105, 'distance_m': 0, 'label': 'Korean International School of Bangkok', 'score': 2, 'anchor_m': 1806, 'keys': ['name'], 'confidence': 0.858, 'overture_id': 'f8647297-6e6b-4a66-9854-9be5a8179904', 'category': 'place_of_learning'}, {'source': 'overture', 'lat': 13.7365951, 'lon': 100.5733657, 'distance_m': 15207, 'label': 'Modern Pilates International', 'score': 0, 'anchor_m': 15406, 'keys': ['domain'], 'confidence': 0.922, 'overture_id': '8a73fd97-0f82-4434-bee9-804fa7051c33', 'category': 'fitness_studio'}, {'source': 'arcgis_poi', 'distance_m': 20341, 'label': 'Korean International School of Bangkok', 'score': 2, 'anchor_m': 22074}, {'source': 'arcgis_poi', 'distance_m': 33, 'label': 'Korean International School, Bangkok', 'score': 2, 'anchor_m': 1818}, {'source': 'arcgis_poi', 'distance_m': 20342, 'label': 'Korean International School Bangkok', 'score': 2, 'anchor_m': 22075}, {'source': 'arcgis_address', 'distance_m': 1656, 'label': 'PointAddress: 13 ถนนรามอินทรา เขตบางเขน กรุงเทพมหานคร 10220', 'anchor_m': 231}, {'source': 'arcgis_address', 'distance_m': 3047, 'label': 'PointAddress: 13 ถนนรามอินทรา เขตบางเขน กรุงเทพมหานคร 10220', 'anchor_m': 4822}]","{'level': 'amphoe', 'label': 'เขตบางเขน กรุงเทพมหานคร'}",consensus-v2,True,high,True,Korean International School of Bangkok,False,2001,[]
3,1110700003,อนุบาลไอ พี ซี อินเตอร์เนชั่นแนล,IPC INTERNATIONAL KINDERGARTEN,กรุงเทพมหานคร,วัฒนา,คลองตันเหนือ,313 ซอย สุขุมวิท31 แขวงคลองตันเหนือ เขตวัฒนา กรุงเทพมหานคร 10110,,Not Checked,,,,,,13.7422613,100.5605159,OPEC ขัดกับ ArcGIS POI (ห่างกัน 0.9 กม.) (พิกัดประมาณการ),Approximate,https://school.opec.go.th/school/1110700003,['อนุบาล'],อนุบาล - อนุบาล,0,3,['สหราชอาณาจักร หลักสูตร IB'],นางปนัดดา หงสกุล,ว่าที่เรือตรีระพี  แก้วมีแสง,นางแมรี่แอน จิราธิวัฒน์,ไม่รับเงินอุดหนุน,,,,,,,,https://pedb.opec.go.th/web/SchoolPdc.htm?mode=showPicture&t=1&id=1309,,,,,2026-09-14 01:07:03,2026-09-29 18:07:04,13.7422613,100.56051589999993,[],"[{'source': 'opec', 'lat': 13.7422613, 'lon': 100.5605159, 'distance_m': 0, 'label': 'OPEC', 'anchor_m': 2756}, {'source': 'arcgis_poi', 'distance_m': 865, 'label': 'IPC International Kindergarten', 'score': 3, 'anchor_m': 1900}, {'source': 'arcgis_address', 'distance_m': 860, 'label': 'PointAddress: 313 ซอยสุขุมวิท 31 ถนนสุขุมวิท เขตวัฒนา กรุงเทพมหานคร 10110', 'anchor_m': 1908}, {'source': 'arcgis_address', 'distance_m': 3888, 'label': 'PointAddress: 31/3 ถนนสุขุมวิท เขตวัฒนา กรุงเทพมหานคร 10110', 'anchor_m': 2562}]","{'level': 'amphoe', 'label': 'เขตวัฒนา กรุงเทพมหานคร'}",consensus-v2,False,low,,,,,
4,1110700004,อนุบาลนานาชาติคิดส์ อะคาเดมี่,KIDS' ACADEMY INTERNATIONAL PRE-SCHOOL,กรุงเทพมหานคร,วัฒนา,พระโขนงเหนือ,52/1-2  ซอย 2 ถนน สุขุมวิท 63 แขวงพระโขนงเหนือ เขตวัฒนา กรุงเทพมหานคร 10110,,Not Checked,,,,,,13.7231163,100.5850431,"ยืนยันตรงกันหลายแหล่ง: ArcGIS POI, OpenStreetMap, Overture Maps (ทุกแหล่งห่างจากจุดนี้ไม่เกิน 24 ม.)",Exact,https://school.opec.go.th/school/1110700004,['อนุบาล'],อนุบาล - อนุบาล,54,14,['หลักสูตรประจำชาติของประเทศสหราชอาณาจักร'],,,,ไม่รับเงินอุดหนุน,,,,,,,,https://pedb.opec.go.th/web/SchoolPdc.htm?mode=showPicture&t=1&id=1310,,,,,2026-09-14 01:07:03,2026-09-29 18:07:04,13.778735,100.67321800000002,"['ArcGIS POI', 'OpenStreetMap', 'Overture Maps']","[{'source': 'opec', 'lat': 13.778735, 'lon': 100.673218, 'distance_m': 11355, 'label': 'OPEC', 'anchor_m': 10247}, {'source': 'osm', 'lat': 13.7231163, 'lon': 100.5850431, 'distance_m': 0, 'label': ""Kids' Academy"", 'score': 2, 'osm_id': 'n1286877882', 'anchor_m': 2146}, {'source': 'overture', 'lat': 13.7232723, 'lon': 100.58489, 'distance_m': 24, 'label': 'Kids Academy International School', 'score': 2, 'anchor_m': 2129, 'keys': ['domain', 'name'], 'confidence': 0.997, 'overture_id': '9ea88f46-3fa2-4b24-aedc-03a6e181dc63', 'category': 'preschool'}, {'source': 'overture', 'lat': 13.6858745, 'lon': 100.6518448, 'distance_m': 8320, 'label': ""Kids' Academy International School"", 'score': 2, 'anchor_m': 9489, 'keys': ['name'], 'confidence': 0.937, 'overture_id': '9b012a3b-00dc-443f-8823-92ce069dccf5', 'category': 'place_of_learning'}, {'source': 'overture', 'lat': 13.7325657, 'lon': 100.6323483, 'distance_m': 5217, 'label': '프라미스kid School พัฒนาการ44', 'score': 2, 'anchor_m': 5121, 'keys': ['name'], 'confidence': 0.794, 'overture_id': 'de6bd839-0269-4864-877c-9a3cc64bb229', 'category': 'place_of_learning'}, {'source': 'overture', 'lat': 13.9052743, 'lon': 100.5385018, 'distance_m': 20869, 'label': 'KT Kids Preschool', 'score': 2, 'anchor_m': 18825, 'keys': ['name'], 'confidence': 0.733, 'overture_id': '0f632619-163b-4a6b-91ba-90754a03d74f', 'category': 'place_of_learning'}, {'source': 'arcgis_poi', 'distance_m': 11, 'label': 'Kids Academy International Pre-School', 'score': 2, 'anchor_m': 2140}, {'source': 'arcgis_address', 'distance_m': 722, 'label': 'PointAddress: 2 ถนนสุขุมวิท เขตวัฒนา กรุงเทพมหานคร 10110', 'anchor_m': 2776}, {'source': 'arcgis_address', 'distance_m': 2796, 'label': 'PointAddress: 2 ถนนสุขุมวิท เขตวัฒนา กรุงเทพมหานคร 10110', 'anchor_m': 2567}, {'source': 'arcgis_address', 'distance_m': 2770, 'label': 'PointAddress: 2 ถนนสุขุมวิท เขตวัฒนา กรุงเทพมหานคร 10110', 'anchor_m': 2600}]","{'level': 'amphoe', 'label': 'เขตวัฒนา กรุงเทพมหานคร'}",consensus-v2,True,high,True,Kids' Academy International Pre-School,False,2003,['ONESQA']
5,1110700006,นานาชาติฮีทฟิลด์,HEATHFIELD INTERNATIONAL SCHOOL,กรุงเทพมหานคร,สะพานสูง,ราษฎร์พัฒนา,6 ถนน รามคำแหง แขวงราษฎร์พัฒนา เขตสะพานสูง กรุงเทพมหานคร 10240,https://www.heathfield.ac.th,OPEC Profile,https://www.heathfield.ac.th,,023722680,,,13.7833403,100.6861067,"ยืนยันตรงกันหลายแหล่ง: ArcGIS POI, OPEC, Overture Maps (ทุกแหล่งห่างจากจุดนี้ไม่เกิน 123 ม.)",Exact,https://school.opec.go.th/school/1110700006,"['อนุบาล', 'ประถมศึกษา', 'มัธยมศึกษาตอนต้น', 'มัธยมศึกษาตอนปลาย']",อนุบาล - มัธยมศึกษาตอนปลาย,329,28,"['หลักสูตรของประเทศสหราชอาณาจักร', 'หลักสูตรประจำชาติของประเทศสหราชอาณาจักร', 'A National curriculum British Curriculum (Early Years Foundation Stage)', 'หลักสูตรแห่งชาติประเทศสหราชอาณาจักร']",นางเอมอร  พิบูลธรรม,นางปราณี หนูขาว,นางอาทิตยา  เนียมประดิษฐ์,ไม่รับเงินอุดหนุน,,,,,,,,https://pedb.opec.go.th/web/SchoolPdc.htm?mode=showPicture&t=1&id=1312,,,,,2026-09-14 01:07:03,2026-09-29 18:07:04,13.7833908,100.6860846,"['ArcGIS POI', 'OPEC', 'Overture Maps']","[{'source': 'opec', 'lat': 13.7833908, 'lon': 100.6860846, 'distance_m': 6, 'label': 'OPEC', 'anchor_m': 1621}, {'source': 'overture', 'lat': 13.7833403, 'lon': 100.6861067, 'distance_m': 0, 'label': 'Heathfield International School', 'score': 3, 'anchor_m': 1615, 'keys': ['domain', 'name'], 'confidence': 0.976, 'overture_id': 'd5fb6dcd-fdd7-4b5b-8602-65ad407fe450', 'category': 'place_of_learning'}, {'source': 'arcgis_poi', 'distance_m': 123, 'label': 'Heathfield International School', 'score': 3, 'anchor_m': 1518}, {'source': 'arcgis_poi', 'distance_m': 35, 'label': 'Heathfield International School', 'score': 3, 'anchor_m': 1605}, {'source': 'arcgis_address', 'distance_m': 9769, 'label': 'PointAddress: 6 ถนนรามคำแหง เขตสวนหลวง กรุงเทพมหานคร 10250', 'anchor_m': 9136}]","{'level': 'amphoe', 'label': 'เขตสะพานสูง กรุงเทพมหานคร'}",consensus-v2,True,high,True,Heathfield International School,False,2004,"['ONESQA', 'EDT']"
6,1110700007,นานาชาติแองโกลสิงคโปร์,ANGLO SINGAPOREAN INTERNATIONAL SCHOOL,กรุงเทพมหานคร,พระโขนง,บางจาก,1 ถนน สุขุมวิท 64 แขวงบางจาก เขตพระโขนง กรุงเทพมหานคร 10260,,Not Checked,,,,,,13.6880966,100.6092463,"ยืนยันตรงกันหลายแหล่ง: ArcGIS POI, OPEC, Overture Maps (ทุกแหล่งห่างจากจุดนี้ไม่เกิน 68 ม.)",Exact,https://school.opec.go.th/school/1110700007,"['ก่อนอนุบาล', 'อนุบาล', 'ประถมศึกษา', 'มัธยมศึกษาตอนต้น', 'มัธยมศึกษาตอนปลาย']",ก่อนอนุบาล - มัธยมศึกษาตอนปลาย,593,93,['หลักสูตรสาธารณรัฐสิงคโปร์'],,นางสาวลภัสรดา ยวดยิ่ง,นางสาวลภัสรดา ยวดยิ่ง,ไม่รับเงินอุดหนุน,,,,,,,,https://pedb.opec.go.th/web/SchoolPdc.htm?mode=showPicture&t=1&id=1331,,,,,2026-09-14 01:07:01,2026-09-29 18:07:04,13.6874875,100.6092236,"['ArcGIS POI', 'OPEC', 'Overture Maps']","[{'source': 'opec', 'lat': 13.6874875, 'lon': 100.6092236, 'distance_m': 68, 'label': 'OPEC', 'anchor_m': 1816}, {'source': 'osm', 'lat': 13.743885, 'lon': 100.5701741, 'distance_m': 7503, 'label': 'Anglo Singapore International School', 'score': 3, 'osm_id': 'n3778156473', 'anchor_m': 5762}, {'source': 'overture', 'lat': 13.7441175, 'lon': 100.5704085, 'distance_m': 7510, 'label': 'Anglo Singapore International School', 'score': 3, 'anchor_m': 5768, 'keys': ['domain', 'name'], 'confidence': 0.96, 'overture_id': '38d56636-8c87-4fbe-ac00-3e47ba4b13ec', 'category': 'place_of_learning'}, {'source': 'overture', 'lat': 13.6880966, 'lon': 100.6092463, 'distance_m': 0, 'label': 'โรงเรียนนานาชาติ Anglo', 'score': 3, 'anchor_m': 1757, 'keys': ['name'], 'confidence': 0.921, 'overture_id': 'cde90d9d-f167-4c3f-bd5f-cb3480960639'}, {'source': 'arcgis_poi', 'distance_m': 19, 'label': 'Anglo Singapore International School', 'score': 3, 'anchor_m': 1765}, {'source': 'arcgis_poi', 'distance_m': 52, 'label': 'Anglo Singapore International School', 'score': 3, 'anchor_m': 1770}, {'source': 'arcgis_poi', 'distance_m': 7507, 'label': 'Anglo Singapore International Sukhumvit 31 School', 'score': 3, 'anchor_m': 5766}, {'source': 'arcgis_address', 'distance_m': 1491, 'label': 'PointAddress: 1 ถนนสุขุมวิท เขตพระโขนง กรุงเทพมหานคร 10260', 'anchor_m': 305}, {'source': 'arcgis_address', 'distance_m': 1310, 'label': 'PointAddress: 1 ถนนสุขุมวิท เขตพระโขนง กรุงเทพมหานคร 10260', 'anchor_m': 452}]","{'level': 'amphoe', 'label': 'เขตพระโขนง กรุงเทพมหานคร'}",consensus-v2,True,high,True,Anglo Singapore International School,False,2012,"['ONESQA', 'ACS WASC', 'CIS']"
7,1110700008,นานาชาติแพน-เอเซีย,PAN-ASIA INTERNATIONAL SCHOOL,กรุงเทพมหานคร,ประเวศ,ดอกไม้,18 ซอย 67 ถนน เฉลิมพระเกียรติ ร.9 แขวงดอกไม้ เขตประเวศ กรุงเทพมหานคร 10250,https://www.pais.ac.th,OPEC Profile,https://www.pais.ac.th,,,,,13.7033606,100.6864459,"ยืนยันตรงกันหลายแหล่ง: OPEC, Overture Maps (ทุกแหล่งห่างจากจุดนี้ไม่เกิน 23 ม.)",Exact,https://school.opec.go.th/school/1110700008,"['ก่อนอนุบาล', 'อนุบาล', 'ประถมศึกษา', 'มัธยมศึกษาตอนต้น', 'มัธยมศึกษาตอนปลาย']",ก่อนอนุบาล - มัธยมศึกษาตอนปลาย,314,96,"['หลักสูตรของรัฐแมสซาชูเซตส์', 'Massachusetts Curriculum Frameworks', 'IB / International Baccalaureate Programme']",นางวนิดา  ฮามัด,นายฮุสนี  ฮามัด,นายอิซอม ตาวีเลาะ,ไม่รับเงินอุดหนุน,,,,,,,,https://pedb.opec.go.th/web/SchoolPdc.htm?mode=showPicture&t=1&id=1368,,,,,2026-09-14 01:07:03,2026-09-29 18:07:04,13.703406,100.68665,"['OPEC', 'Overture Maps']","[{'source': 'opec', 'lat': 13.703406, 'lon': 100.68665, 'distance_m': 23, 'label': 'OPEC', 'anchor_m': 1751}, {'source': 'overture', 'lat': 13.7033606, 'lon': 100.6864459, 'distance_m': 0, 'label': 'Pan-Asia International School', 'score': 3, 'anchor_m': 1767, 'keys': ['domain', 'name'], 'confidence': 0.992, 'overture_id': '7f6084bc-512a-424a-9dc7-861927e290fb', 'category': 'place_of_learning'}, {'source': 'overture', 'lat': 13.7035308, 'lon': 100.6865203, 'distance_m': 21, 'label': 'แพน-เอเซีย โรงเรียนนานาชาติ', 'score': 3, 'anchor_m': 1747, 'keys': ['name'], 'confidence': 0.899, 'overture_id': 'd821e278-0dd4-4c1f-a6b4-df9dc439ddc7', 'category': 'college_university'}, {'source': 'arcgis_address', 'distance_m': 4615, 'label': 'PointAddress: 67 ถนนเฉลิมพระเกียรติ ร. 9 เขตประเวศ กรุงเทพมหานคร 10250', 'anchor_m': 6291}]","{'level': 'amphoe', 'label': 'เขตประเวศ กรุงเทพมหานคร'}",consensus-v2,True,high,True,Pan-Asia International School,True,2004,['ACS WASC']
8,1110700009,นานาชาติบริติชโคลัมเบีย กรุงเทพ,ฺBritish Columbia International School Bangkok,กรุงเทพมหานคร,ภาษีเจริญ,บางหว้า,606 ถนน กัลปพฤกษ์ แขวงบางหว้า เขตภาษีเจริญ กรุงเทพมหานคร 10160,,Not Checked,,,,,,13.6942478,100.4366281,"ยืนยันตรงกันหลายแหล่ง: ArcGIS POI, OPEC, Overture Maps (ทุกแหล่งห่างจากจุดนี้ไม่เกิน 236 ม.)",Exact,https://school.opec.go.th/school/1110700009,"['ก่อนอนุบาล', 'อนุบาล', 'ประถมศึกษา', 'มัธยมศึกษาตอนต้น', 'มัธยมศึกษาตอนปลาย']",ก่อนอนุบาล - มัธยมศึกษาตอนปลาย,586,27,"['หลักสูตรกระทรวงศึกษาธิการบริติชโคลัมเบีย ประเทศแคนาดา', 'British Columbia Curriculum', 'British Columbia Early Learning Program', 'หลักสูตรของกระทรวงศึกษาธิการบริติชโคลัมเบีย']",นายภักดี ฐานปัญญา,นางสาววิสรทิพย์  วิสาวะโท,ดร.มาลี  ฐานปัญญา,ไม่รับเงินอุดหนุน,,,,,,,,https://pedb.opec.go.th/web/SchoolPdc.htm?mode=showPicture&t=1&id=1445,,,,,2026-09-14 01:07:03,2026-09-29 18:07:04,13.694035,100.435435,"['ArcGIS POI', 'OPEC', 'Overture Maps']","[{'source': 'opec', 'lat': 13.694035, 'lon': 100.435435, 'distance_m': 131, 'label': 'OPEC', 'anchor_m': 2313}, {'source': 'overture', 'lat': 13.6942478, 'lon': 100.4366281, 'distance_m': 0, 'label': 'British Columbia International School Bangkok', 'score': 3, 'anchor_m': 2284, 'keys': ['domain', 'name'], 'confidence': 0.985, 'overture_id': '78e4b162-f994-4d0d-a192-643cfa11f8e0', 'category': 'place_of_learning'}, {'source': 'arcgis_poi', 'distance_m': 236, 'label': 'British Columbia International School', 'score': 3, 'anchor_m': 2251}, {'source': 'arcgis_poi', 'distance_m': 114, 'label': 'British Columbia International School', 'score': 3, 'anchor_m': 2327}]","{'level': 'amphoe', 'label': 'เขตภาษีเจริญ กรุงเทพมหานคร'}",consensus-v2,True,high,True,British Columbia International School Bangkok,False,2006,"['ONESQA', 'ACS WASC']"
9,1110700010,นานาชาติเวลล์ส-อ่อนนุช,WELLS INTERNATIONAL SCHOOL - ON NUT,กรุงเทพมหานคร,พระโขนง,บางจาก,2209 ถนน สุขุมวิท แขวงบางจาก เขตพระโขนง กรุงเทพมหานคร 10260,,Not Checked,,,,,,13.7271685,100.576964,ตำแหน่งเดียวกับ นานาชาติเวลล์ส — อาจเป็นวิทยาเขตของอีกแห่ง (พิกัดประมาณการ),Approximate,https://school.opec.go.th/school/1110700010,"['ประถมศึกษา', 'มัธยมศึกษาตอนต้น', 'มัธยมศึกษาตอนปลาย']",ประถมศึกษา - มัธยมศึกษาตอนปลาย,396,69,"['หลักสูตรแคลิฟอร์เนีย', 'California Department of Education']",นางสาวกนกพร ชัยนิคม,Miss Weeranuch  Jarawat,Mr. Yao - Lang  Chang,ไม่รับเงินอุดหนุน,,,,,,,,https://pedb.opec.go.th/web/SchoolPdc.htm?mode=showPicture&t=1&id=1452,,,,,2026-09-14 01:07:03,2026-09-29 18:07:04,13.7039165,100.6057442,[],"[{'source': 'opec', 'lat': 13.7039165, 'lon': 100.6057442, 'distance_m': 4044, 'label': 'OPEC', 'anchor_m': 476, 'shared': True}, {'source': 'osm', 'lat': 13.7271685, 'lon': 100.576964, 'distance_m': 0, 'label': 'Wells International School', 'score': 3, 'osm_id': 'w324275305', 'anchor_m': 3863}, {'source': 'overture', 'lat': 13.6732584, 'lon': 100.6444819, 'distance_m': 9441, 'label': 'Wells International Kindergarten', 'score': 3, 'anchor_m': 5623, 'keys': ['name'], 'confidence': 0.77, 'overture_id': '5b44ffd5-6824-4716-bd54-231239111ea1', 'category': 'preschool'}, {'source': 'overture', 'lat': 13.7272513, 'lon': 100.5767442, 'distance_m': 25, 'label': 'Wells International School', 'score': 3, 'anchor_m': 3886, 'keys': ['name'], 'confidence': 0.77, 'overture_id': '5e846bfc-2acf-43f0-af54-600c0d101264', 'category': 'education'}, {'source': 'overture', 'lat': 13.673398, 'lon': 100.6443761, 'distance_m': 9423, 'label': 'Wells International School', 'score': 3, 'anchor_m': 5605, 'keys': ['name'], 'confidence': 0.752, 'overture_id': '6d992642-6ea3-47d4-aee4-2c84fcbf3093', 'category': 'shopping'}, {'source': 'arcgis_poi', 'distance_m': 3993, 'label': 'Wells International School On Nut Campus', 'score': 3, 'anchor_m': 171}, {'source': 'arcgis_poi', 'distance_m': 25, 'label': 'Wells International School', 'score': 3, 'anchor_m': 3871}, {'source': 'arcgis_poi', 'distance_m': 9351, 'label': 'Wells International School', 'score': 3, 'anchor_m': 5524}, {'source': 'arcgis_poi', 'distance_m': 4001, 'label': 'Wells International School', 'score': 3, 'anchor_m': 200}, {'source': 'arcgis_poi', 'distance_m': 16, 'label': 'Wells International School', 'score': 3, 'anchor_m': 3877}]","{'level': 'amphoe', 'label': 'เขตพระโขนง กรุงเทพมหานคร'}",consensus-v2,False,low,True,Wells International School - On Nut,False,1999,"['ONESQA', 'ACS WASC']"
10,1110700011,นานาชาติเซนต์แอนดรูว์ส ดุสิต,St.Andrews International School Dusit,กรุงเทพมหานคร,ดุสิต,สวนจิตรลดา,253/1 ถนน สวรรคโลก แขวงสวนจิตรลดา เขตดุสิต กรุงเทพมหานคร 10300,,Not Checked,,,,,,13.7706553,100.5259466,"ยืนยันตรงกันหลายแหล่ง: ArcGIS POI, ArcGIS บ้านเลขที่, OPEC, Overture Maps (ทุกแหล่งห่างจากจุดนี้ไม่เกิน 115 ม.)",Exact,https://school.opec.go.th/school/1110700011,"['อนุบาล', 'ประถมศึกษา']",อนุบาล - ประถมศึกษา,207,17,"['หลักสูตรสหราชอาณาจักร', 'UK National Curriculum']",,,นางสาวเสาวคนธ์ ลิมอักษณ,ไม่รับเงินอุดหนุน,,,,,,,,https://pedb.opec.go.th/web/SchoolPdc.htm?mode=showPicture&t=1&id=1689,,,,,2026-09-14 01:07:03,2026-09-29 18:07:04,13.7706317,100.5259159,"['ArcGIS POI', 'ArcGIS บ้านเลขที่', 'OPEC', 'Overture Maps']","[{'source': 'opec', 'lat': 13.7706317, 'lon': 100.5259159, 'distance_m': 4, 'label': 'OPEC', 'anchor_m': 927}, {'source': 'osm', 'lat': 13.7237591, 'lon': 100.5978566, 'distance_m': 9355, 'label': 'โรงเรียนนานาชาติเซนต์แอนดรูวส์ / St. Andrews International School', 'score': 3, 'osm_id': 'w335064293', 'anchor_m': 10242}, {'source': 'osm', 'lat': 13.7172537, 'lon': 100.5874184, 'distance_m': 8908, 'label': 'โรงเรียนนานาชาติเซนต์แอนดรูว์ส / St. Andrews International School', 'score': 3, 'osm_id': 'w560431783', 'anchor_m': 9822}, {'source': 'osm', 'lat': 13.6603519, 'lon': 100.6022518, 'distance_m': 14778, 'label': 'โรงเรียนนานาชาติเซนต์แอนดรูส์ สุขุมวิท / St. Andrews International School', 'score': 3, 'osm_id': 'w748970311', 'anchor_m': 15702}, {'source': 'overture', 'lat': 13.7242709, 'lon': 100.5968049, 'distance_m': 9229, 'label': 'St Andrews International School Bangkok', 'score': 3, 'anchor_m': 10117, 'keys': ['name'], 'confidence': 1.0, 'overture_id': 'f3859eb3-460c-4d90-9d43-12ee8ed79753', 'category': 'elementary_school'}, {'source': 'overture', 'lat': 13.7706553, 'lon': 100.5259466, 'distance_m': 0, 'label': 'St. Andrews Dusit', 'score': 0, 'anchor_m': 927, 'keys': ['domain'], 'confidence': 0.999, 'overture_id': '5aa13dbc-6c75-485b-8d33-89e5116c3901', 'category': 'place_of_learning'}, {'source': 'arcgis_poi', 'distance_m': 40, 'label': 'ST. Andrews International School Dusit', 'score': 3, 'anchor_m': 898}, {'source': 'arcgis_poi', 'distance_m': 14738, 'label': 'St. Andrews International School', 'score': 3, 'anchor_m': 15662}, {'source': 'arcgis_poi', 'distance_m': 5172, 'label': 'St. Andrews International School', 'score': 3, 'anchor_m': 6014}, {'source': 'arcgis_poi', 'distance_m': 9362, 'label': 'St. Andrews International School', 'score': 3, 'anchor_m': 10249}, {'source': 'arcgis_poi', 'distance_m': 12441, 'label': 'St. Andrews International School', 'score': 3, 'anchor_m': 11694}, {'source': 'arcgis_address', 'distance_m': 115, 'label': 'PointAddress: 253/1 ถนนสวรรคโลก เขตดุสิต กรุงเทพมหานคร 10300', 'anchor_m': 844}]","{'level': 'amphoe', 'label': 'เขตดุสิต กรุงเทพมหานคร'}",consensus-v2,True,high,True,"St. Andrews International School, Dusit",False,2011,"['ONESQA', 'EDT']"
11,1110700012,นานาชาติ มอนเตสซอรี่ อะแคเดอมี่ แบงค็อก,Montessori Academy Bangkok,กรุงเทพมหานคร,บางนา,บางนา,1444 ถนน บางนา - ตราด แขวงบางนา เขตบางนา กรุงเทพมหานคร 10260,,Not Checked,,,,,,13.66659,100.6373846,"ยืนยันตรงกันหลายแหล่ง: ArcGIS POI, Overture Maps (ทุกแหล่งห่างจากจุดนี้ไม่เกิน 36 ม.)",Exact,https://school.opec.go.th/school/1110700012,"['ก่อนอนุบาล', 'อนุบาล', 'ประถมศึกษา', 'มัธยมศึกษาตอนต้น', 'มัธยมศึกษาตอนปลาย']",ก่อนอนุบาล - มัธยมศึกษาตอนปลาย,60,17,['Hershey Montessori school'],นางสาวเสาวนีย์ จิราธนันต์,นางสาววัชรี  สังวรณ์,นางสาววันทนีย์  จิราธนันต์,ไม่รับเงินอุดหนุน,,,,,,,,https://pedb.opec.go.th/web/SchoolPdc.htm?mode=showPicture&t=1&id=1725,,,,,2026-09-14 01:07:03,2026-09-29 18:07:04,13.7563309,100.50176510000006,"['ArcGIS POI', 'Overture Maps']","[{'source': 'overture', 'lat': 13.66659, 'lon': 100.6373846, 'distance_m': 0, 'label': 'Montessori Academy Bangkok International School', 'score': 2, 'anchor_m': 4974, 'keys': ['domain', 'name'], 'confidence': 0.979, 'overture_id': '5c6051b3-bbd5-443c-ae19-bef34176c3a7', 'category': 'place_of_learning'}, {'source': 'overture', 'lat': 13.7313446, 'lon': 100.5960258, 'distance_m': 8474, 'label': 'Montessori Sukhumvit 71 School', 'score': 2, 'anchor_m': 5931, 'keys': ['name'], 'confidence': 0.915, 'overture_id': 'a3990a6c-646a-4ce2-9741-0eccbdbdf6f0', 'category': 'place_of_learning'}, {'source': 'overture', 'lat': 13.7247837, 'lon': 100.5982691, 'distance_m': 7728, 'label': 'Montessori Sukhumvit 71 School', 'score': 2, 'anchor_m': 5224, 'keys': ['name'], 'confidence': 0.907, 'overture_id': '2afd9faa-6609-4ce0-83a0-2a886137f1cb', 'category': 'campus_building'}, {'source': 'overture', 'lat': 13.7459735, 'lon': 100.4703935, 'distance_m': 20084, 'label': 'Bangkok Montessori', 'score': 2, 'anchor_m': 15234, 'keys': ['name'], 'confidence': 0.762, 'overture_id': '7d7c11ec-a267-4310-aad1-87bbc7731f5f', 'category': 'place_of_learning'}, {'source': 'overture', 'lat': 13.7536043, 'lon': 100.6761697, 'distance_m': 10544, 'label': 'International Montessori Center', 'score': 2, 'anchor_m': 12305, 'keys': ['name'], 'confidence': 0.754, 'overture_id': '06ae118f-1651-4c74-8faf-e1b63d2675ae', 'category': 'campus_building'}, {'source': 'arcgis_poi', 'distance_m': 19, 'label': 'Montessori Academy Bangkok International School', 'score': 2, 'anchor_m': 4990}, {'source': 'arcgis_poi', 'distance_m': 36, 'label': 'Montessori Academy Bangkok International School', 'score': 2, 'anchor_m': 4976}]","{'level': 'amphoe', 'label': 'เขตบางนา กรุงเทพมหานคร'}",consensus-v2,True,high,True,Montessori Academy Bangkok International School,False,2010,"['ONESQA', 'ACS WASC']"
12,1110700014,นานาชาติเค็นซิงตัน,Kensington Internation School,กรุงเทพมหานคร,ตลิ่งชัน,บางพรม,88 และ 88/1 แขวงบางพรม เขตตลิ่งชัน กรุงเทพมหานคร 10170,,Not Checked,,,,,,13.7560231,100.4500212,"ยืนยันตรงกันหลายแหล่ง: ArcGIS POI, OPEC, OpenStreetMap, Overture Maps (ทุกแหล่งห่างจากจุดนี้ไม่เกิน 95 ม.) — มีจุดชื่อเดียวกันอีก 1 จุด ห่าง 4.5 กม.ขึ้นไป (วิทยาเขตอื่นหรือย้ายที่ตั้ง?)",Exact,https://school.opec.go.th/school/1110700014,"['ก่อนอนุบาล', 'อนุบาล', 'ประถมศึกษา']",ก่อนอนุบาล - ประถมศึกษา,301,18,['English National Curriculum'],นางวราภรณ์   กาญจนวัฒน์ พันธุ์วิโรจน์,นางปิยวรรณ  พัฒนวรวัฒน์,นางวราภรณ์ กสญจนวัฒน์ พันธุ์วิโรจน์,ไม่รับเงินอุดหนุน,,,,,,,,https://pedb.opec.go.th/web/SchoolPdc.htm?mode=showPicture&t=1&id=1811,,,,,2026-09-14 01:07:03,2026-09-29 18:07:04,13.7553771,100.44974960000002,"['ArcGIS POI', 'OPEC', 'OpenStreetMap', 'Overture Maps']","[{'source': 'opec', 'lat': 13.7553771, 'lon': 100.4497496, 'distance_m': 78, 'label': 'OPEC', 'anchor_m': 2503}, {'source': 'osm', 'lat': 13.7560231, 'lon': 100.4500212, 'distance_m': 0, 'label': 'Kensington International School / Kensington International School', 'score': 3, 'osm_id': 'w1463430819', 'anchor_m': 2426}, {'source': 'overture', 'lat': 13.7552107, 'lon': 100.449764, 'distance_m': 95, 'label': 'Kensington International School', 'score': 3, 'anchor_m': 2521, 'keys': ['domain', 'name'], 'confidence': 0.997, 'overture_id': '79b90fc8-174c-4c8f-8888-4ed6f18ea9eb', 'category': 'preschool'}, {'source': 'overture', 'lat': 13.7169878, 'lon': 100.4596503, 'distance_m': 4463, 'label': 'Kensington International School', 'score': 3, 'anchor_m': 6677, 'keys': ['name'], 'confidence': 0.703, 'overture_id': 'f8307daf-ca38-4363-9f73-55c0169fa441', 'category': 'place_of_learning'}, {'source': 'arcgis_poi', 'distance_m': 81, 'label': 'Kensington International Kindergarten', 'score': 3, 'anchor_m': 2507}, {'source': 'arcgis_poi', 'distance_m': 83, 'label': 'Kensington International Kindergarten', 'score': 3, 'anchor_m': 2509}]","{'level': 'amphoe', 'label': 'เขตตลิ่งชัน กรุงเทพมหานคร'}",consensus-v2,True,high,True,Kensington International School,False,2012,['NDNA']
13,1110700015,นานาชาติแองโกลสิงคโปร์ สุขุมวิท 31,Anglo Singapore International School Sukumvit 31,กรุงเทพมหานคร,วัฒนา,คลองตันเหนือ,"108/2, 108/3 ซอย สุขุมวิท 31 ถนน สุขุมวิท แขวงคลองตันเหนือ เขตวัฒนา กรุงเทพมหานคร 10110",,Not Checked,,,,,,13.7441175,100.5704085,"ยืนยันตรงกันหลายแหล่ง: ArcGIS POI, OPEC, Overture Maps (ทุกแหล่งห่างจากจุดนี้ไม่เกิน 96 ม.)",Exact,https://school.opec.go.th/school/1110700015,"['ก่อนอนุบาล', 'อนุบาล', 'ประถมศึกษา']",ก่อนอนุบาล - ประถมศึกษา,354,80,['หลักสูตรของสาธารณรัฐสิงคโปร์'],,นางนฤมล เจริญเดช,นางนฤมล เจริญเดช,ไม่รับเงินอุดหนุน,,,,,,,,https://pedb.opec.go.th/web/SchoolPdc.htm?mode=showPicture&t=1&id=1861,,,,,2026-09-14 01:07:03,2026-09-29 18:07:04,13.7449467,100.57065160000002,"['ArcGIS POI', 'OPEC', 'Overture Maps']","[{'source': 'opec', 'lat': 13.7449467, 'lon': 100.5706516, 'distance_m': 96, 'label': 'OPEC', 'anchor_m': 1685}, {'source': 'overture', 'lat': 13.7441175, 'lon': 100.5704085, 'distance_m': 0, 'label': 'Anglo Singapore International School', 'score': 0, 'anchor_m': 1698, 'keys': ['domain'], 'confidence': 0.96, 'overture_id': '38d56636-8c87-4fbe-ac00-3e47ba4b13ec', 'category': 'place_of_learning'}, {'source': 'arcgis_poi', 'distance_m': 37, 'label': 'Anglo Singapore International Sukhumvit 31 School', 'score': 3, 'anchor_m': 1724}, {'source': 'arcgis_address', 'distance_m': 739, 'label': 'PointAddress: 31 ถนนสุขุมวิท เขตวัฒนา กรุงเทพมหานคร 10110', 'anchor_m': 1980}, {'source': 'arcgis_address', 'distance_m': 1219, 'label': 'PointAddress: 3 ซอยสุขุมวิท 31 เขตวัฒนา กรุงเทพมหานคร 10110', 'anchor_m': 2362}, {'source': 'arcgis_address', 'distance_m': 1172, 'label': 'PointAddress: 3/1 ถนนสุขุมวิท เขตวัฒนา กรุงเทพมหานคร 10110', 'anchor_m': 2481}]","{'level': 'amphoe', 'label': 'เขตวัฒนา กรุงเทพมหานคร'}",consensus-v2,True,high,True,Anglo Singapore International School Sukhumvit 31,False,2003,"['ONESQA', 'ACS WASC']"
14,1110700016,อนุบาลนานาชาติคิดส์ คิงดอม,Kids Kingdom International Kindergarten School,กรุงเทพมหานคร,วัฒนา,คลองตันเหนือ,22 และ 22/1 ซอย สุขุมวิท 47 ถนน สุขุมวิท แขวงคลองตันเหนือ เขตวัฒนา กรุงเทพมหานคร 10110,https://kidskingdom.ac.th/,OPEC Profile,https://kidskingdom.ac.th/,https://www.facebook.com/KidsKingdomBangkok/,022587242,0818367114,,13.7298226,100.5745034,"ยืนยันตรงกันหลายแหล่ง: ArcGIS POI, OpenStreetMap, Overture Maps (ทุกแหล่งห่างจากจุดนี้ไม่เกิน 39 ม.)",Exact,https://school.opec.go.th/school/1110700016,['อนุบาล'],อนุบาล - อนุบาล,29,12,['International Preschool Curriculum (IPC)'],,นางภาวินี  อินกอ,นางสาวสุรัญจนี  สัจจเทพ,ไม่รับเงินอุดหนุน,"โรงเรียนอนุบาลนานาชาติคิดส์ คิงดอม ใช้หลักสูตร International Preschool Curriculum (IPC) ในการจัดการเรียนการสอนระดับก่อนประถมศึกษา สำหรับเด็กอายุ 3 ปี ถึง 6 ปี โดยมุ่งเน้นให้นักเรียนมีความรักในการเรียนรู้ผ่านการอบรมเลี้ยงดูและการส่งเสริมกระบวนการเรียนรู้ที่มีคุณภาพและเหมาะสมกับพัฒนาการทั้งด้านร่างกาย อารมณ์ สังคม และสติปัญญา โดยครูที่ผ่านการพัฒนาวิชาชีพโดยตรง มีคุณสมบัติที่เหมาะสมในการสนับสนุนการเรียนรู้ เรียนรู้ไปพร้อมกับเด็ก ส่งเสริมการพัฒนาทักษะในการดำเนินชีวิต จัดบรรยากาศภายในโรงเรียนและห้องเรียนที่มีความอบอุ่นและความเอื้ออาทร จัดสิ่งแวดล้อมที่เอื้อต่อการเรียนรู้จัดเตรียมสื่อและแหล่งเรียนรู้ที่หลากหลายโดยคำนึงถึงความปลอดภัยเป็นสำคัญ คงไว้ซึ่งการอนุรักษ์วัฒนธรรมและความเป็นไทย และพัฒนาศักยภาพของเด็กให้ปรากฏชัดเจนยิ่งขึ้น เพื่อนักเรียนเป็นผู้เรียนรู้ตลอดชีวิตที่มีความสุข และมีจิตใจที่ดี
งาม",เน้นให้นักเรียนมีพัฒนาการตามวัย ทั้งด้านร่างกายจิตใจ อารมณ์และสังคมอย่าง เต็มศักยภาพ เข้าใจธรรมชาติและสิ่งแวดล้อมรอบตัว และอยู่ในสังคมได้อย่างมี ความสุข ตลอดจนมีความรู้ ความเข้าใจในเนื้อหาทักษะตามรายวิชา และสามารถใช้ภาษาอังกฤษได้ตามเกณฑ์อย่างถูกต้อง,,,การสอนแบบเล่นปนเรียน (Playing and Learning) เน้นให้เด็กกล้าแสดงออก มีความเป็นผู้นำและผู้ตามที่ดี และสามา รถดำรงชีวิตในสังคมได้อย่างมีความสุข,เล่นและเรียนอย่างสร้างสรรค์,,https://pedb.opec.go.th/web/SchoolPdc.htm?mode=showPicture&t=1&id=1863,,https://www.instagram.com/kidskingdombangkok/,,,2026-09-14 01:07:03,2026-09-29 18:07:04,13.7373724,100.5494486,"['ArcGIS POI', 'OpenStreetMap', 'Overture Maps']","[{'source': 'opec', 'lat': 13.7373724, 'lon': 100.5494486, 'distance_m': 2834, 'label': 'OPEC', 'anchor_m': 3990, 'shared': True}, {'source': 'osm', 'lat': 13.7298226, 'lon': 100.5745034, 'distance_m': 0, 'label': 'Kids Kingdom International Kindergarten', 'score': 3, 'osm_id': 'n6375556307', 'anchor_m': 1872}, {'source': 'osm', 'lat': 13.7374855, 'lon': 100.5495786, 'distance_m': 2824, 'label': 'โรงเรียนอนุบาลนานาติคิดส์ คิงดอม / Kids Kingdom Ruamrudee International Kindergarten Schoo', 'score': 3, 'osm_id': 'w1334273339', 'anchor_m': 3975}, {'source': 'overture', 'lat': 13.7297928, 'lon': 100.5744325, 'distance_m': 8, 'label': 'Kids Kingdom International Kindergarten Sukhumvit 47', 'score': 3, 'anchor_m': 1879, 'keys': ['domain', 'name'], 'confidence': 0.99, 'overture_id': 'f02de8ba-cff5-413c-9ff5-a011c6ebca88', 'category': 'place_of_learning'}, {'source': 'overture', 'lat': 13.7243596, 'lon': 100.5712934, 'distance_m': 699, 'label': 'Kids Kingdom Sukhumvit 26 International Kindergarten', 'score': 3, 'anchor_m': 2560, 'keys': ['domain', 'name'], 'confidence': 0.763, 'overture_id': '143e4fce-640c-4ab0-b2a4-6385a92fa876', 'category': 'preschool'}, {'source': 'overture', 'lat': 13.7372949, 'lon': 100.5495454, 'distance_m': 2821, 'label': 'Kids Kingdom Ruamrudee', 'score': 0, 'anchor_m': 3981, 'keys': ['domain'], 'confidence': 0.9, 'overture_id': '1bc2c216-d658-4c63-a438-92495e64f862', 'category': 'place_of_learning'}, {'source': 'arcgis_poi', 'distance_m': 8, 'label': 'Kids Kingdom International Kindergarten', 'score': 3, 'anchor_m': 1870}, {'source': 'arcgis_poi', 'distance_m': 39, 'label': 'Kids Kingdom International Kindergarten', 'score': 3, 'anchor_m': 1847}, {'source': 'arcgis_address', 'distance_m': 39, 'label': 'PointAddress: 22/1 ซอยสุขุมวิท 47 เขตวัฒนา กรุงเทพมหานคร 10110', 'anchor_m': 1847, 'copy': True}, {'source': 'arcgis_address', 'distance_m': 1427, 'label': 'PointAddress: 4/7 ถนนสุขุมวิท เขตวัฒนา กรุงเทพมหานคร 10110', 'anchor_m': 2563}]","{'level': 'amphoe', 'label': 'เขตวัฒนา กรุงเทพมหานคร'}",consensus-v2,True,high,True,Kids Kingdom International Kindergarten,False,2012,['ONESQA']
15,1110700017,อนุบาลนานาชาติ คินเดอร์แบร์ อคาเดมี,Kinder Bear Academy International Preschool,กรุงเทพมหานคร,บึงกุ่ม,นวลจันทร์,159 ซอยนวลจันทร์ 36 ถนน นวลจันทร์ แขวงนวลจันทร์ เขตบึงกุ่ม กรุงเทพมหานคร 10230,,Not Checked,,,,,,13.8291222,100.6467527,"ยืนยันตรงกันหลายแหล่ง: ArcGIS POI, OPEC (ทุกแหล่งห่างจากจุดนี้ไม่เกิน 32 ม.)",Exact,https://school.opec.go.th/school/1110700017,"['ก่อนอนุบาล', 'อนุบาล']",ก่อนอนุบาล - อนุบาล,34,8,['Early Years Development Framework'],นางเขมณฐา ลดาวัลย์,นางนันทพร  นามแสง,นางเขมณฐา  ลดาวัลย์,ไม่รับเงินอุดหนุน,,,,,,,,https://pedb.opec.go.th/web/SchoolPdc.htm?mode=showPicture&t=1&id=1864,,,,,2026-09-14 01:07:03,2026-09-29 18:07:04,13.8291415,100.64675149999994,"['ArcGIS POI', 'OPEC']","[{'source': 'opec', 'lat': 13.8291415, 'lon': 100.6467515, 'distance_m': 2, 'label': 'OPEC', 'anchor_m': 5442}, {'source': 'overture', 'lat': 13.8291222, 'lon': 100.6467527, 'distance_m': 0, 'label': 'Kinder Bear Academy International Preschool', 'score': 4, 'anchor_m': 5440, 'copy': True, 'keys': ['domain', 'name'], 'confidence': 0.861, 'overture_id': 'e69fa1f4-149e-4432-82c7-108039eb42d5', 'category': 'preschool'}, {'source': 'arcgis_poi', 'distance_m': 32, 'label': 'Kinder Bear Academy International Pre School', 'score': 4, 'anchor_m': 5462}, {'source': 'arcgis_address', 'distance_m': 732, 'label': 'PointAddress: 36 ถนนนวลจันทร์ เขตบึงกุ่ม กรุงเทพมหานคร 10230', 'anchor_m': 5639}]","{'level': 'amphoe', 'label': 'เขตบึงกุ่ม กรุงเทพมหานคร'}",consensus-v2,True,high,,,,,
16,1110700018,อนุบาลนานาชาติคิดส์วิลเลจ,KIDZ VILLAGE INTERNATIONAL KINDERGARTEN,กรุงเทพมหานคร,ทวีวัฒนา,ศาลาธรรมสพน์,500 ซอย ศาลาธรรมสพน์ 11 ถนน ศาลาธรรมสพน์ แขวงศาลาธรรมสพน์ เขตทวีวัฒนา กรุงเทพมหานคร 10170,https://kidz-village.ac.th/,OPEC Profile,https://kidz-village.ac.th/,,028883336,0909753007,,13.7933522,100.384951,"ยืนยันตรงกันหลายแหล่ง: ArcGIS POI, OPEC, OpenStreetMap, Overture Maps (ทุกแหล่งห่างจากจุดนี้ไม่เกิน 58 ม.)",Exact,https://school.opec.go.th/school/1110700018,"['ก่อนอนุบาล', 'อนุบาล']",ก่อนอนุบาล - อนุบาล,2,10,['British Curriculum'],นางสาวนันทพร เลิศประเสริฐคง,นายมูฮัมหมัด  มะลี,นางสาวนันทพร  เลิประเสริฐคง,ไม่รับเงินอุดหนุน,"โรงเรียนอนุบาลนานาชาติKidz Village ถูกก่อตั้งในพื้นที่ที่มีสภาพแวดล้อมทางธรรมชาติที่ทางกลุ่มผู้อํานวยการและคณะครูผู้สอนเล็งเห็นว่า ธรรมชาติมีความสําคัญต่อพัฒนาการการเรียนรู้ของเด็กในทุกๆด้าน ทั้งด้านสติปัญญา อารมณ์สังคม ร่างกาย ร่วมถึงจิตวิญญาณ” (Kellert, 2005) โดยทางคณะผู้จัดตั้งได้นําสถาปัตยกรรมไทยดั้งเดิม ที่เป็นลักษณะของโครงสร้างเพดานสูงมาออกแบบให้เป็นห้องเรียน ที่มีประตูเปิดเต็มผนังเพื่อให้อากาศถ่ายเท พร้อมทั้งสภาพแวดล้อมที่อุดมสมบูรณ์ของโรงเรียน ที่ครอบคลุมด้วยต้นไม้น้อยใหญ่คลองธรรมชาติสวน และ สนามเด็กเล่นที่กว้างขวาง และ สรรพสัตว์ที่สามารถขยายการเรียนรู้ของพวกเขาในสภาพแวดล้อมที่หลากหลายโดยใช้ทักษะและความรู้ในบริบทที่หลากหลาย ตลอดระยะเวลานับตั้งแต่ก่อตั้ง",โรงเรียนอนุบาลนานาชาติคิดส์วิลเลจ มุ่งส่งเสริมเรื่องพัฒนาการทางด้านอารมณ์ ด้านร่างกาย และการเข้าร่วมสังคมของเด็กๆ เพื่อให้พวกเขากลายเป็นพลเมืองดีและอยู่ร่วมกับเพื่อน ร่วมถึงผู้ใหญ่ในสังคมได้อย่างสบายใจและให้ความเคารพต่อผู้อื่นด้วย,โรงเรียนอนุบาลนานาชาติคิดส์วิลเลจ เล็งเห็นว่า การเรียนรู้จากการมีสภาพแวดล้อมตามธรรมชาติ จะสามารถกระตุ้นเด็กๆทุกคนด้วยกิจกรรมที่ส่งเสริมความคิดสร้างสรรค์และจินตนาการของพวกเขา,Happy learning in a natural environment  Supporting children to become lifelong learners,Kidz Village มอบหลักสูตรการเรียนรู้และการสอนที่ไม่เหมือนใคร โดยนำพื้นที่การเรียนรู้กลางแจ้งขนาดใหญ่ของโรงเรียน (พื้นที่ฟาร์ม สวน ทรายและน้ำ) เข้ามาในชีวิตประจำวัน นักเรียนจะได้รับคำแนะนำให้เรียนรู้และอยู่ร่วมกันอย่างปลอดภัยในธรรมชาติ โดยคำนึงถึงการดู,Kidz village คือ community ที่ให้สมาชิก เจ้าหน้าที่ นักเรียน และผู้ปกครอง รู้สึกถึงการต้อนรับอย่างอบอุ่น และเป็นที่พอใจ Community ของเรามีเป้าหมายร่วมกันในการจัดหาหลักสูตรการเรียนรู้ตั้งแต่เริ่มต้นที่ดีที่สุดสำหรับนักเรียนของเรา,"โรงเรียนอนุบาลนานาชาติ,หลักสูตรBritishcurriculum,โรงเรียนอนุบาล,โรงเรียนนานาชาติ,เตรียมอนุบาล,อนุบาลนานาชาติ,อนุบาลพุทธมณฑลสาย2,นานาชาติแถวพุทธมณฑลสาย2,internationalschool,Kindergarten,Learningcentre,Nursery,หลักสูตรนานาชาติ",https://pedb.opec.go.th/web/SchoolPdc.htm?mode=showPicture&t=1&id=1989,,,,https://www.youtube.com/@kidzvillageinternational,2026-09-14 01:07:03,2026-09-29 18:07:04,13.7935544,100.38474910000002,"['ArcGIS POI', 'OPEC', 'OpenStreetMap', 'Overture Maps']","[{'source': 'opec', 'lat': 13.7935544, 'lon': 100.3847491, 'distance_m': 31, 'label': 'OPEC', 'anchor_m': 4077}, {'source': 'osm', 'lat': 13.7933522, 'lon': 100.384951, 'distance_m': 0, 'label': 'Kidz Village International Kindergarten / Kidz Village International Kindergarten', 'score': 4, 'osm_id': 'w1530111585', 'anchor_m': 4083}, {'source': 'overture', 'lat': 13.7938679, 'lon': 100.3849092, 'distance_m': 58, 'label': 'Kidz Village International Kindergarten', 'score': 4, 'anchor_m': 4111, 'keys': ['domain', 'name'], 'confidence': 0.964, 'overture_id': 'ca6ceeb7-42cb-48e5-a121-6fd614ea0cc3', 'category': 'place_of_learning'}, {'source': 'overture', 'lat': 13.793489, 'lon': 100.3849554, 'distance_m': 15, 'label': 'Special Class by Kidz Village', 'score': 0, 'anchor_m': 4092, 'keys': ['phone'], 'confidence': 0.873, 'overture_id': '3ce9f399-e5e0-4796-a48e-30358b2ad136', 'category': 'education'}, {'source': 'arcgis_poi', 'distance_m': 37, 'label': 'Kidz Village International Kindergarten', 'score': 4, 'anchor_m': 4090}]","{'level': 'amphoe', 'label': 'เขตทวีวัฒนา กรุงเทพมหานคร'}",consensus-v2,True,high,True,Kidz Village International Kindergarten,False,2012,[]
17,1110700019,นานาชาตินีวาอเมริกัน,NIVA AMERICAN INTERNATIONAL SCHOOL,กรุงเทพมหานคร,บางกะปิ,คลองจั่น,2537 ลาดพร้าว 101 ถนน ลาดพร้าว แขวงคลองจั่น เขตบางกะปิ กรุงเทพมหานคร 10240,,Not Checked,,,,,,13.8027194,100.6297706,"ยืนยันตรงกันหลายแหล่ง: OPEC, OpenStreetMap, Overture Maps (ทุกแหล่งห่างจากจุดนี้ไม่เกิน 383 ม.)",Exact,https://school.opec.go.th/school/1110700019,"['อนุบาล', 'ประถมศึกษา', 'มัธยมศึกษาตอนต้น', 'มัธยมศึกษาตอนปลาย']",อนุบาล - มัธยมศึกษาตอนปลาย,363,27,"['หลักสูตรของประเทศสหรัฐอเมริกา จากมลรัฐมิสซิสซิปปี้', 'หลักสูตรของประเทศสหรัฐอเมริกา จากมลรัฐมิสซิสซิปปี']",,นางจิราวรรณ  จันทร์ปรียากุล,นายนาธานนนท์  ไชยสุริยันธารณ์,ไม่รับเงินอุดหนุน,,,,,,,,https://pedb.opec.go.th/web/SchoolPdc.htm?mode=showPicture&t=1&id=2008,,,,,2026-09-14 01:07:03,2026-09-29 18:07:04,13.802777,100.6294438,"['OPEC', 'OpenStreetMap', 'Overture Maps']","[{'source': 'opec', 'lat': 13.802777, 'lon': 100.6294438, 'distance_m': 36, 'label': 'OPEC', 'anchor_m': 4579}, {'source': 'osm', 'lat': 13.8027194, 'lon': 100.6297706, 'distance_m': 0, 'label': 'โรงเรียนนานาชาตินีวาอเมริกัน / Niva International School', 'score': 3, 'osm_id': 'w1378242546', 'anchor_m': 4558}, {'source': 'overture', 'lat': 13.8037832, 'lon': 100.6354094, 'distance_m': 620, 'label': 'NIVA American International School Bangkok', 'score': 3, 'anchor_m': 4448, 'keys': ['domain', 'name'], 'confidence': 0.922, 'overture_id': 'aa00e1ef-3bf0-4173-b06f-d9d56aa66f0b', 'category': 'place_of_learning'}, {'source': 'overture', 'lat': 13.8027297, 'lon': 100.6297814, 'distance_m': 2, 'label': 'Niva American International School', 'score': 3, 'anchor_m': 4558, 'copy': True, 'keys': ['name'], 'confidence': 0.988, 'overture_id': 'b688ba58-fc2a-4d35-a43a-e896eb2d94b2', 'category': 'place_of_learning'}, {'source': 'overture', 'lat': 13.803033, 'lon': 100.633307, 'distance_m': 383, 'label': 'Niva International School', 'score': 3, 'anchor_m': 4442, 'keys': ['name'], 'confidence': 0.839, 'overture_id': '9824d4fb-7950-43b9-999c-b8cd87f1559e', 'category': 'place_of_learning'}]","{'level': 'amphoe', 'label': 'เขตบางกะปิ กรุงเทพมหานคร'}",consensus-v2,True,high,True,Niva American International School,False,1991,['ACS WASC']
18,1110700020,นานาชาติแอ๊ดเวนต์รามคำแหง,RAMKHUMHAENG ADVENT INTERNATIONAL SCHOOL,กรุงเทพมหานคร,บางกะปิ,หัวหมาก,1 ซอย รามคำแหง 119 ถนน รามคำแหง แขวงหัวหมาก เขตบางกะปิ กรุงเทพมหานคร 10240,https://www.rais.ac.th,OPEC Profile,https://www.rais.ac.th,https://www.facebook.com/rais1999,023700316,0877165777,,13.7682533,100.6583117,"ยืนยันตรงกันหลายแหล่ง: OPEC, Overture Maps (ทุกแหล่งห่างจากจุดนี้ไม่เกิน 185 ม.)",Exact,https://school.opec.go.th/school/1110700020,"['อนุบาล', 'ประถมศึกษา', 'มัธยมศึกษาตอนต้น', 'มัธยมศึกษาตอนปลาย']",อนุบาล - มัธยมศึกษาตอนปลาย,945,53,"['หลักสูตรดัดแปลงจากประเทศสหรัฐอเมริกา', 'Common Core States Standards and New Generation Science Standrads', 'North American Division Curriculum']",นางสาวเพียงพิศ โพธิจันทร์,นางนุจรินทร์  ศรีกุเรชา,นางสาวทิพยาภรณ์  มาเสริฐศรี,ไม่รับเงินอุดหนุน,,,,,,,,https://pedb.opec.go.th/web/SchoolPdc.htm?mode=showPicture&t=1&id=2009,@rais,https://www.instagram.com/rais_official/?hl=en,https://www.tiktok.com/@rais.school,https://www.youtube.com/@rais.school,2026-09-14 01:07:03,2026-09-29 18:07:04,13.7684494,100.65838689999998,"['OPEC', 'Overture Maps']","[{'source': 'opec', 'lat': 13.7684494, 'lon': 100.6583869, 'distance_m': 23, 'label': 'OPEC', 'anchor_m': 1200}, {'source': 'overture', 'lat': 13.7682533, 'lon': 100.6583117, 'distance_m': 0, 'label': 'Ramkhamhaeng Advent International School', 'score': 0, 'anchor_m': 1186, 'keys': ['domain', 'phone'], 'confidence': 0.974, 'overture_id': 'c0a03bce-52be-4096-964a-4a415215a615', 'category': 'high_school'}, {'source': 'overture', 'lat': 13.7697119, 'lon': 100.6574927, 'distance_m': 185, 'label': 'Sabai Sabai Adventist Church', 'score': 0, 'anchor_m': 1155, 'keys': ['domain'], 'confidence': 0.789, 'overture_id': '53a87a9b-1d94-4641-a7c6-5a5a0fc904eb', 'category': 'christian_place_of_worship'}, {'source': 'arcgis_address', 'distance_m': 6254, 'label': 'PointAddress: 119 ถนนรามคำแหง เขตมีนบุรี กรุงเทพมหานคร 10510', 'anchor_m': 7403}]","{'level': 'amphoe', 'label': 'เขตบางกะปิ กรุงเทพมหานคร'}",consensus-v2,True,high,True,Ramkhamhaeng Advent International School,True,1999,"['ONESQA', 'ACS WASC', 'ISO']"
19,1110700021,นานาชาติเทร็ลล์,TRAILL INTERNATIONAL SCHOOL,กรุงเทพมหานคร,บางกะปิ,หัวหมาก,36 ซอยรามคำแหง 18 ถนน รามคำแหง แขวงหัวหมาก เขตบางกะปิ กรุงเทพมหานคร 10240,,Not Checked,,,,,,13.7512856,100.614266,"ยืนยันตรงกันหลายแหล่ง: ArcGIS POI, Overture Maps (ทุกแหล่งห่างจากจุดนี้ไม่เกิน 75 ม.)",Exact,https://school.opec.go.th/school/1110700021,"['อนุบาล', 'ประถมศึกษา', 'มัธยมศึกษาตอนต้น', 'มัธยมศึกษาตอนปลาย']",อนุบาล - มัธยมศึกษาตอนปลาย,417,49,"['หลักสูตร High School Diploma ดัดแปลงจากหลักสูตรสหราชอาณาจักร', 'หลักสูตรของประเทศสหราชอาณาจักร', 'หลักสูตรวิชา ภาษาไทย วัฒนธรรมไทยและประวัติศาสตร์ไทย', 'High School Diploma / อังกฤษ (สหราชอาณาจักร)']",นางสาวนฤมล เกษมราธิกุล,นางสุวารี  วัตยา,นายเฉลิม  เทร็ลล์,ไม่รับเงินอุดหนุน,,,,,,,,https://pedb.opec.go.th/web/SchoolPdc.htm?mode=showPicture&t=1&id=2010,,,,,2026-09-14 01:07:03,2026-09-29 18:07:04,13.7444611,100.57192150000003,"['ArcGIS POI', 'Overture Maps']","[{'source': 'opec', 'lat': 13.7444611, 'lon': 100.5719215, 'distance_m': 4636, 'label': 'OPEC', 'anchor_m': 8513, 'shared': True}, {'source': 'overture', 'lat': 13.7512856, 'lon': 100.614266, 'distance_m': 0, 'label': 'Traill International School', 'score': 3, 'anchor_m': 3944, 'keys': ['name'], 'confidence': 0.981, 'overture_id': '5068b5cc-e01e-49da-a5b3-60a1044f3133', 'category': 'high_school'}, {'source': 'arcgis_poi', 'distance_m': 75, 'label': 'Traill International School', 'score': 3, 'anchor_m': 3882}, {'source': 'arcgis_address', 'distance_m': 3546, 'label': 'PointAddress: 18 ถนนรามคำแหง เขตบางกะปิ กรุงเทพมหานคร 10240', 'anchor_m': 474}, {'source': 'arcgis_address', 'distance_m': 10638, 'label': 'PointAddress: 18 ถนนรามคำแหง เขตสะพานสูง กรุงเทพมหานคร 10240', 'anchor_m': 6704}, {'source': 'arcgis_address', 'distance_m': 10638, 'label': 'PointAddress: 18 ถนนรามคำแหง เขตสะพานสูง กรุงเทพมหานคร 10240', 'anchor_m': 6703}]","{'level': 'amphoe', 'label': 'เขตบางกะปิ กรุงเทพมหานคร'}",consensus-v2,True,high,True,Traill International School,False,1966,"['ONESQA', 'EDT']"
20,1110700022,อาร์ ซี อินเตอร์เนชั่นแนล สคูล,RC INTERNATIONAL SCHOOL,กรุงเทพมหานคร,ปทุมวัน,ลุมพินี,25/3-4 ซอยร่วมฤดี 1 ถนน เพลินจิต แขวงลุมพินี เขตปทุมวัน กรุงเทพมหานคร 10330,,Not Checked,,,,,,13.7393693,100.5504282,"ยืนยันตรงกันหลายแหล่ง: ArcGIS บ้านเลขที่, OPEC (ทุกแหล่งห่างจากจุดนี้ไม่เกิน 296 ม.)",Exact,https://school.opec.go.th/school/1110700022,"['อนุบาล', 'ประถมศึกษา']",อนุบาล - ประถมศึกษา,132,24,"['Cambridge International Curriculum', 'สหราชอาณาจักร หลักสูตร IB']",นางจุฑามาศ  ภัทรมาลัย,นายกิตติเทพ  พงษ์ชัยโชค,นางธัญทิพย์  อภิชัยโชติรัตน์,ไม่รับเงินอุดหนุน,,,,,,,,https://pedb.opec.go.th/web/SchoolPdc.htm?mode=showPicture&t=1&id=2011,,,,,2026-09-14 01:07:03,2026-09-29 18:07:04,13.7393448,100.55042520000006,"['ArcGIS บ้านเลขที่', 'OPEC']","[{'source': 'opec', 'lat': 13.7393448, 'lon': 100.5504252, 'distance_m': 3, 'label': 'OPEC', 'anchor_m': 2925}, {'source': 'overture', 'lat': 13.7393693, 'lon': 100.5504282, 'distance_m': 0, 'label': 'RC International School', 'score': 0, 'anchor_m': 2926, 'copy': True, 'keys': ['domain'], 'confidence': 0.98, 'overture_id': '96c24a25-7db1-4140-8a27-a19578606386', 'category': 'place_of_learning'}, {'source': 'arcgis_address', 'distance_m': 10, 'label': 'PointAddress: 25/3-4 ซอยร่วมฤดี 1 เขตปทุมวัน กรุงเทพมหานคร 10330', 'anchor_m': 2923}, {'source': 'arcgis_address', 'distance_m': 296, 'label': 'PointAddress: 3 ซอยร่วมฤดี เขตปทุมวัน กรุงเทพมหานคร 10330', 'anchor_m': 2922}]","{'level': 'amphoe', 'label': 'เขตปทุมวัน กรุงเทพมหานคร'}",consensus-v2,True,high,True,RC International School,False,1998,[]
21,1110700023,อนุบาลนานาชาติมัลเบอรี่เฮ้าส์,MULBERRYHOUSE INTERNATIONAL PRE-SCHOOL,กรุงเทพมหานคร,ปทุมวัน,ลุมพินี,7 ซอย ซอยต้นสน ถนน เพลินจิต แขวงลุมพินี เขตปทุมวัน กรุงเทพมหานคร 10330,,Not Checked,,,,,,13.7425783,100.5454468,"ยืนยันตรงกันหลายแหล่ง: ArcGIS POI, ArcGIS บ้านเลขที่, OPEC, Overture Maps (ทุกแหล่งห่างจากจุดนี้ไม่เกิน 15 ม.)",Exact,https://school.opec.go.th/school/1110700023,['อนุบาล'],อนุบาล - อนุบาล,8,5,['Early Years Foundation Stage (EYFS)'],,,,ไม่รับเงินอุดหนุน,,,,,,,,https://pedb.opec.go.th/web/SchoolPdc.htm?mode=showPicture&t=1&id=2012,,,,,2026-09-14 01:07:03,2026-09-29 18:07:04,13.7425493,100.54555929999992,"['ArcGIS POI', 'ArcGIS บ้านเลขที่', 'OPEC', 'Overture Maps']","[{'source': 'opec', 'lat': 13.7425493, 'lon': 100.5455593, 'distance_m': 13, 'label': 'OPEC', 'anchor_m': 2474}, {'source': 'overture', 'lat': 13.7425783, 'lon': 100.5454468, 'distance_m': 0, 'label': 'Mulberry House International Preschool', 'score': 0, 'anchor_m': 2463, 'keys': ['domain'], 'confidence': 0.998, 'overture_id': 'a37f4ffd-1a3b-4259-87fd-2999a870f44a', 'category': 'preschool'}, {'source': 'arcgis_poi', 'distance_m': 15, 'label': 'โรงเรียนอนุบาล นานาชาติมัลเบอรี่เฮ้าส์', 'score': 3, 'anchor_m': 2478}, {'source': 'arcgis_address', 'distance_m': 8, 'label': 'PointAddress: 7 ซอยต้นสน เขตปทุมวัน กรุงเทพมหานคร 10330', 'anchor_m': 2463}]","{'level': 'amphoe', 'label': 'เขตปทุมวัน กรุงเทพมหานคร'}",consensus-v2,True,high,True,Mulberryhouse International Pre-School,False,2003,['ONESQA']
22,1110700024,ร่วมฤดีวิเทศศึกษา,RUAMRUDEE INTERNATIONAL SCHOOL,กรุงเทพมหานคร,มีนบุรี,มีนบุรี,6 ซอย รามคำแหง 184 ถนน รามคำแหง แขวงมีนบุรี เขตมีนบุรี กรุงเทพมหานคร 10510,,Not Checked,,,,,,13.782101,100.7283724,ตำแหน่งเดียวกับ นานาชาติ ร่วมฤดีวิเทศศึกษา เออร์ลี่ เยียรส์ แคมปัส — อาจเป็นวิทยาเขตของอีกแห่ง (พิกัดประมาณการ),Approximate,https://school.opec.go.th/school/1110700024,"['ก่อนอนุบาล', 'อนุบาล', 'ประถมศึกษา', 'มัธยมศึกษาตอนต้น', 'มัธยมศึกษาตอนปลาย']",ก่อนอนุบาล - มัธยมศึกษาตอนปลาย,1108,152,"['หลักสูตร AP', 'หลักสูตร IB Diploma', 'หลักสูตร International Baccalaureate (IB)', 'หลักสูตรภาษาเยอรมัน', 'หลักสูตรสหรัฐอเมริกัน', 'American Education Reaches Out (AERO)']",นายธนู  กระทอง,นายจิตตพล ปลั่งกลาง,นายปิยะพงศ์  ศิริวิริยานันท์,ไม่รับเงินอุดหนุน,,,,,,,,https://pedb.opec.go.th/web/SchoolPdc.htm?mode=showPicture&t=1&id=2013,,,,,2026-09-14 01:07:03,2026-09-29 18:07:04,13.7388327,100.54866719999995,[],"[{'source': 'opec', 'lat': 13.7388327, 'lon': 100.5486672, 'distance_m': 19996, 'label': 'OPEC', 'anchor_m': 21389}, {'source': 'osm', 'lat': 13.7839125, 'lon': 100.7274509, 'distance_m': 225, 'label': 'โรงเรียนร่วมฤดีวิเทศศึกษา แผนกสวิส / RIS Swiss Section - Deutschsprachige Schule Bangkok', 'score': 3, 'osm_id': 'n6705043749', 'anchor_m': 3323}, {'source': 'osm', 'lat': 13.782101, 'lon': 100.7283724, 'distance_m': 0, 'label': 'โรงเรียนนานาชาติร่วมฤดี / Ruamrudee International School', 'score': 3, 'osm_id': 'w318472179', 'anchor_m': 3513}, {'source': 'osm', 'lat': 13.8405469, 'lon': 100.4557668, 'distance_m': 30145, 'label': 'Ruamrudee International School Ratchapruek Campus / Ruamrudee International School Ratchap', 'score': 3, 'osm_id': 'w684786905', 'anchor_m': 29886}, {'source': 'osm', 'lat': 13.8779071, 'lon': 100.6905023, 'distance_m': 11411, 'label': 'Ruamrudee International School Early Years Campus', 'score': 3, 'osm_id': 'w1387773038', 'anchor_m': 8393}, {'source': 'overture', 'lat': 13.8780346, 'lon': 100.6907453, 'distance_m': 11415, 'label': 'Ruamrudee International School Early Years Campus', 'score': 3, 'anchor_m': 8391, 'keys': ['name'], 'confidence': 0.966, 'overture_id': 'bbbc4913-c139-445a-a3ae-cd1bbe5998df', 'category': 'preschool'}, {'source': 'overture', 'lat': 13.8815252, 'lon': 100.4929182, 'distance_m': 27722, 'label': 'Ruamrudee International School Ratchapruek Campus', 'score': 3, 'anchor_m': 26808, 'keys': ['name'], 'confidence': 0.95, 'overture_id': '8b00f0fd-dafe-41d6-b108-8bb02f8432ac', 'category': 'place_of_learning'}, {'source': 'overture', 'lat': 13.8393989, 'lon': 100.4554357, 'distance_m': 30153, 'label': 'Ruamrudee International School Ratchapruek', 'score': 3, 'anchor_m': 29909, 'keys': ['name'], 'confidence': 0.936, 'overture_id': '39a2ccc4-990a-46b4-805c-f83ab11ef315', 'category': 'place_of_learning'}, {'source': 'overture', 'lat': 13.8151497, 'lon': 100.7413295, 'distance_m': 3932, 'label': 'โรงเรียนนานาชาติร่วมฤดีวิเทศศึกษา แผนกสวิส', 'score': 3, 'anchor_m': 1112, 'keys': ['name'], 'confidence': 0.614, 'overture_id': '317b09cd-971a-4a92-b52a-e69f7eb51832', 'category': 'elementary_school'}, {'source': 'overture', 'lat': 13.7836413, 'lon': 100.7289133, 'distance_m': 181, 'label': 'RIS Ruamrudee International School', 'score': 0, 'anchor_m': 3337, 'keys': ['domain'], 'confidence': 0.995, 'overture_id': '318c8656-97db-4c90-a63b-1eef178b0363', 'category': 'elementary_school'}, {'source': 'arcgis_poi', 'distance_m': 154, 'label': 'Ruamrudee International School', 'score': 3, 'anchor_m': 3359}, {'source': 'arcgis_poi', 'distance_m': 125, 'label': 'Ruamrudee International School', 'score': 3, 'anchor_m': 3388}]","{'level': 'amphoe', 'label': 'เขตมีนบุรี กรุงเทพมหานคร'}",consensus-v2,False,low,True,Ruamrudee International School,True,1957,"['ONESQA', 'ACS WASC']"
23,1110700025,ประถมนานาชาติบรอมส์โกรฟ,BROMSGROVE INTERNATIONAL PRIMARY SCHOOL,กรุงเทพมหานคร,มีนบุรี,มีนบุรี,344  รามคำแหง 164 ถนน สุขาภิบาล 3 แขวงมีนบุรี เขตมีนบุรี กรุงเทพมหานคร 10510,,Not Checked,,,,,,13.818844,100.7967501,"ยืนยันตรงกันหลายแหล่ง: OPEC, Overture Maps (ทุกแหล่งห่างจากจุดนี้ไม่เกิน 63 ม.)",Exact,https://school.opec.go.th/school/1110700025,"['อนุบาล', 'ประถมศึกษา']",อนุบาล - ประถมศึกษา,72,7,['Early Years Foundation Stage (EYFS) children aged 2-5 years and English National Curriculum (ENC) fo'],นางสาววิชชุพร สืบสุข,,นางสาวดวงรัตน์   อุฬารกุล,ไม่รับเงินอุดหนุน,,,,,,,,https://pedb.opec.go.th/web/SchoolPdc.htm?mode=showPicture&t=1&id=2015,,,,,2026-09-14 01:07:03,2026-09-29 18:07:04,13.8187801,100.7973283,"['OPEC', 'Overture Maps']","[{'source': 'opec', 'lat': 13.8187801, 'lon': 100.7973283, 'distance_m': 63, 'label': 'OPEC', 'anchor_m': 7168}, {'source': 'overture', 'lat': 13.7953932, 'lon': 100.7095007, 'distance_m': 9776, 'label': 'Bromsgrove International School Early Years Campus', 'score': 3, 'anchor_m': 3092, 'keys': ['domain', 'name'], 'confidence': 0.932, 'overture_id': '48f32335-25a4-461a-8d37-617e8512a2c9', 'category': 'high_school'}, {'source': 'overture', 'lat': 13.818844, 'lon': 100.7967501, 'distance_m': 0, 'label': 'Bromsgrove International School Thailand', 'score': 3, 'anchor_m': 7106, 'keys': ['domain', 'name'], 'confidence': 0.77, 'overture_id': 'bab1a1c5-0481-4544-b3a1-5c471e895ec8', 'category': 'high_school'}, {'source': 'overture', 'lat': 13.8190942, 'lon': 100.7972082, 'distance_m': 57, 'label': 'โรงเรียนนานาชาติบรอมส์โกรฟ', 'score': 3, 'anchor_m': 7158, 'keys': ['name'], 'confidence': 0.709, 'overture_id': '24ecd1aa-bd30-412a-9610-c365e3a71d25', 'category': 'place_of_learning'}, {'source': 'overture', 'lat': 13.8117949, 'lon': 100.7924053, 'distance_m': 913, 'label': 'BIST Boarding', 'score': 0, 'anchor_m': 6616, 'keys': ['domain'], 'confidence': 0.65, 'overture_id': '058e9f71-79fb-4fe0-9f2d-4f0a3d0c1152', 'category': 'campus_building'}, {'source': 'arcgis_poi', 'distance_m': 62, 'label': 'Bromsgrove International School', 'score': 3, 'anchor_m': 7167, 'copy': True}, {'source': 'arcgis_poi', 'distance_m': 1478, 'label': 'Bromsgrove International School', 'score': 3, 'anchor_m': 8567}]","{'level': 'amphoe', 'label': 'เขตมีนบุรี กรุงเทพมหานคร'}",consensus-v2,True,high,,,,,
24,1110700026,นานาชาติฮาร์โรว์ กรุงเทพฯ,HARROW INTERNATIONAL SCHOOL,กรุงเทพมหานคร,ดอนเมือง,ดอนเมือง,45 ซอย ซอยโกสุมร่วมใจ 14 ถนน โกสุมร่วมใจ แขวงดอนเมือง เขตดอนเมือง กรุงเทพมหานคร 10210,,Not Checked,,,,,,13.9061421,100.5835734,"ยืนยันตรงกันหลายแหล่ง: ArcGIS POI, OPEC, OpenStreetMap, Overture Maps (ทุกแหล่งห่างจากจุดนี้ไม่เกิน 102 ม.) — มีจุดชื่อเดียวกันอีก 1 จุด ห่าง 1.2 กม.ขึ้นไป (วิทยาเขตอื่นหรือย้ายที่ตั้ง?)",Exact,https://school.opec.go.th/school/1110700026,"['ก่อนอนุบาล', 'อนุบาล', 'ประถมศึกษา', 'มัธยมศึกษาตอนต้น', 'มัธยมศึกษาตอนปลาย']",ก่อนอนุบาล - มัธยมศึกษาตอนปลาย,1646,284,"['หลักสูตร Early Years Foundation Stage ของสหราชอาณาจักร', 'The Early Years Foundation Stage (EYFS)', 'หลักสูตรแห่งชาติของสหราชอาณาจักรและเวลส์']",,นางสาวขนิษฐา พระวิเชนทร์,นางสาวขนิษฐา  พระวิเชนทร์,ไม่รับเงินอุดหนุน,,,,,,,,https://pedb.opec.go.th/web/SchoolPdc.htm?mode=showPicture&t=1&id=2016,,,,,2026-09-14 01:07:03,2026-09-29 18:07:04,13.9062072,100.58388360000004,"['ArcGIS POI', 'OPEC', 'OpenStreetMap', 'Overture Maps']","[{'source': 'opec', 'lat': 13.9062072, 'lon': 100.5838836, 'distance_m': 34, 'label': 'OPEC', 'anchor_m': 1286}, {'source': 'osm', 'lat': 13.9061421, 'lon': 100.5835734, 'distance_m': 0, 'label': 'โรงเรียนนานาชาติ ฮาร์โรว์ / Harrow International School', 'score': 3, 'osm_id': 'w194876300', 'anchor_m': 1320}, {'source': 'overture', 'lat': 13.905768, 'lon': 100.5838438, 'distance_m': 51, 'label': 'Harrow International School Bangkok', 'score': 3, 'anchor_m': 1309, 'keys': ['domain', 'name'], 'confidence': 0.986, 'overture_id': '6320e1e9-577e-4147-a22c-7ca0b3d768f6', 'category': 'place_of_learning'}, {'source': 'overture', 'lat': 13.91438, 'lon': 100.57587, 'distance_m': 1237, 'label': 'Harrow International School Bangkok', 'score': 3, 'anchor_m': 2103, 'keys': ['domain', 'name'], 'confidence': 0.957, 'overture_id': 'b93d3db1-ac44-4949-83f0-92b9ec420710', 'category': 'place_of_learning'}, {'source': 'arcgis_poi', 'distance_m': 101, 'label': 'Harrow International School', 'score': 3, 'anchor_m': 1417}, {'source': 'arcgis_poi', 'distance_m': 102, 'label': 'Harrow International School', 'score': 3, 'anchor_m': 1414}, {'source': 'website', 'lat': 13.9349, 'lon': 100.5866, 'distance_m': 3214, 'label': 'https://www.harrowschool.ac.th', 'pin': 'place', 'origin': 'school', 'anchor_m': 2858}]","{'level': 'amphoe', 'label': 'เขตดอนเมือง กรุงเทพมหานคร'}",consensus-v2,True,high,True,Harrow International School Bangkok,True,1998,['EDT']
25,1110700027,นานาชาติการ์เด้น กรุงเทพฯ,"GARDEN INTERNATIONAL SCHOOL, BANGKOK",กรุงเทพมหานคร,ยานนาวา,ช่องนนทรี,2/1-2/2 ซอย เย็นอากาศ 2 แขวงช่องนนทรี เขตยานนาวา กรุงเทพมหานคร 10120,,Not Checked,,,,,,13.7150317,100.545867,"ยืนยันตรงกันหลายแหล่ง: ArcGIS POI, ArcGIS บ้านเลขที่, OPEC, OpenStreetMap, Overture Maps (ทุกแหล่งห่างจากจุดนี้ไม่เกิน 253 ม.)",Exact,https://school.opec.go.th/school/1110700027,"['อนุบาล', 'ประถมศึกษา', 'มัธยมศึกษาตอนต้น', 'มัธยมศึกษาตอนปลาย']",อนุบาล - มัธยมศึกษาตอนปลาย,431,59,['Curriculum in England'],,นางสาวพุทธสุข ภูอ่อนศรี,นางสาวจุฑารัตน์ ดอกจันกลาง,ไม่รับเงินอุดหนุน,,,,,,,,https://pedb.opec.go.th/web/SchoolPdc.htm?mode=showPicture&t=1&id=2017,,,,,2026-09-14 01:07:07,2026-09-29 18:07:04,13.7146279,100.54620239999997,"['ArcGIS POI', 'ArcGIS บ้านเลขที่', 'OPEC', 'OpenStreetMap', 'Overture Maps']","[{'source': 'opec', 'lat': 13.7146279, 'lon': 100.5462024, 'distance_m': 58, 'label': 'OPEC', 'anchor_m': 2088}, {'source': 'osm', 'lat': 13.7150317, 'lon': 100.545867, 'distance_m': 0, 'label': 'โรงเรียนนานาชาติการ์เด้น / Garden International School Bangkok', 'score': 3, 'osm_id': 'w1227985470', 'anchor_m': 2125}, {'source': 'overture', 'lat': 13.7150765, 'lon': 100.5460124, 'distance_m': 16, 'label': 'Garden International School', 'score': 3, 'anchor_m': 2133, 'keys': ['domain', 'name'], 'confidence': 0.96, 'overture_id': '5f050bbc-ad26-429d-bf55-9cbc3548f150', 'category': 'place_of_learning'}, {'source': 'arcgis_poi', 'distance_m': 62, 'label': 'Garden International School', 'score': 3, 'anchor_m': 2087}, {'source': 'arcgis_poi', 'distance_m': 25, 'label': 'Garden International School', 'score': 3, 'anchor_m': 2149}, {'source': 'arcgis_address', 'distance_m': 253, 'label': 'PointAddress: 2 ซอยเย็นอากาศ 2 เขตยานนาวา กรุงเทพมหานคร 10120', 'anchor_m': 2035}, {'source': 'arcgis_address', 'distance_m': 79, 'label': 'PointAddress: 2/2 ถนนเย็นอากาศ เขตยานนาวา กรุงเทพมหานคร 10120', 'anchor_m': 2056}]","{'level': 'amphoe', 'label': 'เขตยานนาวา กรุงเทพมหานคร'}",consensus-v2,True,high,True,Garden International School Bangkok,False,,"['ONESQA', 'EDT']"
26,1110700028,อาร์บิสนานาชาติ,RBIS INTERNATIONAL SCHOOL,กรุงเทพมหานคร,พญาไท,สามเสนใน,48/2 ซอยราชวิถี 2 ถนน ราชวิถี แขวงสามเสนใน เขตพญาไท กรุงเทพมหานคร 10400,,Not Checked,,,,,,13.765981,100.5448776,"ยืนยันตรงกันหลายแหล่ง: ArcGIS บ้านเลขที่, OPEC, Overture Maps (ทุกแหล่งห่างจากจุดนี้ไม่เกิน 53 ม.)",Exact,https://school.opec.go.th/school/1110700028,"['อนุบาล', 'ประถมศึกษา', 'มัธยมศึกษาตอนต้น', 'มัธยมศึกษาตอนปลาย']",อนุบาล - มัธยมศึกษาตอนปลาย,90,6,"['หลักสูตรเวลส์', 'หลักสูตรสหราชอาณาจักร', 'International General Certificate of Secondary Education (IGCSE)(KS4)']",นางรัศมี  กลีบบัว,,นางสาวอาวีนันท์  กลีบบัว,ไม่รับเงินอุดหนุน,,,,,,,,https://pedb.opec.go.th/web/SchoolPdc.htm?mode=showPicture&t=1&id=2018,,,,,2026-09-14 01:07:08,2026-09-29 18:07:04,13.766279,100.54513099999997,"['ArcGIS บ้านเลขที่', 'OPEC', 'Overture Maps']","[{'source': 'opec', 'lat': 13.766279, 'lon': 100.545131, 'distance_m': 43, 'label': 'OPEC', 'anchor_m': 1516}, {'source': 'overture', 'lat': 13.765981, 'lon': 100.5448776, 'distance_m': 0, 'label': 'RBIS International School Bangkok', 'score': 3, 'anchor_m': 1544, 'keys': ['domain', 'name'], 'confidence': 0.998, 'overture_id': '8139f39f-e1d0-4ae1-82f0-c880dac15c18', 'category': 'place_of_learning'}, {'source': 'overture', 'lat': 13.7663878, 'lon': 100.5451292, 'distance_m': 53, 'label': 'RBIS Rasami British International School', 'score': 0, 'anchor_m': 1504, 'keys': ['domain'], 'confidence': 0.816, 'overture_id': 'ae4358b1-46da-4488-b938-4072312b1597', 'category': 'middle_school'}, {'source': 'arcgis_address', 'distance_m': 40, 'label': 'PointAddress: 48/2 ซอยราชวิถี 2 เขตพญาไท กรุงเทพมหานคร 10400', 'anchor_m': 1525}, {'source': 'arcgis_address', 'distance_m': 1054, 'label': 'PointAddress: 2 ถนนราชวิถี เขตราชเทวี กรุงเทพมหานคร 10400', 'anchor_m': 1853}]","{'level': 'amphoe', 'label': 'เขตพญาไท กรุงเทพมหานคร'}",consensus-v2,True,high,True,RBIS International School,False,,['EDT']
27,1110700029,อนุบาลนานาชาติบลูมมิ่ง บัดส์,BLOOMING BUDS INTERNATIONAL KINDERGARTEN,กรุงเทพมหานคร,บางกอกใหญ่,วัดท่าพระ,194/5  ซอยวัดใหม่พิเรนทร์ ซอย ซอยวัดใหม่พิเรนทร์ ถนน จรัญสนิทวงศ์ 12 แขวงวัดท่าพระ เขตบางกอกใหญ่ กรุงเทพมหานคร 10600,,Not Checked,,,,,,13.7419624,100.4722268,"ยืนยันตรงกันหลายแหล่ง: ArcGIS POI, OPEC, OpenStreetMap, Overture Maps (ทุกแหล่งห่างจากจุดนี้ไม่เกิน 229 ม.) — มีจุดชื่อเดียวกันอีก 1 จุด ห่าง 5.4 กม.ขึ้นไป (วิทยาเขตอื่นหรือย้ายที่ตั้ง?)",Exact,https://school.opec.go.th/school/1110700029,['อนุบาล'],อนุบาล - อนุบาล,52,8,['หลักสูตรจากโรงเรียนซิลเวอร์ไลน์ ประเทศสาธารณรัฐอินเดีย'],นางสาวหทัยภัทร คำน้ำแดง,นางสาวทัศนี  เกิดเนียม,นางสาวทัศนี  เกิดเนียม,ไม่รับเงินอุดหนุน,,,,,,,,https://pedb.opec.go.th/web/SchoolPdc.htm?mode=showPicture&t=1&id=2019,,,,,2026-09-14 01:07:08,2026-09-29 18:07:04,13.7421116,100.47263040000007,"['ArcGIS POI', 'OPEC', 'OpenStreetMap', 'Overture Maps']","[{'source': 'opec', 'lat': 13.7421116, 'lon': 100.4726304, 'distance_m': 47, 'label': 'OPEC', 'anchor_m': 2123}, {'source': 'osm', 'lat': 13.7419624, 'lon': 100.4722268, 'distance_m': 0, 'label': 'โรงเรียนอนุบาลนานาชาติบลูมมิ่งบัด / Blooming Buds International Kindergarten', 'score': 4, 'osm_id': 'w1499360640', 'anchor_m': 2115}, {'source': 'overture', 'lat': 13.78494, 'lon': 100.49551, 'distance_m': 5400, 'label': 'Blooming Buds International Kindergarten', 'score': 4, 'anchor_m': 7160, 'keys': ['domain', 'name'], 'confidence': 0.96, 'overture_id': 'cdd576e9-68f2-4b3d-b0cc-72d6039adee7', 'category': 'preschool'}, {'source': 'overture', 'lat': 13.7399002, 'lon': 100.4722662, 'distance_m': 229, 'label': 'โรงเรียน บลูมมิ่ง บัดส์ อนุบาลนานาชาติ', 'score': 3, 'anchor_m': 1890, 'keys': ['name'], 'confidence': 0.82, 'overture_id': 'c5d3ee3a-f39c-4e86-83ce-e35c7fe82100', 'category': 'education'}, {'source': 'arcgis_poi', 'distance_m': 53, 'label': 'Blooming Buds International Kindergarten', 'score': 4, 'anchor_m': 2107}, {'source': 'arcgis_poi', 'distance_m': 52, 'label': 'Blooming Buds International Kindergarten', 'score': 4, 'anchor_m': 2110}]","{'level': 'amphoe', 'label': 'เขตบางกอกใหญ่ กรุงเทพมหานคร'}",consensus-v2,True,high,,,,,
28,1110700030,สมาคมไทย-ญี่ปุ่น,THAI-JAPANESE ASSOCIATION SCHOOL,กรุงเทพมหานคร,ห้วยขวาง,บางกะปิ,258 ซอย 17 ถนน พระราม 9 แขวงบางกะปิ เขตห้วยขวาง กรุงเทพมหานคร 10310,,Not Checked,,,,,,13.760874,100.5935469,"ยืนยันตรงกันหลายแหล่ง: ArcGIS POI, OpenStreetMap, Overture Maps (ทุกแหล่งห่างจากจุดนี้ไม่เกิน 63 ม.)",Exact,https://school.opec.go.th/school/1110700030,"['ประถมศึกษา', 'มัธยมศึกษาตอนต้น']",ประถมศึกษา - มัธยมศึกษาตอนต้น,1827,179,['หลักสูตรแกนกลาง ประเทศญี่ปุ่น'],นางสาวอรสุม  ตรีอมรเลิศ,นางสาวอรสุม  ตรีอมรเลิศ,นางสาวอรสุม  ตรีอมรเลิศ,ไม่รับเงินอุดหนุน,,,,,,,,https://pedb.opec.go.th/web/SchoolPdc.htm?mode=showPicture&t=1&id=2020,,,,,2026-09-14 01:07:10,2026-09-29 18:07:04,13.7351912,100.56511639999997,"['ArcGIS POI', 'OpenStreetMap', 'Overture Maps']","[{'source': 'opec', 'lat': 13.7351912, 'lon': 100.5651164, 'distance_m': 4193, 'label': 'OPEC', 'anchor_m': 4854}, {'source': 'osm', 'lat': 13.760874, 'lon': 100.5935469, 'distance_m': 0, 'label': 'โรงเรียนสมาคมไทย-ญี่ปุ่น / Thai-Japanese Association School', 'score': 3, 'osm_id': 'w1413623797', 'anchor_m': 2328}, {'source': 'overture', 'lat': 13.7608714, 'lon': 100.5929625, 'distance_m': 63, 'label': 'Thai-Japanese Association School', 'score': 3, 'anchor_m': 2287, 'keys': ['domain', 'name'], 'confidence': 0.841, 'overture_id': 'ce892d3b-e0e3-4df3-be20-4f0c06d9428a', 'category': 'place_of_learning'}, {'source': 'arcgis_poi', 'distance_m': 47, 'label': 'Thai Japanese Association School', 'score': 3, 'anchor_m': 2290}, {'source': 'arcgis_poi', 'distance_m': 63, 'label': 'The Thai-Japanese Association School', 'score': 3, 'anchor_m': 2267}, {'source': 'arcgis_address', 'distance_m': 2196, 'label': 'PointAddress: 258 ถนนพระราม 9 เขตห้วยขวาง กรุงเทพมหานคร 10310', 'anchor_m': 2448}]","{'level': 'amphoe', 'label': 'เขตห้วยขวาง กรุงเทพมหานคร'}",consensus-v2,True,high,True,Thai - Japanese Association School,False,1974,['ONESQA']
29,1110700031,นานาชาติเคไอเอส,KIS INTERNATIONAL SCHOOL,กรุงเทพมหานคร,ห้วยขวาง,สามเสนนอก,999/123-124 ถนน ประชาอุทิศ แขวงสามเสนนอก เขตห้วยขวาง กรุงเทพมหานคร 10310,,Not Checked,,,,,,13.7713241,100.5892372,"ยืนยันตรงกันหลายแหล่ง: ArcGIS POI, OPEC, Overture Maps (ทุกแหล่งห่างจากจุดนี้ไม่เกิน 160 ม.)",Exact,https://school.opec.go.th/school/1110700031,"['ก่อนอนุบาล', 'อนุบาล', 'ประถมศึกษา', 'มัธยมศึกษาตอนต้น', 'มัธยมศึกษาตอนปลาย']",ก่อนอนุบาล - มัธยมศึกษาตอนปลาย,815,98,"['หลักสูตร International Baccalaureate (IB)', 'British Early Years Foundation Stage (EYFS)', 'International Baccalaureate (IB)', 'International Baccalaureate Career-related Programme (IB-CP)', 'หลักสูตรมัธยมศึกษาตอนปลาย']",,,นายพริษฐ์ รักตพงศ์ไพศาล,ไม่รับเงินอุดหนุน,,,,,,,,https://pedb.opec.go.th/web/SchoolPdc.htm?mode=showPicture&t=1&id=2021,,,,,2026-09-14 01:07:10,2026-09-29 18:07:04,13.7712752,100.58923600000003,"['ArcGIS POI', 'OPEC', 'Overture Maps']","[{'source': 'opec', 'lat': 13.7712752, 'lon': 100.589236, 'distance_m': 5, 'label': 'OPEC', 'anchor_m': 1224}, {'source': 'overture', 'lat': 13.7713241, 'lon': 100.5892372, 'distance_m': 0, 'label': 'KIS International School Bangkok', 'score': 3, 'anchor_m': 1222, 'keys': ['domain', 'name'], 'confidence': 0.994, 'overture_id': 'ebc7fe3c-5768-4661-a2bf-bc501ac3e4d8', 'category': 'place_of_learning'}, {'source': 'arcgis_poi', 'distance_m': 109, 'label': 'KIS International School', 'score': 3, 'anchor_m': 1235}, {'source': 'arcgis_poi', 'distance_m': 160, 'label': 'Kis International School', 'score': 3, 'anchor_m': 1184}]","{'level': 'amphoe', 'label': 'เขตห้วยขวาง กรุงเทพมหานคร'}",consensus-v2,True,high,True,KIS International School,False,1998,"['ONESQA', 'CIS']"
30,1110700032,นานาชาติเดอะรีเจ้นท์-กรุงเทพ,The Regent's International School-Bangkok,กรุงเทพมหานคร,ห้วยขวาง,ห้วยขวาง,62 ถนน ประชาอุทิศ แขวงห้วยขวาง เขตห้วยขวาง กรุงเทพมหานคร 10310,,Not Checked,,,,,,13.7703239,100.5837533,"ยืนยันตรงกันหลายแหล่ง: ArcGIS POI, OpenStreetMap, Overture Maps (ทุกแหล่งห่างจากจุดนี้ไม่เกิน 181 ม.)",Exact,https://school.opec.go.th/school/1110700032,"['อนุบาล', 'ประถมศึกษา', 'มัธยมศึกษาตอนต้น', 'มัธยมศึกษาตอนปลาย']",อนุบาล - มัธยมศึกษาตอนปลาย,0,8,"['หลักสูตร High School Diploma', 'High school Diploma Curriculum']",นางกานดา ดีสุขจิตร,,น.ส.ขวัญชนก  เตชะวิจิตร์,ไม่รับเงินอุดหนุน,,,,,,,,https://pedb.opec.go.th/web/SchoolPdc.htm?mode=showPicture&t=1&id=2022,,,,,2026-09-14 01:07:10,2026-09-29 18:07:04,13.768031,100.59623069999998,"['ArcGIS POI', 'OpenStreetMap', 'Overture Maps']","[{'source': 'opec', 'lat': 13.768031, 'lon': 100.5962307, 'distance_m': 1371, 'label': 'OPEC', 'anchor_m': 2060, 'shared': True}, {'source': 'osm', 'lat': 13.7703239, 'lon': 100.5837533, 'distance_m': 0, 'label': ""โรงเรียนนานาชาติเดอะรีเจ้นท์ / The Regent's School"", 'score': 3, 'osm_id': 'r18273006', 'anchor_m': 847}, {'source': 'overture', 'lat': 13.7675292, 'lon': 100.5961588, 'distance_m': 1375, 'label': ""Regent's International School Bangkok"", 'score': 3, 'anchor_m': 2080, 'keys': ['domain', 'name'], 'confidence': 0.949, 'overture_id': '5848bbee-718b-40ce-8b73-f1919b3d5477', 'category': 'high_school'}, {'source': 'overture', 'lat': 13.7701, 'lon': 100.58541, 'distance_m': 181, 'label': ""The Regent's International School, Bangkok"", 'score': 3, 'anchor_m': 978, 'keys': ['domain', 'name'], 'confidence': 0.83, 'overture_id': '43a7f34f-8fe0-495f-90bf-688dc44d467a', 'category': 'place_of_learning'}, {'source': 'overture', 'lat': 13.7667268, 'lon': 100.5958696, 'distance_m': 1368, 'label': ""Regent's International College"", 'score': 3, 'anchor_m': 2098, 'keys': ['name'], 'confidence': 0.957, 'overture_id': '73a6da5d-9639-4d19-a1a3-1ac882811497', 'category': 'college_university'}, {'source': 'overture', 'lat': 13.7399267, 'lon': 100.5432426, 'distance_m': 5529, 'label': ""Regent's Lang Suan"", 'score': 0, 'anchor_m': 5641, 'keys': ['domain'], 'confidence': 0.98, 'overture_id': 'ea8a1f6d-c470-4360-b7ab-9274f1b84733', 'category': 'place_of_learning'}, {'source': 'overture', 'lat': 13.7705317, 'lon': 100.5837859, 'distance_m': 23, 'label': ""The Regent's International School Boarding House"", 'score': 0, 'anchor_m': 830, 'keys': ['domain'], 'confidence': 0.957, 'overture_id': 'a84d35fb-45a1-4a39-bf2e-ae4c05f85d1c', 'category': 'campus_building'}, {'source': 'arcgis_poi', 'distance_m': 48, 'label': 'Regents International College', 'score': 3, 'anchor_m': 833}, {'source': 'arcgis_poi', 'distance_m': 49, 'label': 'The Regent International School', 'score': 3, 'anchor_m': 800}, {'source': 'arcgis_poi', 'distance_m': 5531, 'label': 'Regent Lang Suan International School', 'score': 3, 'anchor_m': 5645}, {'source': 'arcgis_poi', 'distance_m': 5499, 'label': ""Regent's International School Lang Suan Campus"", 'score': 3, 'anchor_m': 5610}, {'source': 'website', 'lat': 13.768095, 'lon': 100.5967, 'distance_m': 1420, 'label': 'https://regents.ac.th', 'pin': 'place', 'origin': 'school', 'anchor_m': 2102}]","{'level': 'amphoe', 'label': 'เขตห้วยขวาง กรุงเทพมหานคร'}",consensus-v2,True,high,,,,,
31,1110700033,อนุบาลนานาชาติเพรพ,PREP INTERNATIONAL KINDERGARTEN,กรุงเทพมหานคร,ห้วยขวาง,สามเสนนอก,78  ซอยสองสกุล ถนน สุทธิสารวินิฉัย แขวงสามเสนนอก เขตห้วยขวาง กรุงเทพมหานคร 10310,https://www.prep.ac.th,OPEC Profile,https://www.prep.ac.th,https://www.facebook.com/PrepInternationalKindergarten,022747426,0863171960,,13.782661,100.6087074,Overture Maps ขัดกับ ArcGIS POI (ห่างกัน 2.7 กม.) (พิกัดประมาณการ),Approximate,https://school.opec.go.th/school/1110700033,['อนุบาล'],อนุบาล - อนุบาล,27,7,['Early Year Foundation Stage and Montessori'],นางประชุมพร  สุวรรณตรา,นางสาวอาภรณ์รัตน์ เจนจรัสสกุล,นางมณีอร  เจนจรัสสกุล,ไม่รับเงินอุดหนุน,อนุบาลนานาชาติเพรพใช้หลักสูตรการเรียนการสอบแบบ Early Years Foundation Stage (EYFS) ของประเทศอังกฤษ โดยใช้ปรัชญา กระบวนการเรียนการสอน และสื่อการสอน ในแบบมอนเตสซอรี่ (Montessori) ซึ่งเป็นการเรียนรู้ผ่านเครื่องมือที่ออกแบบมาเฉพาะ เพื่อเสริมสร้างพัฒนาการในด้านต่าง ๆ อาทิ เช่น ด้านเชาว์ปัญญา คณิตศาสตร์ ภาษา กล้ามเนื้อมัดเล็กและมัดใหญ่ ประสาทสัมผัสทั้ง 5 การช่วยเหลือตัวเองในใช้ชีวิตประจำวันให้เหมาะสมตามวัย โดยการเรียนรู้แบบมอนเตสซอรี่นั้นจะช่วยทำให้นักเรียนมีสมาธิจดจ่อกับการเล่นและกิจกรรมที่อยู่ตรงหน้า ซึ่งส่งเสริมให้เขามีสมาธิต่อการเรียนรู้ในภายหน้าได้ดียิ่งขึ้น,,,,,,"Play is the Language of Kids.,Montessori ,EYFS",https://pedb.opec.go.th/web/SchoolPdc.htm?mode=showPicture&t=1&id=2023,,https://www.instagram.com/prep_montessori/,,,2026-09-14 01:07:10,2026-09-29 18:07:04,13.789439,100.58428400000003,[],"[{'source': 'opec', 'lat': 13.789439, 'lon': 100.584284, 'distance_m': 2743, 'label': 'OPEC', 'anchor_m': 1524, 'shared': True}, {'source': 'osm', 'lat': 13.960328, 'lon': 100.5174134, 'distance_m': 22077, 'label': 'Prep International School Pathum Thani', 'score': 3, 'osm_id': 'n5679408621', 'anchor_m': 21494}, {'source': 'osm', 'lat': 13.7153955, 'lon': 100.6016685, 'distance_m': 7518, 'label': 'Bangkok Prep Campus', 'score': 3, 'osm_id': 'w515847769', 'anchor_m': 7222}, {'source': 'osm', 'lat': 13.6434577, 'lon': 100.6781606, 'distance_m': 17201, 'label': 'โรงเรียนนานาชาติ ดี-เพร็พ / D-PREP International School', 'score': 3, 'osm_id': 'w915890942', 'anchor_m': 18254}, {'source': 'osm', 'lat': 13.6448355, 'lon': 100.6850199, 'distance_m': 17402, 'label': 'D-PREP International school (Secondary Campus) / D-PREP International school (Secondary Ca', 'score': 3, 'osm_id': 'w1306643441', 'anchor_m': 18576}, {'source': 'overture', 'lat': 13.782661, 'lon': 100.6087074, 'distance_m': 0, 'label': 'Prep International Kindergarten', 'score': 3, 'anchor_m': 3244, 'keys': ['domain', 'name'], 'confidence': 0.936, 'overture_id': 'b3fdb122-675b-43a9-b6a9-6384a239d654', 'category': 'preschool'}, {'source': 'overture', 'lat': 13.643553, 'lon': 100.6783796, 'distance_m': 17202, 'label': 'D-PREP International School', 'score': 3, 'anchor_m': 18259, 'keys': ['name'], 'confidence': 0.998, 'overture_id': '955ecb9c-a182-42f3-8787-ac2bcb1fcef8', 'category': 'place_of_learning'}, {'source': 'overture', 'lat': 13.6448805, 'lon': 100.6853887, 'distance_m': 17416, 'label': 'D-PREP International School (Secondary Campus)', 'score': 3, 'anchor_m': 18597, 'keys': ['name'], 'confidence': 0.85, 'overture_id': '7d383703-e77d-41f5-af8a-c0c9c939d8ce', 'category': 'place_of_learning'}, {'source': 'overture', 'lat': 13.7143433, 'lon': 100.6016585, 'distance_m': 7635, 'label': 'Bangkok Prep International School', 'score': 3, 'anchor_m': 7332, 'keys': ['name'], 'confidence': 0.85, 'overture_id': '39eed951-f8b6-45f4-9c97-60b81e7d012c'}, {'source': 'overture', 'lat': 13.74594, 'lon': 100.70048, 'distance_m': 10720, 'label': 'EA Prep สถานรับเลี้ยงเด็ก นานาชาติ อีเอ เพรพ เนอร์สเซอรี่', 'score': 3, 'anchor_m': 13523, 'keys': ['name'], 'confidence': 0.679, 'overture_id': 'eeb282e3-6c97-4626-8053-951a25b98d2f', 'category': 'home_service'}, {'source': 'overture', 'lat': 13.9592938, 'lon': 100.5085056, 'distance_m': 22422, 'label': 'Prep International Kindergarten Pathumtani', 'score': 0, 'anchor_m': 21705, 'keys': ['domain'], 'confidence': 0.572, 'overture_id': '4644a9da-1ddf-4e18-8759-e794398d327f', 'category': 'place_of_learning'}, {'source': 'arcgis_poi', 'distance_m': 2735, 'label': 'Prep International Kindergarten', 'score': 3, 'anchor_m': 1517}, {'source': 'arcgis_poi', 'distance_m': 2741, 'label': 'Prep International Kindergarten', 'score': 3, 'anchor_m': 1501}, {'source': 'arcgis_address', 'distance_m': 2741, 'label': 'PointAddress: 78 ถนนสุทธิสารวินิจฉัย เขตห้วยขวาง กรุงเทพมหานคร 10310', 'anchor_m': 1501, 'copy': True}]","{'level': 'amphoe', 'label': 'เขตห้วยขวาง กรุงเทพมหานคร'}",consensus-v2,False,low,True,Prep International Kindergarten,False,1996,['ONESQA']
32,1110700034,นานาชาติอินเตอร์เนชั่นแนลไพโอเนียร์ส,INTERNATIONAL PIONEERS SCHOOL,กรุงเทพมหานคร,คลองสาน,คลองต้นไทร,20 ซอยเจริญนคร 14 ถนน เจริญนคร แขวงคลองต้นไทร เขตคลองสาน กรุงเทพมหานคร 10600,https://www.ips.ac.th/,OPEC Profile,https://www.ips.ac.th/,https://www.facebook.com/ipsthailand,028623030,,,13.7224705,100.5007026,"ยืนยันตรงกันหลายแหล่ง: ArcGIS POI, OPEC, OpenStreetMap, Overture Maps, เว็บไซต์โรงเรียน (ทุกแหล่งห่างจากจุดนี้ไม่เกิน 62 ม.)",Exact,https://school.opec.go.th/school/1110700034,"['อนุบาล', 'ประถมศึกษา', 'มัธยมศึกษาตอนต้น', 'มัธยมศึกษาตอนปลาย']",อนุบาล - มัธยมศึกษาตอนปลาย,834,115,"['หลักสูตรสหราชอาณาจักร', 'Cambridge A level และ Pearson Edexcel', 'High School Diploma / อังกฤษ (สหราชอาณาจักร)']",,นางอัลกา ปานเดย์,Mr. Suryansh  Pandey,ไม่รับเงินอุดหนุน,,To empower every child holistically to be a competitive global citizen who endeavours to build a sustainable world.,"The school’s mission is to encourage and inspire all children in our care to become internationally minded, pioneering scholars, to launch themselves on a journey of discovery, into their own being and the universe they are a part of, thus raising se",,,,,https://pedb.opec.go.th/web/SchoolPdc.htm?mode=showPicture&t=1&id=2024,,ipsthailand,,,2026-09-14 01:07:10,2026-09-29 18:07:04,13.7223606,100.50111100000004,"['ArcGIS POI', 'OPEC', 'OpenStreetMap', 'Overture Maps', 'เว็บไซต์โรงเรียน']","[{'source': 'opec', 'lat': 13.7223606, 'lon': 100.501111, 'distance_m': 46, 'label': 'OPEC', 'anchor_m': 1268}, {'source': 'osm', 'lat': 13.7224705, 'lon': 100.5007026, 'distance_m': 0, 'label': 'โรงเรียนนานาชาติอินเตอร์เนชั่นแนลไพโอเนียร์ส / International Pioneers School', 'score': 3, 'osm_id': 'w1350382291', 'anchor_m': 1290}, {'source': 'overture', 'lat': 13.7222989, 'lon': 100.5009785, 'distance_m': 35, 'label': 'International Pioneers School', 'score': 3, 'anchor_m': 1283, 'keys': ['domain', 'name', 'phone'], 'confidence': 0.977, 'overture_id': '8883b794-1c6e-4ce5-8343-6cc9224e907d', 'category': 'place_of_learning'}, {'source': 'arcgis_poi', 'distance_m': 62, 'label': 'International Pioneers School', 'score': 3, 'anchor_m': 1278}, {'source': 'arcgis_poi', 'distance_m': 43, 'label': 'International Pioneers School', 'score': 3, 'anchor_m': 1274}, {'source': 'arcgis_address', 'distance_m': 1122, 'label': 'PointAddress: 14 ถนนเจริญนคร เขตคลองสาน กรุงเทพมหานคร 10600', 'anchor_m': 192}, {'source': 'website', 'lat': 13.722295, 'lon': 100.501065, 'distance_m': 44, 'label': 'https://www.ips.ac.th/', 'pin': 'place', 'origin': 'school', 'anchor_m': 1277}]","{'level': 'amphoe', 'label': 'เขตคลองสาน กรุงเทพมหานคร'}",consensus-v2,True,high,True,International Pioneers School,False,1998,['ACS WASC']
33,1110700035,อนุบาลนานาชาติ มอนเตสเซอรี่,INTERNATIONAL MONTESCSRI CENTER,กรุงเทพมหานคร,สะพานสูง,สะพานสูง,251/183 ซ.58 ม.บ้านสัมมากร ถนน สุขาภิบาล 3 แขวงสะพานสูง เขตสะพานสูง กรุงเทพมหานคร 10240,,Not Checked,,,,,,13.7536043,100.6761697,"ยืนยันตรงกันหลายแหล่ง: OPEC, Overture Maps (ทุกแหล่งห่างจากจุดนี้ไม่เกิน 6 ม.)",Exact,https://school.opec.go.th/school/1110700035,['อนุบาล'],อนุบาล - อนุบาล,1,14,[],นางสาวอริสรา  อาลี,นางสาวตรารุณี  พาชื่น,นางสาวอริสรา  อาลี,ไม่รับเงินอุดหนุน,,,,,,,,https://pedb.opec.go.th/web/SchoolPdc.htm?mode=showPicture&t=1&id=2025,,,,,2026-09-14 01:07:10,2026-09-29 18:07:04,13.7535597,100.67614070000002,"['OPEC', 'Overture Maps']","[{'source': 'opec', 'lat': 13.7535597, 'lon': 100.6761407, 'distance_m': 6, 'label': 'OPEC', 'anchor_m': 1987}, {'source': 'overture', 'lat': 13.7536043, 'lon': 100.6761697, 'distance_m': 0, 'label': 'International Montessori Center', 'score': 0, 'anchor_m': 1981, 'keys': ['domain'], 'confidence': 0.754, 'overture_id': '06ae118f-1651-4c74-8faf-e1b63d2675ae', 'category': 'campus_building'}, {'source': 'arcgis_address', 'distance_m': 1807, 'label': 'PointAddress: 58 ซอยหมู่บ้านสัมมากร เขตสะพานสูง กรุงเทพมหานคร 10240', 'anchor_m': 371}]","{'level': 'amphoe', 'label': 'เขตสะพานสูง กรุงเทพมหานคร'}",consensus-v2,True,high,,,,,
34,1110700037,ประชาคมนานาชาติ,INTERNATIONAL COMMUNITY SCHOOL,กรุงเทพมหานคร,บางนา,บางนาเหนือ,1225 ถนน เดอะพาร์คแลนด์ แขวงบางนาเหนือ เขตบางนา กรุงเทพมหานคร 10260,,Not Checked,,,,,,13.6678053,100.6523175,"ยืนยันตรงกันหลายแหล่ง: OPEC, OpenStreetMap, Overture Maps (ทุกแหล่งห่างจากจุดนี้ไม่เกิน 210 ม.)",Exact,https://school.opec.go.th/school/1110700037,"['อนุบาล', 'ประถมศึกษา', 'มัธยมศึกษาตอนต้น', 'มัธยมศึกษาตอนปลาย']",อนุบาล - มัธยมศึกษาตอนปลาย,1231,171,"['หลักสูตรที่ โรงเรียนสร้างขึ้นเอง เป็นระบบการศึกษาประเทศสหรัฐอเมริกา', 'American Curriculum']",นายชาญ โชตินันทเศรษฐ์,นางอังสนา  กิ่งหิรัญวัฒนา,นางอังสนา  กิ่งหิรัญวัฒนา,ไม่รับเงินอุดหนุน,,,,,,,,https://pedb.opec.go.th/web/SchoolPdc.htm?mode=showPicture&t=1&id=2027,,,,,2026-09-14 01:07:11,2026-09-29 18:07:04,13.6674752,100.65205719999994,"['OPEC', 'OpenStreetMap', 'Overture Maps']","[{'source': 'opec', 'lat': 13.6674752, 'lon': 100.6520572, 'distance_m': 46, 'label': 'OPEC', 'anchor_m': 6500}, {'source': 'osm', 'lat': 13.6678053, 'lon': 100.6523175, 'distance_m': 0, 'label': 'International Community School', 'score': 3, 'osm_id': 'w350569359', 'anchor_m': 6521}, {'source': 'overture', 'lat': 13.6676421, 'lon': 100.6522156, 'distance_m': 21, 'label': 'International Community School', 'score': 3, 'anchor_m': 6514, 'keys': ['domain', 'name'], 'confidence': 0.997, 'overture_id': '044ce2fa-c0a6-4beb-beaa-befc7126be26', 'category': 'place_of_learning'}, {'source': 'overture', 'lat': 13.6674, 'lon': 100.65042, 'distance_m': 210, 'label': 'ICS Music Department', 'score': 0, 'anchor_m': 6328, 'keys': ['domain'], 'confidence': 0.706, 'overture_id': 'a995fd8e-bede-4773-8332-6b6c56ce1191', 'category': 'education'}, {'source': 'overture', 'lat': 13.6746774, 'lon': 100.6131363, 'distance_m': 4302, 'label': 'ICS Eagle Ray Swim Team', 'score': 0, 'anchor_m': 2220, 'keys': ['domain'], 'confidence': 0.598, 'overture_id': '1b26e007-a295-44c1-a3ae-75270c75293e', 'category': 'sport_team'}]","{'level': 'amphoe', 'label': 'เขตบางนา กรุงเทพมหานคร'}",consensus-v2,True,high,True,International Community School,False,1993,"['ONESQA', 'ACS WASC', 'ACSI']"
35,1110700039,นานาชาติ ไบรท์ตัน คอลเลจ กรุงเทพ วิภาวดี,Brighton College International School Bangkok Vibhavadi,กรุงเทพมหานคร,จตุจักร,ลาดยาว,107 ถนน วิภาวดีรังสิต แขวงลาดยาว เขตจตุจักร กรุงเทพมหานคร 10900,https://www.brightoncollegevibha.ac.th/,OPEC Profile,https://www.brightoncollegevibha.ac.th/,https://brightoncollegebangkok.com/vibhavadi,025130270,0846760616,,13.835328,100.5583656,"ยืนยันตรงกันหลายแหล่ง: ArcGIS บ้านเลขที่, OPEC, Overture Maps (ทุกแหล่งห่างจากจุดนี้ไม่เกิน 78 ม.)",Exact,https://school.opec.go.th/school/1110700039,"['ก่อนอนุบาล', 'อนุบาล', 'ประถมศึกษา', 'มัธยมศึกษาตอนต้น', 'มัธยมศึกษาตอนปลาย']",ก่อนอนุบาล - มัธยมศึกษาตอนปลาย,532,71,"['หลักสูตร High School Diploma', 'หลักสูตรวิชา ภาษาไทย วัฒนธรรมไทยและประวัติศาสตร์ไทย', 'หลักสูตรสหราชอาณาจักร', 'National Curriculum of England, IPC, IMYC, IGCSE A level']",นางสาวพนิดา  ภัทรพิเศาพงศ์,นางสาวอารยา  ทวิชศรี,นางสุพัตรา  อังควินิจวงศ์,ไม่รับเงินอุดหนุน,,,,,,,,https://pedb.opec.go.th/web/SchoolPdc.htm?mode=showPicture&t=1&id=2029,,,,,2026-09-14 01:07:10,2026-09-29 18:07:04,13.8347636,100.55801730000007,"['ArcGIS บ้านเลขที่', 'OPEC', 'Overture Maps']","[{'source': 'opec', 'lat': 13.8347636, 'lon': 100.5580173, 'distance_m': 73, 'label': 'OPEC', 'anchor_m': 696}, {'source': 'osm', 'lat': 13.7534185, 'lon': 100.6730557, 'distance_m': 15374, 'label': 'โรงเรียนนานาชาติไบรท์ตันคอลเลจ กรุงเทพฯ / Brighton College Bangkok', 'score': 3, 'osm_id': 'w1394926783', 'anchor_m': 14813}, {'source': 'overture', 'lat': 13.835328, 'lon': 100.5583656, 'distance_m': 0, 'label': 'Brighton College Vibhavadi', 'score': 3, 'anchor_m': 747, 'keys': ['name', 'phone'], 'confidence': 0.98, 'overture_id': 'd1128da6-8827-4ae3-9e20-628c8343ce23', 'category': 'education'}, {'source': 'overture', 'lat': 13.8349751, 'lon': 100.5577373, 'distance_m': 78, 'label': ""St. Stephen's Weekend School"", 'score': 0, 'anchor_m': 728, 'keys': ['phone'], 'confidence': 0.937, 'overture_id': '819d2c01-7ad4-43dc-9219-97a55f4a2e22', 'category': 'specialty_school'}, {'source': 'arcgis_poi', 'distance_m': 15329, 'label': 'Brighton College International School Bangkok', 'score': 3, 'anchor_m': 14765}, {'source': 'arcgis_address', 'distance_m': 53, 'label': 'PointAddress: 107 ถนนวิภาวดีรังสิต เขตจตุจักร กรุงเทพมหานคร 10900', 'anchor_m': 703}]","{'level': 'amphoe', 'label': 'เขตจตุจักร กรุงเทพมหานคร'}",consensus-v2,True,high,True,Brighton College International School Bangkok Vibhavadi,False,,['EDT']
36,1110700040,นานาชาติโชรส์เบอรี กรุงเทพ,SHREWSBURY INTERNATIONAL SCHOOL BANGKOK,กรุงเทพมหานคร,บางคอแหลม,วัดพระยาไกร,1922 ถนน เจริญกรุง แขวงวัดพระยาไกร เขตบางคอแหลม กรุงเทพมหานคร 10120,,Not Checked,,,,,,13.7098831,100.5092568,"ยืนยันตรงกันหลายแหล่ง: ArcGIS POI, ArcGIS บ้านเลขที่, OPEC, OpenStreetMap, Overture Maps (ทุกแหล่งห่างจากจุดนี้ไม่เกิน 126 ม.)",Exact,https://school.opec.go.th/school/1110700040,"['อนุบาล', 'ประถมศึกษา', 'มัธยมศึกษาตอนต้น', 'มัธยมศึกษาตอนปลาย']",อนุบาล - มัธยมศึกษาตอนปลาย,2131,336,['หลักสูตรสหราชอาณาจักร'],ดร.จิรยุทธ์ มหัทธนกุล,นางปิยนุช  ทองทั่ว,นายจิรยุทธ์  มหัทธนกุล,ไม่รับเงินอุดหนุน,,,,,,,,https://pedb.opec.go.th/web/SchoolPdc.htm?mode=showPicture&t=1&id=2030,,,,,2026-09-14 01:07:10,2026-09-29 18:07:04,13.7100331,100.5092118,"['ArcGIS POI', 'ArcGIS บ้านเลขที่', 'OPEC', 'OpenStreetMap', 'Overture Maps']","[{'source': 'opec', 'lat': 13.7100331, 'lon': 100.5092118, 'distance_m': 17, 'label': 'OPEC', 'anchor_m': 2035}, {'source': 'osm', 'lat': 13.7520839, 'lon': 100.577412, 'distance_m': 8730, 'label': 'Shrewsbury International School City Campus', 'score': 3, 'osm_id': 'n6375556318', 'anchor_m': 10436}, {'source': 'osm', 'lat': 13.7098831, 'lon': 100.5092568, 'distance_m': 0, 'label': 'โรงเรียนนานาชาติโชรส์เบอรี กรุงเทพ / Shrewsbury International School Bangkok', 'score': 3, 'osm_id': 'w342563914', 'anchor_m': 2021}, {'source': 'overture', 'lat': 13.7091799, 'lon': 100.5101727, 'distance_m': 126, 'label': 'Shrewsbury International School Bangkok', 'score': 3, 'anchor_m': 1989, 'keys': ['domain', 'name'], 'confidence': 0.994, 'overture_id': '808355ba-0660-4cab-9c42-5f9f39113910', 'category': 'place_of_learning'}, {'source': 'overture', 'lat': 13.751969, 'lon': 100.5773963, 'distance_m': 8722, 'label': 'Shrewsbury International School Bangkok City Campus', 'score': 3, 'anchor_m': 10426, 'keys': ['domain', 'name'], 'confidence': 0.987, 'overture_id': 'f5151999-f816-472e-a775-8ce5282394db', 'category': 'place_of_learning'}, {'source': 'overture', 'lat': 13.709494, 'lon': 100.5101463, 'distance_m': 105, 'label': 'โชรส์เบอรี่ โรงเรียนนานาชาติ', 'score': 0, 'anchor_m': 2019, 'keys': ['domain'], 'confidence': 0.858, 'overture_id': 'f70659d6-ceb0-4ccf-b0dd-93033292f6e1', 'category': 'education'}, {'source': 'arcgis_poi', 'distance_m': 83, 'label': 'Shrewsbury International School', 'score': 3, 'anchor_m': 2071}, {'source': 'arcgis_address', 'distance_m': 84, 'label': 'PointAddress: 1922 ถนนเจริญกรุง เขตบางคอแหลม กรุงเทพมหานคร 10120', 'anchor_m': 2036}]","{'level': 'amphoe', 'label': 'เขตบางคอแหลม กรุงเทพมหานคร'}",consensus-v2,True,high,True,Shrewsbury International School Bangkok,False,2003,['CIS']
37,1110700041,นานาชาติคินเคด กรุงเทพ,KINCAID INTERNATIONAL SCHOOL OF BANGKOK,กรุงเทพมหานคร,ประเวศ,ประเวศ,205/73-74 ซอยผาสุกสันติ 3 ถนน พัฒนาการ 69 แขวงประเวศ เขตประเวศ กรุงเทพมหานคร 10250,,Not Checked,,,,,,13.7233262,100.66063,"ยืนยันตรงกันหลายแหล่ง: ArcGIS POI, OPEC, Overture Maps (ทุกแหล่งห่างจากจุดนี้ไม่เกิน 49 ม.)",Exact,https://school.opec.go.th/school/1110700041,"['อนุบาล', 'ประถมศึกษา', 'มัธยมศึกษาตอนต้น', 'มัธยมศึกษาตอนปลาย']",อนุบาล - มัธยมศึกษาตอนปลาย,376,48,"['หลักสูตรแคลิฟอร์เนีย', 'หลักสูตรสหรัฐอเมริกัน', 'California Department of Education CDE']",นางสาวไมตรี  คงนุกูล,นางชฎาทิพย์  ศรีภิรมย์มิตร,นางไมตรี  คงนุกูล,ไม่รับเงินอุดหนุน,,,,,,,,https://pedb.opec.go.th/web/SchoolPdc.htm?mode=showPicture&t=1&id=2031,,,,,2026-09-14 01:07:11,2026-09-29 18:07:04,13.7232957,100.66059670000004,"['ArcGIS POI', 'OPEC', 'Overture Maps']","[{'source': 'opec', 'lat': 13.7232957, 'lon': 100.6605967, 'distance_m': 5, 'label': 'OPEC', 'anchor_m': 3749}, {'source': 'overture', 'lat': 13.7233262, 'lon': 100.66063, 'distance_m': 0, 'label': 'Kincaid Inter School', 'score': 3, 'anchor_m': 3746, 'keys': ['domain', 'name'], 'confidence': 0.913, 'overture_id': '35453f11-c8b4-4021-bef2-316281cecf34', 'category': 'place_of_learning'}, {'source': 'overture', 'lat': 13.7234744, 'lon': 100.6604156, 'distance_m': 28, 'label': 'โรงเรียนนานาชาติคินเคดกรุงเทพ', 'score': 3, 'anchor_m': 3772, 'keys': ['name'], 'confidence': 0.961, 'overture_id': '5f309c46-a493-4178-bae0-846f7a2c4536', 'category': 'place_of_learning'}, {'source': 'arcgis_poi', 'distance_m': 49, 'label': 'Kincaid International School', 'score': 3, 'anchor_m': 3795}, {'source': 'arcgis_poi', 'distance_m': 38, 'label': 'Kincaid International School Bangkok', 'score': 3, 'anchor_m': 3779}, {'source': 'arcgis_address', 'distance_m': 4832, 'label': 'PointAddress: 3 ถนนพัฒนาการ เขตสวนหลวง กรุงเทพมหานคร 10250', 'anchor_m': 8565}]","{'level': 'amphoe', 'label': 'เขตประเวศ กรุงเทพมหานคร'}",consensus-v2,True,high,True,Kincaid International School of Bangkok,False,2003,"['ONESQA', 'MSA-CESS', 'AI']"
38,1110700042,อนุบาลนานาชาติตะลันต์,TALENTS INTERNATIONAL PRE-SCHOOL,กรุงเทพมหานคร,ประเวศ,ประเวศ,201/32  ซอย 76 ถนน พัฒนาการ แขวงประเวศ เขตประเวศ กรุงเทพมหานคร 10250,,Not Checked,,,,,,13.7259031,100.6556681,"ยืนยันตรงกันหลายแหล่ง: ArcGIS POI, Overture Maps (ทุกแหล่งห่างจากจุดนี้ไม่เกิน 20 ม.)",Exact,https://school.opec.go.th/school/1110700042,['อนุบาล'],อนุบาล - อนุบาล,10,11,"[""A Child's World""]",นายตระการ  เชนศรี,นายตระการ  เขนศรี,นางแอน  เชนศรี,ไม่รับเงินอุดหนุน,,,,,,,,https://pedb.opec.go.th/web/SchoolPdc.htm?mode=showPicture&t=1&id=2032,,,,,2026-09-14 01:07:10,2026-09-29 18:07:04,13.7563309,100.50176510000006,"['ArcGIS POI', 'Overture Maps']","[{'source': 'overture', 'lat': 13.7259031, 'lon': 100.6556681, 'distance_m': 0, 'label': 'Talents International Preschool', 'score': 3, 'anchor_m': 4329, 'keys': ['domain', 'name'], 'confidence': 0.984, 'overture_id': '6bb65cd2-f625-4adb-a51c-090f3009a86a', 'category': 'preschool'}, {'source': 'arcgis_poi', 'distance_m': 8, 'label': 'Talents International Pre-School', 'score': 3, 'anchor_m': 4330}, {'source': 'arcgis_poi', 'distance_m': 20, 'label': 'Talents International Pre-School', 'score': 3, 'anchor_m': 4344}, {'source': 'arcgis_address', 'distance_m': 852, 'label': 'PointAddress: 76 ถนนพัฒนาการ เขตประเวศ กรุงเทพมหานคร 10250', 'anchor_m': 3671}, {'source': 'arcgis_address', 'distance_m': 5104, 'label': 'PointAddress: 76 ถนนพัฒนาการ เขตสวนหลวง กรุงเทพมหานคร 10250', 'anchor_m': 9318}]","{'level': 'amphoe', 'label': 'เขตประเวศ กรุงเทพมหานคร'}",consensus-v2,True,high,True,Talents International Pre-school,False,2003,['ONESQA']
39,1110700043,อนุบาลนานาชาติโคบาโตะ,KOBATO INTERNATIONAL KINDERGARTEN,กรุงเทพมหานคร,คลองเตย,คลองเตย,19 ซอย ซอยสันติสุข ถนน สุขุมวิท 38 แขวงคลองเตย เขตคลองเตย กรุงเทพมหานคร 10110,,Not Checked,,,,,,13.7197699,100.5773809,"ยืนยันตรงกันหลายแหล่ง: ArcGIS POI, ArcGIS บ้านเลขที่, OPEC, Overture Maps (ทุกแหล่งห่างจากจุดนี้ไม่เกิน 347 ม.)",Exact,https://school.opec.go.th/school/1110700043,['อนุบาล'],อนุบาล - อนุบาล,33,4,['ภาษาญี่ปุ่น ภาษาอังกฤษ และภาษาไทย'],นายสมชาต  โสวรรณะ,นายสมชาต  โสวรรณะ,นายสมชาต  โสวรรณะ,ไม่รับเงินอุดหนุน,,,,,,,,https://pedb.opec.go.th/web/SchoolPdc.htm?mode=showPicture&t=1&id=2033,,,,,2026-09-14 01:07:10,2026-09-29 18:07:04,13.7184484,100.57776609999996,"['ArcGIS POI', 'ArcGIS บ้านเลขที่', 'OPEC', 'Overture Maps']","[{'source': 'opec', 'lat': 13.7184484, 'lon': 100.5777661, 'distance_m': 153, 'label': 'OPEC', 'anchor_m': 1309}, {'source': 'overture', 'lat': 13.7197699, 'lon': 100.5773809, 'distance_m': 0, 'label': 'Kobato International Kindergarten', 'score': 3, 'anchor_m': 1458, 'keys': ['name'], 'confidence': 0.728, 'overture_id': 'b97d992e-b601-482d-ab75-338b450b1ac3', 'category': 'place_of_learning'}, {'source': 'arcgis_poi', 'distance_m': 9, 'label': 'Kobato International Kindergarten', 'score': 3, 'anchor_m': 1450}, {'source': 'arcgis_poi', 'distance_m': 13, 'label': 'Kobato International Kindergarten', 'score': 3, 'anchor_m': 1445}, {'source': 'arcgis_address', 'distance_m': 347, 'label': 'PointAddress: 38 ถนนสุขุมวิท เขตคลองเตย กรุงเทพมหานคร 10110', 'anchor_m': 1528}]","{'level': 'amphoe', 'label': 'เขตคลองเตย กรุงเทพมหานคร'}",consensus-v2,True,high,,,,,
40,1110700044,นานาชาติโมเดิร์น กรุงเทพฯ,"Modern International School, Bangkok",กรุงเทพมหานคร,วัฒนา,คลองตันเหนือ,"127,129,133 ซอย พบมิตร ถนน สุขุมวิท 39 แขวงคลองตันเหนือ เขตวัฒนา กรุงเทพมหานคร 10110",,Not Checked,,,,,,13.7446383,100.5719022,"ยืนยันตรงกันหลายแหล่ง: ArcGIS POI, ArcGIS บ้านเลขที่, OpenStreetMap, Overture Maps (ทุกแหล่งห่างจากจุดนี้ไม่เกิน 124 ม.) — มีจุดชื่อเดียวกันอีก 1 จุด ห่าง 3.7 กม.ขึ้นไป (วิทยาเขตอื่นหรือย้ายที่ตั้ง?)",Exact,https://school.opec.go.th/school/1110700044,"['อนุบาล', 'ประถมศึกษา', 'มัธยมศึกษาตอนต้น', 'มัธยมศึกษาตอนปลาย']",อนุบาล - มัธยมศึกษาตอนปลาย,299,35,"['หลักสูตรสหราชอาณาจักร', 'British National Curriculum']",นายเดชาธร  รัตนโกวิท,,นายกิตติพันธ์ ใจดี,ไม่รับเงินอุดหนุน,,,,,,,,https://pedb.opec.go.th/web/SchoolPdc.htm?mode=showPicture&t=1&id=2034,,,,,2026-09-14 01:07:12,2026-09-29 18:07:04,13.7444611,100.57192150000003,"['ArcGIS POI', 'ArcGIS บ้านเลขที่', 'OpenStreetMap', 'Overture Maps']","[{'source': 'opec', 'lat': 13.7444611, 'lon': 100.5719215, 'distance_m': 20, 'label': 'OPEC', 'anchor_m': 1541, 'shared': True}, {'source': 'osm', 'lat': 13.7446383, 'lon': 100.5719022, 'distance_m': 0, 'label': 'Modern International School, Bangkok / Modern International School, Bangkok', 'score': 3, 'osm_id': 'n3778156482', 'anchor_m': 1546}, {'source': 'overture', 'lat': 13.7447145, 'lon': 100.5718307, 'distance_m': 11, 'label': 'Modern International School Bangkok', 'score': 3, 'anchor_m': 1555, 'keys': ['domain', 'name'], 'confidence': 0.992, 'overture_id': '44d85a3e-8093-4c0b-836a-cc8fee53503b', 'category': 'place_of_learning'}, {'source': 'overture', 'lat': 13.7161391, 'lon': 100.5890938, 'distance_m': 3673, 'label': 'Modern Montessori International Pre-School, Sukhumvit 44', 'score': 3, 'anchor_m': 2938, 'keys': ['name'], 'confidence': 0.996, 'overture_id': 'cb6b9864-1156-4d0b-b103-9ce3f4f187c6', 'category': 'place_of_learning'}, {'source': 'overture', 'lat': 13.7445327, 'lon': 100.5721429, 'distance_m': 29, 'label': 'โรงเรียนนานาชาติโมเดิร์น', 'score': 0, 'anchor_m': 1519, 'keys': ['domain'], 'confidence': 0.628, 'overture_id': '8fc9cfbe-6aff-4fdf-963a-23caf3fab89d', 'category': 'education'}, {'source': 'arcgis_poi', 'distance_m': 40, 'label': 'Modern International School Bangkok', 'score': 3, 'anchor_m': 1545}, {'source': 'arcgis_poi', 'distance_m': 97, 'label': 'Modern International School', 'score': 3, 'anchor_m': 1565}, {'source': 'arcgis_address', 'distance_m': 124, 'label': 'PointAddress: 133 ถนนสุขุมวิท เขตวัฒนา กรุงเทพมหานคร 10110', 'anchor_m': 1565}]","{'level': 'amphoe', 'label': 'เขตวัฒนา กรุงเทพมหานคร'}",consensus-v2,True,high,True,Modern International School Bangkok,False,1997,['EDT']
41,1110700045,นานาชาติทรีนีตี้,TRINITY INTERNATIONAL SCHOOL,กรุงเทพมหานคร,คลองเตย,คลองตัน,30 ซอย ซอยนภาศัพท์แยกที่ 2  แขวงคลองตัน เขตคลองเตย กรุงเทพมหานคร 10110,,Not Checked,,,,,,13.722637,100.5749537,"ยืนยันตรงกันหลายแหล่ง: ArcGIS POI, OPEC, Overture Maps (ทุกแหล่งห่างจากจุดนี้ไม่เกิน 104 ม.) — มีจุดชื่อเดียวกันอีก 2 จุด ห่าง 1.5 กม.ขึ้นไป (วิทยาเขตอื่นหรือย้ายที่ตั้ง?)",Exact,https://school.opec.go.th/school/1110700045,"['อนุบาล', 'ประถมศึกษา', 'มัธยมศึกษาตอนต้น', 'มัธยมศึกษาตอนปลาย']",อนุบาล - มัธยมศึกษาตอนปลาย,376,61,"['หลักสูตรแคลิฟอร์เนีย', 'United State (Californian) Common Core']",นางวาณี  สิริวัฒนะกมล,,นายวิโรจน์ สิริวัฒนะกมล,ไม่รับเงินอุดหนุน,,,,,,,,https://pedb.opec.go.th/web/SchoolPdc.htm?mode=showPicture&t=1&id=2035,,,,,2026-09-14 01:07:10,2026-09-29 18:07:04,13.722674,100.57496,"['ArcGIS POI', 'OPEC', 'Overture Maps']","[{'source': 'opec', 'lat': 13.722674, 'lon': 100.57496, 'distance_m': 4, 'label': 'OPEC', 'anchor_m': 1867}, {'source': 'overture', 'lat': 13.722637, 'lon': 100.5749537, 'distance_m': 0, 'label': 'Trinity International School', 'score': 3, 'anchor_m': 1864, 'keys': ['domain', 'name'], 'confidence': 0.987, 'overture_id': 'ecf33e65-7386-4d08-9e13-ce225f07e60a', 'category': 'high_school'}, {'source': 'overture', 'lat': 13.7365319, 'lon': 100.574327, 'distance_m': 1547, 'label': 'Trinity International School - Sukhumvit, Bangkok', 'score': 3, 'anchor_m': 3313, 'keys': ['domain', 'name'], 'confidence': 0.761, 'overture_id': '4bd2d695-5787-42c3-93d9-fac8d537e7d5', 'category': 'place_of_learning'}, {'source': 'overture', 'lat': 13.8565312, 'lon': 100.5411443, 'distance_m': 15329, 'label': 'Trinity School of English', 'score': 3, 'anchor_m': 17126, 'keys': ['name'], 'confidence': 0.552, 'overture_id': '21203144-6709-48dd-9178-ed592c5b02f6', 'category': 'high_school'}, {'source': 'arcgis_poi', 'distance_m': 49, 'label': 'Trinity International School', 'score': 3, 'anchor_m': 1907}, {'source': 'arcgis_poi', 'distance_m': 104, 'label': 'Trinity International School', 'score': 3, 'anchor_m': 1930}]","{'level': 'amphoe', 'label': 'เขตคลองเตย กรุงเทพมหานคร'}",consensus-v2,True,high,,,,,
42,1110700046,อนุบาลนานาชาติเยาวรักษ์ (คิดดี้แคร์),KIDDYKARE INTERNATIONAL KINDERGARTEN,กรุงเทพมหานคร,คลองเตย,คลองตัน,59/34  ซอยสุขุมวิท 26 ซอย ท่านหญิงพวงรัตน์ประไพ ถนน สุขุมวิท 26 แขวงคลองตัน เขตคลองเตย กรุงเทพมหานคร 10110,,Not Checked,,,,,,13.7242847,100.5713836,"ยืนยันตรงกันหลายแหล่ง: ArcGIS บ้านเลขที่, OPEC, OpenStreetMap, Overture Maps (ทุกแหล่งห่างจากจุดนี้ไม่เกิน 316 ม.)",Exact,https://school.opec.go.th/school/1110700046,['อนุบาล'],อนุบาล - อนุบาล,4,4,['Early Years Foundation Stage (EYFS)'],นางสาวธนิศรา  ศรีศิลา,นางสาวธนิศรา  ศรีศิลา,นางสาวธนิศรา  ศรีศิลา,ไม่รับเงินอุดหนุน,,โรงเรียนอนุบาลนานาชาติเยาวรักร์(คิดดี้แคร์)เป็นโรงเรียนนานาชาติ เปิดสอนในระดับชั้นอนุบาลโดย โรงเรียนได้มุ่งเน้นการจัดการเรียนการสอนที่มีคุณภาพและได้มาตรฐานแก่เด็กทุกคน ท่ามกลางสภาพ แวดล้อมด้านการศึกษาที่เหมาะสม เด็กได้รับความรัก ความอบอุ่นการเอาใจใส่,พันธกิจ : เพื่อบรรลุวิสัยทัศน์ของโรงเรียนจึงกําหนดพันธกิจดังนี้ พันธกิจที่ 1 ประชาสัมพันธ์ และสร้างความสัมพันธ์อันดีให้เกิดขึ้นระหว่างโรงเรียน บ้าน ชุมชน พันธกิจที่ 2 จัดการบริหารให้มีระบบแผนที่มีประสิทธิภาพ พันธกิจที่ 3 พัฒนาศักยภาพของบุคลากร ครูผู้,,,ทุกนาที มีคุณภาพ,,https://pedb.opec.go.th/web/SchoolPdc.htm?mode=showPicture&t=1&id=2036,,,,,2026-09-14 01:07:10,2026-09-29 18:07:04,13.7241333,100.57125689999998,"['ArcGIS บ้านเลขที่', 'OPEC', 'OpenStreetMap', 'Overture Maps']","[{'source': 'opec', 'lat': 13.7241333, 'lon': 100.5712569, 'distance_m': 22, 'label': 'OPEC', 'anchor_m': 2224}, {'source': 'osm', 'lat': 13.7242847, 'lon': 100.5713836, 'distance_m': 0, 'label': 'KiddyKare International Kindergarten', 'score': 3, 'osm_id': 'n4475532649', 'anchor_m': 2229}, {'source': 'overture', 'lat': 13.7243596, 'lon': 100.5712934, 'distance_m': 13, 'label': 'KiddyKare International Kindergarten', 'score': 3, 'anchor_m': 2242, 'keys': ['name'], 'confidence': 0.9, 'overture_id': '8b112556-594e-48de-a180-3a94df4ffe60', 'category': 'preschool'}, {'source': 'arcgis_address', 'distance_m': 131, 'label': 'PointAddress: 26 ซอยท่านหญิงพวงรัตน์ประไพ เขตคลองเตย กรุงเทพมหานคร 10110', 'anchor_m': 2323}, {'source': 'arcgis_address', 'distance_m': 316, 'label': 'PointAddress: 34 ซอยสุขุมวิท 26 เขตคลองเตย กรุงเทพมหานคร 10110', 'anchor_m': 2527}]","{'level': 'amphoe', 'label': 'เขตคลองเตย กรุงเทพมหานคร'}",consensus-v2,True,high,True,KiddyKare International Kindergarten,False,1994,['ONESQA']
43,1110700047,อนุบาลนานาชาติเมโลดี้ส,MELODIES INTERNATIONAL KINDERGATEN,กรุงเทพมหานคร,คลองเตย,พระโขนง,55 ซอยสุขุมวิท 38 ถนน สุขุมวิท แขวงพระโขนง เขตคลองเตย กรุงเทพมหานคร 10110,,Not Checked,,,,,,13.7200889,100.5794599,"ยืนยันตรงกันหลายแหล่ง: ArcGIS POI, ArcGIS บ้านเลขที่, OPEC, Overture Maps (ทุกแหล่งห่างจากจุดนี้ไม่เกิน 166 ม.)",Exact,https://school.opec.go.th/school/1110700047,['อนุบาล'],อนุบาล - อนุบาล,97,20,"['หลักสูตรญี่ปุ่น', 'หลักสูตรอินเตอร์']",นางนภาพร  เกิดสันเทียะ,นางนภาพร  เกิดสันเทียะ,นางนภาพร  เกิดสันเทียะ,ไม่รับเงินอุดหนุน,,,,,,,,https://pedb.opec.go.th/web/SchoolPdc.htm?mode=showPicture&t=1&id=2037,,,,,2026-09-14 01:07:10,2026-09-29 18:07:04,13.7200028,100.57936110000003,"['ArcGIS POI', 'ArcGIS บ้านเลขที่', 'OPEC', 'Overture Maps']","[{'source': 'opec', 'lat': 13.7200028, 'lon': 100.5793611, 'distance_m': 14, 'label': 'OPEC', 'anchor_m': 1397}, {'source': 'overture', 'lat': 13.7200889, 'lon': 100.5794599, 'distance_m': 0, 'label': 'Melodies International Kindergarten', 'score': 3, 'anchor_m': 1403, 'keys': ['domain', 'name'], 'confidence': 0.986, 'overture_id': 'a6ac288f-41d2-45cc-af3a-39e4d585f079', 'category': 'preschool'}, {'source': 'arcgis_poi', 'distance_m': 46, 'label': 'Melodies International Kindergarten', 'score': 3, 'anchor_m': 1374}, {'source': 'arcgis_poi', 'distance_m': 44, 'label': 'Melodies International Kindergarten', 'score': 3, 'anchor_m': 1370}, {'source': 'arcgis_address', 'distance_m': 44, 'label': 'PointAddress: 55 ซอยสุขุมวิท 38 เขตคลองเตย กรุงเทพมหานคร 10110', 'anchor_m': 1370, 'copy': True}, {'source': 'arcgis_address', 'distance_m': 166, 'label': 'PointAddress: 38 ถนนสุขุมวิท เขตคลองเตย กรุงเทพมหานคร 10110', 'anchor_m': 1528}, {'source': 'arcgis_address', 'distance_m': 1725, 'label': 'PointAddress: 3/8 ถนนสุขุมวิท เขตวัฒนา กรุงเทพมหานคร 10110', 'anchor_m': 1316}]","{'level': 'amphoe', 'label': 'เขตคลองเตย กรุงเทพมหานคร'}",consensus-v2,True,high,True,Melodies International Kindergarten,False,1981,['ONESQA']
44,1110700050,นานาชาติ บี เอส บี บริติช ไพรแมรี่,BSB BRITISH INTERNATIONAL PRIMARY SCHOOL,กรุงเทพมหานคร,คลองเตย,คลองเตย,36-36/1 ซอย 4 (นานาใต้) ถนน สุขุมวิท แขวงคลองเตย เขตคลองเตย กรุงเทพมหานคร 10110,,Not Checked,,,,,,13.7363597,100.5527583,"ยืนยันตรงกันหลายแหล่ง: OPEC, OpenStreetMap, Overture Maps (ทุกแหล่งห่างจากจุดนี้ไม่เกิน 218 ม.)",Exact,https://school.opec.go.th/school/1110700050,"['อนุบาล', 'ประถมศึกษา']",อนุบาล - ประถมศึกษา,217,33,['หลักสูตรสหราชอาณาจักร'],นางสาวพิมพ์พันธ์  จงเจียมดี,นางสาวพิมพ์พันธ์  จงเจียมดี,นางสาวพิมพ์พันธ์  จงเจียมดี,ไม่รับเงินอุดหนุน,,,,,,,,https://pedb.opec.go.th/web/SchoolPdc.htm?mode=showPicture&t=1&id=2040,,,,,2026-09-14 01:07:10,2026-09-29 18:07:04,13.7382935,100.55308259999993,"['OPEC', 'OpenStreetMap', 'Overture Maps']","[{'source': 'opec', 'lat': 13.7382935, 'lon': 100.5530826, 'distance_m': 218, 'label': 'OPEC', 'anchor_m': 4703}, {'source': 'osm', 'lat': 13.7363597, 'lon': 100.5527583, 'distance_m': 0, 'label': 'โรงเรียนนานาชาติบีเอสบีบริติชไพรแมรี่ / BSB British International Primary School', 'score': 3, 'osm_id': 'w341638395', 'anchor_m': 4578}, {'source': 'overture', 'lat': 13.7365556, 'lon': 100.5529844, 'distance_m': 33, 'label': 'BSB British International Primary School', 'score': 3, 'anchor_m': 4575, 'keys': ['domain', 'name'], 'confidence': 0.983, 'overture_id': 'bd82a431-3eec-4398-b82e-ee749bcb4d3e', 'category': 'place_of_learning'}, {'source': 'arcgis_address', 'distance_m': 2421, 'label': 'PointAddress: 4 ถนนสุขุมวิท เขตวัฒนา กรุงเทพมหานคร 10110', 'anchor_m': 2474}, {'source': 'arcgis_address', 'distance_m': 3833, 'label': 'PointAddress: 4 ถนนสุขุมวิท เขตวัฒนา กรุงเทพมหานคร 10110', 'anchor_m': 1673}, {'source': 'arcgis_address', 'distance_m': 810, 'label': 'PointAddress: 1 ถนนสุขุมวิท เขตคลองเตย กรุงเทพมหานคร 10110', 'anchor_m': 4061}]","{'level': 'amphoe', 'label': 'เขตคลองเตย กรุงเทพมหานคร'}",consensus-v2,True,high,True,BSB British International Primary School,False,1992,[]
45,1110700052,นานาชาติคริสเตียนกรุงเทพ,Bangkok Christian International School,กรุงเทพมหานคร,สวนหลวง,สวนหลวง,53 ถนน พัฒนาการ แขวงสวนหลวง เขตสวนหลวง กรุงเทพมหานคร 10250,,Not Checked,,,,,,13.7341766,100.63145,"ยืนยันตรงกันหลายแหล่ง: ArcGIS POI, OPEC, Overture Maps (ทุกแหล่งห่างจากจุดนี้ไม่เกิน 29 ม.)",Exact,https://school.opec.go.th/school/1110700052,"['ประถมศึกษา', 'มัธยมศึกษาตอนต้น', 'มัธยมศึกษาตอนปลาย']",ประถมศึกษา - มัธยมศึกษาตอนปลาย,396,62,"['หลักสูตรสหรัฐอเมริกัน', 'American Curriculum']",นายประสิทธิ์  มังคลา,,นายประสิทธิ์  มังคลา,ไม่รับเงินอุดหนุน,,,,,,,,https://pedb.opec.go.th/web/SchoolPdc.htm?mode=showPicture&t=1&id=2042,,,,,2026-09-14 01:07:10,2026-09-29 18:07:04,13.734138,100.63157799999999,"['ArcGIS POI', 'OPEC', 'Overture Maps']","[{'source': 'opec', 'lat': 13.734138, 'lon': 100.631578, 'distance_m': 14, 'label': 'OPEC', 'anchor_m': 2192}, {'source': 'osm', 'lat': 13.7209439, 'lon': 100.5226896, 'distance_m': 11840, 'label': 'โรงเรียนกรุงเทพคริสเตียนวิทยาลัย / Bangkok Christian College', 'score': 2, 'osm_id': 'r20425793', 'anchor_m': 13954}, {'source': 'overture', 'lat': 13.7341766, 'lon': 100.63145, 'distance_m': 0, 'label': 'Bangkok Christian International School', 'score': 2, 'anchor_m': 2207, 'keys': ['domain', 'name'], 'confidence': 0.985, 'overture_id': 'd9cfbaef-16e7-4e30-b991-50781f94f662', 'category': 'place_of_learning'}, {'source': 'overture', 'lat': 13.8610468, 'lon': 100.4924144, 'distance_m': 20602, 'label': 'Nonthaburi Christian Academy', 'score': 2, 'anchor_m': 22498, 'keys': ['name'], 'confidence': 0.986, 'overture_id': '40ca79a2-e7ee-4ca9-8e8f-a720a6e35fe0', 'category': 'place_of_learning'}, {'source': 'overture', 'lat': 13.7207598, 'lon': 100.5225491, 'distance_m': 11858, 'label': 'Bangkok Christian College', 'score': 2, 'anchor_m': 13971, 'keys': ['name'], 'confidence': 0.984, 'overture_id': '61788b26-4d81-4687-a7f7-71c0c0af1ff0', 'category': 'campus_building'}, {'source': 'overture', 'lat': 13.8437201, 'lon': 100.5013737, 'distance_m': 18593, 'label': 'International Christian School', 'score': 2, 'anchor_m': 20533, 'keys': ['name'], 'confidence': 0.97, 'overture_id': '5106e185-9d6d-4eab-a928-5ac2f68a42f7', 'category': 'place_of_learning'}, {'source': 'arcgis_poi', 'distance_m': 29, 'label': 'Bangkok Christian International School', 'score': 2, 'anchor_m': 2177}, {'source': 'arcgis_poi', 'distance_m': 25, 'label': 'Bangkok Christian International School', 'score': 2, 'anchor_m': 2182}, {'source': 'arcgis_address', 'distance_m': 3310, 'label': 'PointAddress: 53 ถนนพัฒนาการ เขตสวนหลวง กรุงเทพมหานคร 10250', 'anchor_m': 5516}]","{'level': 'amphoe', 'label': 'เขตสวนหลวง กรุงเทพมหานคร'}",consensus-v2,True,high,True,Bangkok Christian International School,False,1997,"['ONESQA', 'Cognia']"
46,1110700053,นานาชาติเซนต์มาร์ค,ST. MARK'S INTERNATIONAL SCHOOL,กรุงเทพมหานคร,สวนหลวง,สวนหลวง,900 ถนน พระราม 9 แขวงสวนหลวง เขตสวนหลวง กรุงเทพมหานคร 10250,,Not Checked,,,,,,13.740847,100.627697,"ยืนยันตรงกันหลายแหล่ง: OPEC, Overture Maps (ทุกแหล่งห่างจากจุดนี้ไม่เกิน 27 ม.)",Exact,https://school.opec.go.th/school/1110700053,"['อนุบาล', 'ประถมศึกษา', 'มัธยมศึกษาตอนต้น', 'มัธยมศึกษาตอนปลาย']",อนุบาล - มัธยมศึกษาตอนปลาย,12,22,['Western Australian Curriculum'],นายสวัสดีวงศ์  เรืองเมธานนท์,นายไพรัช ณ ถลาง,นายสวัสดีวงศ์  เรืองเมธานนท์,ไม่รับเงินอุดหนุน,,,,,,,,https://pedb.opec.go.th/web/SchoolPdc.htm?mode=showPicture&t=1&id=2043,,,,,2026-09-14 01:07:10,2026-09-29 18:07:04,13.7408145,100.6274512,"['OPEC', 'Overture Maps']","[{'source': 'opec', 'lat': 13.7408145, 'lon': 100.6274512, 'distance_m': 27, 'label': 'OPEC', 'anchor_m': 2844}, {'source': 'overture', 'lat': 13.706304, 'lon': 100.6449436, 'distance_m': 4269, 'label': 'St. Marks Australian International School', 'score': 3, 'anchor_m': 2772, 'keys': ['domain', 'name'], 'confidence': 0.975, 'overture_id': '7b735b6c-8005-4b7e-8488-136c765c84ca', 'category': 'place_of_learning'}, {'source': 'overture', 'lat': 13.740847, 'lon': 100.627697, 'distance_m': 0, 'label': ""St. Mark's International School"", 'score': 3, 'anchor_m': 2822, 'keys': ['domain', 'name'], 'confidence': 0.935, 'overture_id': 'dcc8bbe0-6fbb-4782-8d9a-0484a592f652', 'category': 'place_of_learning'}]","{'level': 'amphoe', 'label': 'เขตสวนหลวง กรุงเทพมหานคร'}",consensus-v2,True,high,,,,,
47,1110700056,นานาชาตินิสท์,NIST International School,กรุงเทพมหานคร,วัฒนา,คลองเตยเหนือ,36 ซอย 15 (ร่วมใจ) ถนน สุขุมวิท แขวงคลองเตยเหนือ เขตวัฒนา กรุงเทพมหานคร 10110,,Not Checked,,,,,,13.7473411,100.5603117,"ยืนยันตรงกันหลายแหล่ง: ArcGIS POI, OPEC, OpenStreetMap, Overture Maps (ทุกแหล่งห่างจากจุดนี้ไม่เกิน 126 ม.)",Exact,https://school.opec.go.th/school/1110700056,"['อนุบาล', 'ประถมศึกษา', 'มัธยมศึกษาตอนต้น', 'มัธยมศึกษาตอนปลาย']",อนุบาล - มัธยมศึกษาตอนปลาย,1567,217,"['หลักสูตร IGCSE', 'หลักสูตร International Baccalaureate (IB)', 'International Baccalaureate (IBO)']",นายมีชัย  วีระไทยยะ,นางปูนัม  สัจเดว,นายปรับชะรัน ซิงห์ ทักราล,ไม่รับเงินอุดหนุน,,,,,,,,https://pedb.opec.go.th/web/SchoolPdc.htm?mode=showPicture&t=1&id=2046,,,,,2026-09-14 01:07:10,2026-09-29 18:07:04,13.7476646,100.55978230000005,"['ArcGIS POI', 'OPEC', 'OpenStreetMap', 'Overture Maps']","[{'source': 'opec', 'lat': 13.7476646, 'lon': 100.5597823, 'distance_m': 68, 'label': 'OPEC', 'anchor_m': 2895}, {'source': 'osm', 'lat': 13.7473411, 'lon': 100.5603117, 'distance_m': 0, 'label': 'โรงเรียนนานาชาตินิสท์ / New International School of Thailand', 'score': 3, 'osm_id': 'w789126307', 'anchor_m': 2832}, {'source': 'overture', 'lat': 13.7469669, 'lon': 100.5592106, 'distance_m': 126, 'label': 'NIST International School Bangkok , Sukhumvit 15', 'score': 3, 'anchor_m': 2941, 'keys': ['domain', 'name'], 'confidence': 0.994, 'overture_id': 'b79d34f5-b88e-45ba-9548-8d9b1232dd3e', 'category': 'place_of_learning'}, {'source': 'overture', 'lat': 13.74505, 'lon': 100.55317, 'distance_m': 812, 'label': 'NIST Library', 'score': 0, 'anchor_m': 3562, 'keys': ['domain'], 'confidence': 0.934, 'overture_id': '40f86e96-8632-4111-a280-a4695dc18ae5', 'category': 'library'}, {'source': 'overture', 'lat': 13.73279, 'lon': 100.57035, 'distance_m': 1948, 'label': 'NIST Falcons Sports', 'score': 0, 'anchor_m': 2002, 'keys': ['domain'], 'confidence': 0.503, 'overture_id': '6fac64b2-ec37-456c-b54d-475905ff44e4'}, {'source': 'arcgis_poi', 'distance_m': 700, 'label': 'NIST International School', 'score': 3, 'anchor_m': 2950}, {'source': 'arcgis_poi', 'distance_m': 54, 'label': 'Nist International School', 'score': 3, 'anchor_m': 2873}, {'source': 'arcgis_address', 'distance_m': 968, 'label': 'PointAddress: 1/5 ถนนสุขุมวิท เขตวัฒนา กรุงเทพมหานคร 10110', 'anchor_m': 3582}, {'source': 'arcgis_address', 'distance_m': 1146, 'label': 'PointAddress: 15 ถนนสุขุมวิท เขตคลองเตย กรุงเทพมหานคร 10110', 'anchor_m': 2866}]","{'level': 'amphoe', 'label': 'เขตวัฒนา กรุงเทพมหานคร'}",consensus-v2,True,high,True,NIST International School,False,1992,"['ONESQA', 'CIS', 'NEASC']"
48,1110700057,นานาชาติดิเออร์ลี่เลิร์นนิ่งเซนเตอร์,THE EARLY LEARNING CENTRE INTERNATIONAL SCHOOL,กรุงเทพมหานคร,วัฒนา,คลองตันเหนือ,18 ซอยอรรคพัฒน์ ซอย อรรคพัฒน์ ถนน สุขุมวิท 49/4 แขวงคลองตันเหนือ เขตวัฒนา กรุงเทพมหานคร 10110,,Not Checked,,,,,,13.7341533,100.5785251,"ยืนยันตรงกันหลายแหล่ง: ArcGIS บ้านเลขที่, OPEC, Overture Maps (ทุกแหล่งห่างจากจุดนี้ไม่เกิน 165 ม.)",Exact,https://school.opec.go.th/school/1110700057,"['อนุบาล', 'ประถมศึกษา']",อนุบาล - ประถมศึกษา,266,136,['Ontario Curriculum'],นางนภารัศมิ์  เลาหโชติสาร,นางขวัญเรือน เรืองฤทธิ์,นางสาวนภารัศมิ์  เลาหโชติสาร,ไม่รับเงินอุดหนุน,,,,,,,,https://pedb.opec.go.th/web/SchoolPdc.htm?mode=showPicture&t=1&id=2047,,,,,2026-09-14 01:07:10,2026-09-29 18:07:04,13.7343735,100.57871679999994,"['ArcGIS บ้านเลขที่', 'OPEC', 'Overture Maps']","[{'source': 'opec', 'lat': 13.7343735, 'lon': 100.5787168, 'distance_m': 32, 'label': 'OPEC', 'anchor_m': 1191}, {'source': 'overture', 'lat': 13.7423122, 'lon': 100.5745075, 'distance_m': 1006, 'label': 'The Purple Elephant 49 International School Bangkok', 'score': 0, 'anchor_m': 1245, 'keys': ['domain'], 'confidence': 0.997, 'overture_id': '7a1c25aa-7ae7-4fa8-a055-d0f80da5ad48', 'category': 'place_of_learning'}, {'source': 'overture', 'lat': 13.7341533, 'lon': 100.5785251, 'distance_m': 0, 'label': 'ELC - Family of International Schools Bangkok', 'score': 0, 'anchor_m': 1223, 'keys': ['domain'], 'confidence': 0.982, 'overture_id': 'e4bfe5c2-c7e2-4c4a-995e-31e1d99cb346', 'category': 'elementary_school'}, {'source': 'overture', 'lat': 13.8824553, 'lon': 100.5214689, 'distance_m': 17604, 'label': 'The Purple Elephant Samakee International School', 'score': 0, 'anchor_m': 17064, 'keys': ['domain'], 'confidence': 0.978, 'overture_id': 'b939c958-6ef0-4924-933c-b5a0cde05b8c', 'category': 'place_of_learning'}, {'source': 'overture', 'lat': 13.73545, 'lon': 100.57418, 'distance_m': 491, 'label': 'ELC - Family of International Schools Bangkok', 'score': 0, 'anchor_m': 1495, 'keys': ['domain'], 'confidence': 0.953, 'overture_id': '599dda95-84c9-48a8-aeaf-8442d38434da', 'category': 'preschool'}, {'source': 'overture', 'lat': 13.7290915, 'lon': 100.582554, 'distance_m': 711, 'label': 'The Purple Elephant International School Bangkok', 'score': 0, 'anchor_m': 1526, 'keys': ['domain'], 'confidence': 0.937, 'overture_id': 'b2cf6e55-4a7b-4700-aa08-5238a013b0df', 'category': 'preschool'}, {'source': 'arcgis_address', 'distance_m': 165, 'label': 'PointAddress: 49 ถนนสุขุมวิท เขตวัฒนา กรุงเทพมหานคร 10110', 'anchor_m': 1064}, {'source': 'arcgis_address', 'distance_m': 2950, 'label': 'PointAddress: 49 ถนนสุขุมวิท เขตวัฒนา กรุงเทพมหานคร 10110', 'anchor_m': 3610}]","{'level': 'amphoe', 'label': 'เขตวัฒนา กรุงเทพมหานคร'}",consensus-v2,True,high,True,The Early Learning Centre International School,False,1985,"['ACS WASC', 'CIS']"
49,1110700058,นานาชาติ ฟิวเจอร์ สเต็ปส์ บางกอก,FUTURE STEPS INTERNATIONAL SCHOOL BANGKOK,กรุงเทพมหานคร,วัฒนา,คลองตันเหนือ,58/2 ซอย สุขุมวิท 31 แยก 4 ถนน สุขุมวิท แขวงคลองตันเหนือ เขตวัฒนา กรุงเทพมหานคร 10110,,Not Checked,,,,,,13.72886,100.57304,Overture Maps ยังไม่มีแหล่งอื่นยืนยัน (พิกัดประมาณการ),Approximate,https://school.opec.go.th/school/1110700058,"['ก่อนอนุบาล', 'อนุบาล', 'ประถมศึกษา']",ก่อนอนุบาล - ประถมศึกษา,246,35,"['British Curriculum', 'สหราชอาณาจักร']",ม.ล.ลักษสุภา  กฤภากร,ม.ล.ลักษสุภา  กฤภากร,ม.ล.ลักษสุภา  กฤภากร,ไม่รับเงินอุดหนุน,,,,,,,,https://pedb.opec.go.th/web/SchoolPdc.htm?mode=showPicture&t=1&id=2048,,,,,2026-09-14 01:07:10,2026-09-29 18:07:04,13.7563309,100.50176510000006,[],"[{'source': 'overture', 'lat': 13.72886, 'lon': 100.57304, 'distance_m': 0, 'label': 'The First & Future Steps International School Bangkok', 'score': 0, 'anchor_m': 2057, 'keys': ['domain'], 'confidence': 0.935, 'overture_id': 'bb21dc21-6cc7-47a9-894d-45946f0f52b0', 'category': 'place_of_learning'}, {'source': 'arcgis_address', 'distance_m': 1392, 'label': 'PointAddress: 58/2 ซอยสุขุมวิท 31 แยก 4 เขตวัฒนา กรุงเทพมหานคร 10110', 'anchor_m': 1832}, {'source': 'arcgis_address', 'distance_m': 98, 'label': 'PointAddress: 4 ถนนสุขุมวิท เขตวัฒนา กรุงเทพมหานคร 10110', 'anchor_m': 2089}]","{'level': 'amphoe', 'label': 'เขตวัฒนา กรุงเทพมหานคร'}",consensus-v2,False,low,True,Future Steps International School Bangkok,False,1996,['ONESQA']
50,1110700059,เอ็กซีแอล อเมริกัน สคูล ออฟ แบงค็อก,XCL American School of Bangkok,กรุงเทพมหานคร,วัฒนา,คลองตันเหนือ,15 หมู่ - ซอย สุขุมวิท 49-7 ถนน สุขุมวิท แขวงคลองตันเหนือ เขตวัฒนา กรุงเทพมหานคร 10110,,Not Checked,,,,,,13.7346739,100.5758131,"ยืนยันตรงกันหลายแหล่ง: OPEC, Overture Maps (ทุกแหล่งห่างจากจุดนี้ไม่เกิน 41 ม.)",Exact,https://school.opec.go.th/school/1110700059,"['อนุบาล', 'ประถมศึกษา', 'มัธยมศึกษาตอนต้น', 'มัธยมศึกษาตอนปลาย']",อนุบาล - มัธยมศึกษาตอนปลาย,648,68,"['หลักสูตรสหรัฐอเมริกัน', 'American']",,นางกล่อมจันทร์ จันทรศิริ,นางกรรณิการ์ คุ้มไพโรจน์,ไม่รับเงินอุดหนุน,,,,,,,,https://pedb.opec.go.th/web/SchoolPdc.htm?mode=showPicture&t=1&id=2049,,,,,2026-09-14 01:07:14,2026-09-29 18:07:04,13.735045,100.57582209999998,"['OPEC', 'Overture Maps']","[{'source': 'opec', 'lat': 13.735045, 'lon': 100.5758221, 'distance_m': 41, 'label': 'OPEC', 'anchor_m': 1372}, {'source': 'overture', 'lat': 13.7346739, 'lon': 100.5758131, 'distance_m': 0, 'label': 'XCL American School of Bangkok - Sukhumvit Campus', 'score': 3, 'anchor_m': 1398, 'keys': ['domain', 'name'], 'confidence': 0.85, 'overture_id': '1e5bab72-494d-4a19-a138-db223ffaf419', 'category': 'elementary_school'}, {'source': 'arcgis_address', 'distance_m': 380, 'label': 'PointAddress: 49 ถนนสุขุมวิท เขตวัฒนา กรุงเทพมหานคร 10110', 'anchor_m': 1064}, {'source': 'arcgis_address', 'distance_m': 612, 'label': 'PointAddress: 15 ซอยสุขุมวิท 49 ถนนสุขุมวิท เขตวัฒนา กรุงเทพมหานคร 10110', 'anchor_m': 821}, {'source': 'arcgis_address', 'distance_m': 2654, 'label': 'PointAddress: 49 ถนนสุขุมวิท เขตวัฒนา กรุงเทพมหานคร 10110', 'anchor_m': 3610}]","{'level': 'amphoe', 'label': 'เขตวัฒนา กรุงเทพมหานคร'}",consensus-v2,True,high,True,XCL American School of Bangkok,True,1983,['ACS WASC']
51,1110700060,อนุบาลนานาชาตินิวแบมบิโน,NEW BAMBINO INTERNATIONAL KINDERGARTEN,กรุงเทพมหานคร,วัฒนา,คลองตันเหนือ,184/1 ซอย สุขุมวิท 49 แยก 10 ถนน สุขุมวิท แขวงคลองตันเหนือ เขตวัฒนา กรุงเทพมหานคร 10110,,Not Checked,,,,,,13.7388575,100.5769629,"ยืนยันตรงกันหลายแหล่ง: ArcGIS POI, ArcGIS บ้านเลขที่, Overture Maps (ทุกแหล่งห่างจากจุดนี้ไม่เกิน 145 ม.)",Exact,https://school.opec.go.th/school/1110700060,['อนุบาล'],อนุบาล - อนุบาล,56,1,[],นายอะกีร่า ยังเจริญ,นายศุภวัสส์  ยังเจริญ,นายศุภวัสส์  ยังเจริญ,ไม่รับเงินอุดหนุน,,,,,,,,https://pedb.opec.go.th/web/SchoolPdc.htm?mode=showPicture&t=1&id=2050,,,,,2026-09-14 01:07:14,2026-09-29 18:07:04,13.7066693,100.5401779,"['ArcGIS POI', 'ArcGIS บ้านเลขที่', 'Overture Maps']","[{'source': 'opec', 'lat': 13.7066693, 'lon': 100.5401779, 'distance_m': 5348, 'label': 'OPEC', 'anchor_m': 6349}, {'source': 'overture', 'lat': 13.7354924, 'lon': 100.576186, 'distance_m': 383, 'label': 'New Bambino International School', 'score': 3, 'anchor_m': 1311, 'keys': ['name'], 'confidence': 0.598, 'overture_id': 'b04fbbf1-51d8-4411-8c5b-d92091817002', 'category': 'place_of_learning'}, {'source': 'overture', 'lat': 13.7388575, 'lon': 100.5769629, 'distance_m': 0, 'label': 'New Bambino International Kindergarten', 'score': 3, 'anchor_m': 1055, 'keys': ['name'], 'confidence': 0.53, 'overture_id': '4b889874-9728-49a0-b6f2-20471af0fd59', 'category': 'preschool'}, {'source': 'arcgis_poi', 'distance_m': 396, 'label': 'New Bambino International Kindergarten', 'score': 3, 'anchor_m': 1365}, {'source': 'arcgis_poi', 'distance_m': 16, 'label': 'New Bambino International Kindergarten', 'score': 3, 'anchor_m': 1058}, {'source': 'arcgis_poi', 'distance_m': 399, 'label': 'New Bambino International Kindergarten', 'score': 3, 'anchor_m': 1371}, {'source': 'arcgis_poi', 'distance_m': 14, 'label': 'New Bambino International Kindergarten', 'score': 3, 'anchor_m': 1041}, {'source': 'arcgis_address', 'distance_m': 145, 'label': 'PointAddress: 10 ถนนสุขุมวิท เขตวัฒนา กรุงเทพมหานคร 10110', 'anchor_m': 917}, {'source': 'arcgis_address', 'distance_m': 1578, 'label': 'PointAddress: 10 ถนนสุขุมวิท เขตคลองเตย กรุงเทพมหานคร 10110', 'anchor_m': 2632}]","{'level': 'amphoe', 'label': 'เขตวัฒนา กรุงเทพมหานคร'}",consensus-v2,True,high,,,,,
52,1110700062,นานาชาติเวลล์ส-บางนา,Well International School - Bang Na,กรุงเทพมหานคร,ประเวศ,หนองบอน,"10,12 ซอย หัวสิงห์ (ศรีนครินทร์ 62) แขวงหนองบอน เขตประเวศ กรุงเทพมหานคร 10250",,Not Checked,,,,,,13.6732584,100.6444819,"ยืนยันตรงกันหลายแหล่ง: ArcGIS POI, OPEC, Overture Maps (ทุกแหล่งห่างจากจุดนี้ไม่เกิน 151 ม.)",Exact,https://school.opec.go.th/school/1110700062,"['ก่อนอนุบาล', 'อนุบาล', 'ประถมศึกษา']",ก่อนอนุบาล - ประถมศึกษา,121,32,['International Baccalaureate (IB) Primary Year Programe (PYP)'],นางรัชนี กำแพงแก้ว,นางรัชนี  กำแพงแก้ว,นาย เย่า ล่าง จาง,ไม่รับเงินอุดหนุน,,,,,,,,https://pedb.opec.go.th/web/SchoolPdc.htm?mode=showPicture&t=1&id=2052,,,,,2026-09-14 01:07:15,2026-09-29 18:07:04,13.673041,100.643102,"['ArcGIS POI', 'OPEC', 'Overture Maps']","[{'source': 'opec', 'lat': 13.673041, 'lon': 100.643102, 'distance_m': 151, 'label': 'OPEC', 'anchor_m': 7420}, {'source': 'osm', 'lat': 13.7271685, 'lon': 100.576964, 'distance_m': 9441, 'label': 'Wells International School', 'score': 3, 'osm_id': 'w324275305', 'anchor_m': 12768}, {'source': 'overture', 'lat': 13.70193, 'lon': 100.60306, 'distance_m': 5495, 'label': 'Wells International School', 'score': 3, 'anchor_m': 10042, 'keys': ['name'], 'confidence': 0.996, 'overture_id': 'ccff476f-e068-4ccc-a7ba-1018bf7c01c1', 'category': 'place_of_learning'}, {'source': 'overture', 'lat': 13.6732584, 'lon': 100.6444819, 'distance_m': 0, 'label': 'Wells International Kindergarten', 'score': 3, 'anchor_m': 7292, 'keys': ['name'], 'confidence': 0.77, 'overture_id': '5b44ffd5-6824-4716-bd54-231239111ea1', 'category': 'preschool'}, {'source': 'overture', 'lat': 13.7272513, 'lon': 100.5767442, 'distance_m': 9465, 'label': 'Wells International School', 'score': 3, 'anchor_m': 12792, 'keys': ['name'], 'confidence': 0.77, 'overture_id': '5e846bfc-2acf-43f0-af54-600c0d101264', 'category': 'education'}, {'source': 'overture', 'lat': 13.673398, 'lon': 100.6443761, 'distance_m': 19, 'label': 'Wells International School', 'score': 3, 'anchor_m': 7291, 'keys': ['name'], 'confidence': 0.752, 'overture_id': '6d992642-6ea3-47d4-aee4-2c84fcbf3093', 'category': 'shopping'}, {'source': 'arcgis_poi', 'distance_m': 5475, 'label': 'Wells International School', 'score': 3, 'anchor_m': 10014}, {'source': 'arcgis_poi', 'distance_m': 5462, 'label': 'Wells International School', 'score': 3, 'anchor_m': 9981}, {'source': 'arcgis_poi', 'distance_m': 9446, 'label': 'Wells International School', 'score': 3, 'anchor_m': 12758}, {'source': 'arcgis_poi', 'distance_m': 146, 'label': 'Wells International School', 'score': 3, 'anchor_m': 7419}, {'source': 'arcgis_poi', 'distance_m': 9454, 'label': 'Wells International School', 'score': 3, 'anchor_m': 12773}]","{'level': 'amphoe', 'label': 'เขตประเวศ กรุงเทพมหานคร'}",consensus-v2,True,high,True,Wells International School - Bang Na,False,2003,"['ONESQA', 'ACS WASC']"
53,1110700063,นานาชาติบางกอก พรีแพราธอรี แอนด์ เซ็กเคินเดอรี,BANGKOK INTERNATIONAL PREPARATORY AND SECONDARY SCHOOL,กรุงเทพมหานคร,วัฒนา,พระโขนงเหนือ,77 ซอย ริมคลองพระโขนง แขวงพระโขนงเหนือ เขตวัฒนา กรุงเทพมหานคร 10110,,Not Checked,,,,,,13.725962,100.577552,"ยืนยันตรงกันหลายแหล่ง: ArcGIS POI, Overture Maps (ทุกแหล่งห่างจากจุดนี้ไม่เกิน 63 ม.) — มีจุดชื่อเดียวกันอีก 1 จุด ห่าง 2.8 กม.ขึ้นไป (วิทยาเขตอื่นหรือย้ายที่ตั้ง?)",Exact,https://school.opec.go.th/school/1110700063,"['ก่อนอนุบาล', 'อนุบาล', 'ประถมศึกษา', 'มัธยมศึกษาตอนต้น', 'มัธยมศึกษาตอนปลาย']",ก่อนอนุบาล - มัธยมศึกษาตอนปลาย,1754,191,"['หลักสูตรสหราชอาณาจักร', 'PEARSON BTEC International Level 3 Subsidiary Diploma', 'The English National Curriculum', 'หลักสูตรของสหราชอาณาจักร', 'หลักสูตรแห่งสหราชอาณาจักร']",,,นายสุพัฒน์ ราชกิจ,ไม่รับเงินอุดหนุน,,,,,,,,https://pedb.opec.go.th/web/SchoolPdc.htm?mode=showPicture&t=1&id=2053,,,,,2026-09-14 01:07:17,2026-09-29 18:07:04,13.7097861,100.60167679999995,"['ArcGIS POI', 'Overture Maps']","[{'source': 'opec', 'lat': 13.7097861, 'lon': 100.6016768, 'distance_m': 3166, 'label': 'OPEC', 'anchor_m': 4000}, {'source': 'overture', 'lat': 13.725962, 'lon': 100.577552, 'distance_m': 0, 'label': 'Bangkok International Preparatory and Secondary School', 'score': 3, 'anchor_m': 2043, 'keys': ['name'], 'confidence': 0.834, 'overture_id': 'a9ee57cc-d40d-464e-a333-b9a9bb9762d6', 'category': 'place_of_learning'}, {'source': 'overture', 'lat': 13.7002477, 'lon': 100.5619835, 'distance_m': 3317, 'label': 'Bangkok Prep Forest School', 'score': 0, 'anchor_m': 5358, 'keys': ['domain'], 'confidence': 0.987, 'overture_id': '0c9b40e7-0d43-430a-997b-2dbc2901ec96', 'category': 'education'}, {'source': 'overture', 'lat': 13.737577, 'lon': 100.562874, 'distance_m': 2045, 'label': 'Bangkok Prep (Activity Centre)', 'score': 0, 'anchor_m': 2558, 'keys': ['domain'], 'confidence': 0.85, 'overture_id': '672fdc00-b8b4-47a4-b335-e1a972e47624', 'category': 'elementary_school'}, {'source': 'overture', 'lat': 13.7143433, 'lon': 100.6016585, 'distance_m': 2907, 'label': 'Bangkok Prep International School', 'score': 0, 'anchor_m': 3546, 'keys': ['domain'], 'confidence': 0.85, 'overture_id': '39eed951-f8b6-45f4-9c97-60b81e7d012c'}, {'source': 'arcgis_poi', 'distance_m': 63, 'label': 'Bangkok International Preparatory&Secondary School', 'score': 3, 'anchor_m': 2106}, {'source': 'arcgis_poi', 'distance_m': 2826, 'label': 'Bangkok International Preparatory & Secondary School', 'score': 3, 'anchor_m': 3481}]","{'level': 'amphoe', 'label': 'เขตวัฒนา กรุงเทพมหานคร'}",consensus-v2,True,high,True,Bangkok International Preparatory and Secondary School,False,2003,"['ONESQA', 'CIS']"
54,1110700064,นานาชาติเอกมัย,EKAMAI INTERNATIONAL SCHOOL,กรุงเทพมหานคร,วัฒนา,คลองตันเหนือ,57 ซอย เจริญใจ ถนน เอกมัย แขวงคลองตันเหนือ เขตวัฒนา กรุงเทพมหานคร 10110,,Not Checked,,,,,,13.7307791,100.592484,"ยืนยันตรงกันหลายแหล่ง: OPEC, OpenStreetMap, Overture Maps (ทุกแหล่งห่างจากจุดนี้ไม่เกิน 60 ม.)",Exact,https://school.opec.go.th/school/1110700064,"['ก่อนอนุบาล', 'อนุบาล', 'ประถมศึกษา', 'มัธยมศึกษาตอนต้น', 'มัธยมศึกษาตอนปลาย']",ก่อนอนุบาล - มัธยมศึกษาตอนปลาย,1184,194,"['หลักสูตรสหรัฐอเมริกัน', 'Modified American/NAD Curriculum']",,นายจรัญ ดำรงเกียรติยศ,นางนัทธมน พันธ์ละวิน,ไม่รับเงินอุดหนุน,,,,,,,,https://pedb.opec.go.th/web/SchoolPdc.htm?mode=showPicture&t=1&id=2054,,,,,2026-09-14 01:07:17,2026-09-29 18:07:04,13.730953,100.59232470000006,"['OPEC', 'OpenStreetMap', 'Overture Maps']","[{'source': 'opec', 'lat': 13.730953, 'lon': 100.5923247, 'distance_m': 26, 'label': 'OPEC', 'anchor_m': 1442}, {'source': 'osm', 'lat': 13.7307791, 'lon': 100.592484, 'distance_m': 0, 'label': 'โรงเรียนนานาชาติเอกมัย / Ekamai International School', 'score': 3, 'osm_id': 'w333303945', 'anchor_m': 1467}, {'source': 'overture', 'lat': 13.7312308, 'lon': 100.5921835, 'distance_m': 60, 'label': 'Ekamai International School of Seventh-day Adventists (formerly AES & CTC)', 'score': 0, 'anchor_m': 1408, 'keys': ['domain'], 'confidence': 0.992, 'overture_id': 'd12b2099-47fb-4cf6-9b1e-13074cad91fc', 'category': 'place_of_learning'}]","{'level': 'amphoe', 'label': 'เขตวัฒนา กรุงเทพมหานคร'}",consensus-v2,True,high,True,Ekamai International School,False,1957,"['ONESQA', 'ACS WASC', 'Adventist Accrediting Association (AAA)']"
55,1110700065,นานาชาติสิงคโปร์กรุงเทพฯ,SINGAPORE INTERNATIONAL SCHOOL OF BANGKOK,กรุงเทพมหานคร,วังทองหลาง,วังทองหลาง,498/11 ซอย รามคำแหง39 (เทพลีลา 1) แขวงวังทองหลาง เขตวังทองหลาง กรุงเทพมหานคร 10310,,Not Checked,,,,,,13.7702721,100.602801,"ยืนยันตรงกันหลายแหล่ง: ArcGIS POI, OPEC, Overture Maps (ทุกแหล่งห่างจากจุดนี้ไม่เกิน 195 ม.)",Exact,https://school.opec.go.th/school/1110700065,"['ก่อนอนุบาล', 'อนุบาล', 'ประถมศึกษา', 'มัธยมศึกษาตอนต้น', 'มัธยมศึกษาตอนปลาย']",ก่อนอนุบาล - มัธยมศึกษาตอนปลาย,1461,225,"['หลักสูตร IBDP', 'หลักสูตรสหราชอาณาจักรบริเตนใหญ่และไอร์แลนเหนือ', 'หลักสูตรสิงคโปร์', 'AS/A Level', 'High school Diploma', 'IBDP', 'IGCSE', 'National Curriculum and Curriculum Planning and Development Division Ministry of Education Singapore', 'UK National Curriculum']",,,นางสาวหงส์ จางสถาพร,ไม่รับเงินอุดหนุน,,,,,,,,https://pedb.opec.go.th/web/SchoolPdc.htm?mode=showPicture&t=1&id=2055,,,,,2026-09-14 01:07:20,2026-09-29 18:07:04,13.7701848,100.60263880000002,"['ArcGIS POI', 'OPEC', 'Overture Maps']","[{'source': 'opec', 'lat': 13.7701848, 'lon': 100.6026388, 'distance_m': 20, 'label': 'OPEC', 'anchor_m': 2013}, {'source': 'overture', 'lat': 13.7323539, 'lon': 100.4204287, 'distance_m': 20144, 'label': 'Singapore International School Thonburi', 'score': 2, 'anchor_m': 21778, 'keys': ['domain', 'name'], 'confidence': 0.991, 'overture_id': 'fa8af65e-6d1a-491e-9ba8-b7abe918c380', 'category': 'place_of_learning'}, {'source': 'overture', 'lat': 13.7702721, 'lon': 100.602801, 'distance_m': 0, 'label': 'Singapore International School of Bangkok', 'score': 2, 'anchor_m': 1995, 'keys': ['domain', 'name'], 'confidence': 0.991, 'overture_id': '3bbb3443-1b26-439e-82d6-72998f045c52', 'category': 'place_of_learning'}, {'source': 'overture', 'lat': 13.7708089, 'lon': 100.6010809, 'distance_m': 195, 'label': 'โรงเรียนนานาชาติสิงคโปร์ กรุงเทพฯ', 'score': 3, 'anchor_m': 2080, 'keys': ['name'], 'confidence': 0.927, 'overture_id': '70c6b911-054c-4b5b-b718-2967950c80af', 'category': 'place_of_learning'}, {'source': 'overture', 'lat': 13.6471053, 'lon': 100.6391122, 'distance_m': 14246, 'label': 'Thai-Singapore International School', 'score': 2, 'anchor_m': 15414, 'keys': ['name'], 'confidence': 0.977, 'overture_id': 'f13ce055-cb02-4cdb-893f-919f23330d5f', 'category': 'place_of_learning'}, {'source': 'overture', 'lat': 13.6167354, 'lon': 100.6635384, 'distance_m': 18290, 'label': 'Singapore International School Suvarnabhumi', 'score': 2, 'anchor_m': 19296, 'keys': ['name'], 'confidence': 0.913, 'overture_id': '488f4d22-9e98-431c-9735-b28594fac8b0', 'category': 'elementary_school'}, {'source': 'overture', 'lat': 13.7551313, 'lon': 100.5009019, 'distance_m': 11133, 'label': 'SISB School', 'score': 0, 'anchor_m': 12727, 'keys': ['domain'], 'confidence': 0.77, 'overture_id': '0d30a06f-0730-45b0-828e-c2dc1284058e', 'category': 'education'}, {'source': 'arcgis_poi', 'distance_m': 4560, 'label': 'Singapore International School of Bangkok', 'score': 2, 'anchor_m': 6443}, {'source': 'arcgis_poi', 'distance_m': 20094, 'label': 'Singapore International School of Bangkok', 'score': 2, 'anchor_m': 21725}, {'source': 'arcgis_poi', 'distance_m': 123, 'label': 'Singapore International School of Bangkok', 'score': 2, 'anchor_m': 1975}, {'source': 'arcgis_address', 'distance_m': 1625, 'label': 'PointAddress: 11 ซอยรามคำแหง 39 ถนนรามคำแหง เขตวังทองหลาง กรุงเทพมหานคร 10310', 'anchor_m': 2741}]","{'level': 'amphoe', 'label': 'เขตวังทองหลาง กรุงเทพมหานคร'}",consensus-v2,True,high,True,Singapore International School of Bangkok,True,2001,"['ONESQA', 'CIS']"
56,1110700066,นานาชาติเซนต์แอนดรูว์สกรุงเทพฯ,St Andrews International School Bangkok,กรุงเทพมหานคร,วัฒนา,พระโขนงเหนือ,9 ซอย ปรีดีพนมยงค์ 20 (พานิชกุล) ถนน สุขุมวิท 71 แขวงพระโขนงเหนือ เขตวัฒนา กรุงเทพมหานคร 10110,https://www.nordangliaeducation.com/sta-bangkok,OPEC Profile,https://www.nordangliaeducation.com/sta-bangkok,https://www.facebook.com/standrewsbangkok/,023812387,,,13.7237591,100.5978566,"ยืนยันตรงกันหลายแหล่ง: ArcGIS POI, ArcGIS บ้านเลขที่, OPEC, OpenStreetMap, Overture Maps, เว็บไซต์โรงเรียน (ทุกแหล่งห่างจากจุดนี้ไม่เกิน 433 ม.)",Exact,https://school.opec.go.th/school/1110700066,"['ก่อนอนุบาล', 'อนุบาล', 'ประถมศึกษา', 'มัธยมศึกษาตอนต้น', 'มัธยมศึกษาตอนปลาย']",ก่อนอนุบาล - มัธยมศึกษาตอนปลาย,2365,250,"['หลักสูตร ASDAN ขององค์การ ASDAN', 'หลักสูตร International Baccalaureate (IB)', 'Early Years Foundation Stage', 'International Baccalaureate Diploma Programme (IBDP)', 'National Curriculum in England', 'St Andrews International School Bangkok Diploma', 'St Andrews International School Bangkok STARS']",นางสาวอิสรินทร์ เซ่งไพเราะ,นางศรินธร วิทยะสิรินันท์,นายศิราวุธ สุวรรณโพธิ์,ไม่รับเงินอุดหนุน,,,,,,,,https://pedb.opec.go.th/web/SchoolPdc.htm?mode=showPicture&t=1&id=2056,,https://www.instagram.com/standrewsbangkok/,,https://www.youtube.com/c/StAndrewsInternationalSchoolBangkok,2026-09-14 01:07:18,2026-09-29 18:07:04,13.723818269946062,100.59736131699512,"['ArcGIS POI', 'ArcGIS บ้านเลขที่', 'OPEC', 'OpenStreetMap', 'Overture Maps', 'เว็บไซต์โรงเรียน']","[{'source': 'opec', 'lat': 13.7238183, 'lon': 100.5973613, 'distance_m': 54, 'label': 'OPEC', 'anchor_m': 2400}, {'source': 'osm', 'lat': 13.7237591, 'lon': 100.5978566, 'distance_m': 0, 'label': 'โรงเรียนนานาชาติเซนต์แอนดรูวส์ / St. Andrews International School', 'score': 3, 'osm_id': 'w335064293', 'anchor_m': 2434}, {'source': 'osm', 'lat': 13.7172537, 'lon': 100.5874184, 'distance_m': 1340, 'label': 'โรงเรียนนานาชาติเซนต์แอนดรูว์ส / St. Andrews International School', 'score': 3, 'osm_id': 'w560431783', 'anchor_m': 2799}, {'source': 'osm', 'lat': 13.6603519, 'lon': 100.6022518, 'distance_m': 7067, 'label': 'โรงเรียนนานาชาติเซนต์แอนดรูส์ สุขุมวิท / St. Andrews International School', 'score': 3, 'osm_id': 'w748970311', 'anchor_m': 9289}, {'source': 'osm', 'lat': 13.7251969, 'lon': 100.5356541, 'distance_m': 6721, 'label': 'โรงเรียนนานาชาติเซนต์แอนดรูส์ สาทร / St. Andrews Sathorn International School', 'score': 3, 'osm_id': 'r16713920', 'anchor_m': 5767}, {'source': 'overture', 'lat': 13.7242709, 'lon': 100.5968049, 'distance_m': 127, 'label': 'St Andrews International School Bangkok', 'score': 3, 'anchor_m': 2327, 'keys': ['name', 'phone'], 'confidence': 1.0, 'overture_id': 'f3859eb3-460c-4d90-9d43-12ee8ed79753', 'category': 'elementary_school'}, {'source': 'overture', 'lat': 13.7255297, 'lon': 100.5355977, 'distance_m': 6728, 'label': 'St. Andrews International School Sathorn', 'score': 3, 'anchor_m': 5761, 'keys': ['name'], 'confidence': 0.989, 'overture_id': '1de8c088-b8be-4816-b411-6877eefccba3', 'category': 'elementary_school'}, {'source': 'overture', 'lat': 13.8824854, 'lon': 100.5191917, 'distance_m': 19587, 'label': 'St. Andrews Samakee International School', 'score': 3, 'anchor_m': 17169, 'keys': ['name'], 'confidence': 0.968, 'overture_id': '89c066d4-2a7a-4402-84a4-65175d70b600', 'category': 'place_of_learning'}, {'source': 'overture', 'lat': 13.74837, 'lon': 100.56326, 'distance_m': 4632, 'label': 'St Andrews International School Sukhumvit 71', 'score': 3, 'anchor_m': 2548, 'keys': ['name'], 'confidence': 0.704, 'overture_id': 'af07f5f7-0b79-4e7d-a719-6fbee24e5cbb', 'category': 'place_of_learning'}, {'source': 'overture', 'lat': 13.71481, 'lon': 100.5949, 'distance_m': 1045, 'label': 'STA School Library', 'score': 0, 'anchor_m': 3213, 'keys': ['phone'], 'confidence': 0.903, 'overture_id': '8fdd008d-3a2d-434c-afa8-7910dbf469b0', 'category': 'library'}, {'source': 'overture', 'lat': 13.71481, 'lon': 100.5949, 'distance_m': 1045, 'label': 'STA School Library', 'score': 0, 'anchor_m': 3213, 'keys': ['phone'], 'confidence': 0.9, 'overture_id': '64941ab5-d740-49ad-9dc4-1c3f0bf8ab0e', 'category': 'library'}, {'source': 'arcgis_poi', 'distance_m': 7009, 'label': 'St. Andrews International School', 'score': 3, 'anchor_m': 9234}, {'source': 'arcgis_poi', 'distance_m': 6716, 'label': 'St. Andrews International School', 'score': 3, 'anchor_m': 5766}, {'source': 'arcgis_poi', 'distance_m': 7, 'label': 'St. Andrews International School', 'score': 3, 'anchor_m': 2440}, {'source': 'arcgis_poi', 'distance_m': 19585, 'label': 'St. Andrews International School', 'score': 3, 'anchor_m': 17166}, {'source': 'arcgis_address', 'distance_m': 9, 'label': 'PointAddress: 9 ซอยปรีดี พนมยงค์ 20 เขตวัฒนา กรุงเทพมหานคร 10110', 'anchor_m': 2443}, {'source': 'arcgis_address', 'distance_m': 1050, 'label': 'PointAddress: 20 ถนนสุขุมวิท 71 เขตวัฒนา กรุงเทพมหานคร 10110', 'anchor_m': 3218}, {'source': 'arcgis_address', 'distance_m': 1052, 'label': 'PointAddress: 20 ถนนสุขุมวิท เขตวัฒนา กรุงเทพมหานคร 10110', 'anchor_m': 1809}, {'source': 'website', 'lat': 13.72, 'lon': 100.5968, 'distance_m': 433, 'label': 'https://www.nordangliaeducation.com/sta-bangkok', 'pin': 'place', 'origin': 'school', 'anchor_m': 2748}]","{'level': 'amphoe', 'label': 'เขตวัฒนา กรุงเทพมหานคร'}",consensus-v2,True,high,True,St Andrews International School Bangkok,False,2001,"['ONESQA', 'EDT', 'IQM (Inclusion Quality Mark)']"
57,1110700067,อนุบาลนานาชาติสบายใจ,SABAI-JAI INTERNATIONAL SCHOOL,กรุงเทพมหานคร,สะพานสูง,สะพานสูง,237 ถนน รามคำแหง แขวงสะพานสูง เขตสะพานสูง กรุงเทพมหานคร 10240,,Not Checked,,,,,,13.7730012,100.6759427,"ยืนยันตรงกันหลายแหล่ง: ArcGIS POI, Overture Maps (ทุกแหล่งห่างจากจุดนี้ไม่เกิน 4 ม.)",Exact,https://school.opec.go.th/school/1110700067,['อนุบาล'],อนุบาล - อนุบาล,11,7,['หลักสูตรจากโรงเรียนนานาชาติไทย-จีน'],นางฉันทนา  ชะระวณิช,นางวิมล ชัยพิศุทธิ์,นางสาวสิริวิภา วสันตอุทยา,ไม่รับเงินอุดหนุน,,,,,,,,https://pedb.opec.go.th/web/SchoolPdc.htm?mode=showPicture&t=1&id=2058,,,,,2026-09-14 01:07:18,2026-09-29 18:07:04,13.7890018,100.69524960000001,"['ArcGIS POI', 'Overture Maps']","[{'source': 'opec', 'lat': 13.7890018, 'lon': 100.6952496, 'distance_m': 2741, 'label': 'OPEC', 'anchor_m': 2469}, {'source': 'overture', 'lat': 13.7730012, 'lon': 100.6759427, 'distance_m': 0, 'label': 'Sabai-jai International Kindergarten School', 'score': 4, 'anchor_m': 1153, 'keys': ['domain', 'name'], 'confidence': 0.988, 'overture_id': 'a1921bb6-079f-4fd6-a58f-88445c4c7cee', 'category': 'preschool'}, {'source': 'arcgis_poi', 'distance_m': 4, 'label': 'อนุบาลนานาชาติสบายใจ', 'score': 3, 'anchor_m': 1156}]","{'level': 'amphoe', 'label': 'เขตสะพานสูง กรุงเทพมหานคร'}",consensus-v2,True,high,,,,,
58,1110700068,ฝรั่งเศสนานาชาติ กรุงเทพ,LYCEE FRANCAIS INTERNATIONAL DE BANGKOK,กรุงเทพมหานคร,วังทองหลาง,วังทองหลาง,498 ซอย รามคำแหง39(เทพลีลา1) ถนน รามคำแหง แขวงวังทองหลาง เขตวังทองหลาง กรุงเทพมหานคร 10310,,Not Checked,,,,,,13.7704807,100.6005718,"ยืนยันตรงกันหลายแหล่ง: ArcGIS POI, OPEC, OpenStreetMap, Overture Maps (ทุกแหล่งห่างจากจุดนี้ไม่เกิน 143 ม.)",Exact,https://school.opec.go.th/school/1110700068,"['อนุบาล', 'ประถมศึกษา', 'มัธยมศึกษาตอนต้น', 'มัธยมศึกษาตอนปลาย']",อนุบาล - มัธยมศึกษาตอนปลาย,987,100,['French National Curriculum'],,นางชนาเนา วรัญญ,นางชนางเนา วรัญญ,ไม่รับเงินอุดหนุน,,,,,,,,https://pedb.opec.go.th/web/SchoolPdc.htm?mode=showPicture&t=1&id=2060,,,,,2026-09-14 01:07:18,2026-09-29 18:07:04,13.7706537,100.6005437,"['ArcGIS POI', 'OPEC', 'OpenStreetMap', 'Overture Maps']","[{'source': 'opec', 'lat': 13.7706537, 'lon': 100.6005437, 'distance_m': 19, 'label': 'OPEC', 'anchor_m': 2134}, {'source': 'osm', 'lat': 13.7704807, 'lon': 100.6005718, 'distance_m': 0, 'label': 'โรงเรียนฝรั่งเศสนานาชาติ กรุงเทพ / French International High School of Bangkok', 'score': 3, 'osm_id': 'w1391841578', 'anchor_m': 2145}, {'source': 'overture', 'lat': 13.770781, 'lon': 100.599591, 'distance_m': 111, 'label': 'โรงเรียนนานาชาติฝรั่งเศสกรุงเทพ', 'score': 3, 'anchor_m': 2201, 'keys': ['name'], 'confidence': 0.859, 'overture_id': '7a1bf1db-f1bb-4994-b407-53af5ef9686e', 'category': 'high_school'}, {'source': 'overture', 'lat': 13.7703744, 'lon': 100.6014714, 'distance_m': 98, 'label': 'Lycée Français International de Bangkok', 'score': 0, 'anchor_m': 2084, 'keys': ['domain'], 'confidence': 0.978, 'overture_id': 'f59f6083-04de-4802-a896-a8cb779bf1b3', 'category': 'place_of_learning'}, {'source': 'arcgis_poi', 'distance_m': 143, 'label': 'Lycee Francais International School', 'score': 4, 'anchor_m': 2062}]","{'level': 'amphoe', 'label': 'เขตวังทองหลาง กรุงเทพมหานคร'}",consensus-v2,True,high,True,Lycée Français International de Bangkok,False,1957,['AEFE (Agency for French Education Abroad)']
59,1110700069,นานาชาติพระคุณกรุงเทพ,Bangkok Grace International School,กรุงเทพมหานคร,วังทองหลาง,พลับพลา,560/1-9 ถนน ลาดพร้าว แขวงพลับพลา เขตวังทองหลาง กรุงเทพมหานคร 10310,,Not Checked,,,,,,13.77123,100.6167165,"ยืนยันตรงกันหลายแหล่ง: ArcGIS POI, OPEC, Overture Maps (ทุกแหล่งห่างจากจุดนี้ไม่เกิน 62 ม.)",Exact,https://school.opec.go.th/school/1110700069,"['อนุบาล', 'ประถมศึกษา', 'มัธยมศึกษาตอนต้น', 'มัธยมศึกษาตอนปลาย']",อนุบาล - มัธยมศึกษาตอนปลาย,0,6,"['หลักสูตรรัฐเวอร์จีเนียร์', 'American Curriculum']",นางสุวิมล ปัญญางาม,นางศิริมา ฮุนตระกูล,นางอรชร เปรมรัตน์,ไม่รับเงินอุดหนุน,,,,,,,,https://pedb.opec.go.th/web/SchoolPdc.htm?mode=showPicture&t=1&id=2061,,,,,2026-09-14 01:07:18,2026-09-29 18:07:04,13.7714874,100.61677540000005,"['ArcGIS POI', 'OPEC', 'Overture Maps']","[{'source': 'opec', 'lat': 13.7714874, 'lon': 100.6167754, 'distance_m': 29, 'label': 'OPEC', 'anchor_m': 1375}, {'source': 'overture', 'lat': 13.77123, 'lon': 100.6167165, 'distance_m': 0, 'label': 'Bangkok Grace International School', 'score': 3, 'anchor_m': 1403, 'keys': ['domain', 'name'], 'confidence': 0.889, 'overture_id': '6f07ec4c-0f3d-4523-a94e-e2c641ea7d2b', 'category': 'place_of_learning'}, {'source': 'arcgis_poi', 'distance_m': 33, 'label': 'Bangkok Grace International School', 'score': 3, 'anchor_m': 1372}, {'source': 'arcgis_poi', 'distance_m': 62, 'label': 'Bangkok Grace International School', 'score': 3, 'anchor_m': 1351}, {'source': 'arcgis_address', 'distance_m': 1531, 'label': 'PointAddress: 1 ถนนลาดพร้าว เขตวังทองหลาง กรุงเทพมหานคร 10310', 'anchor_m': 305}, {'source': 'arcgis_address', 'distance_m': 3573, 'label': 'PointAddress: 1 ถนนลาดพร้าว เขตวังทองหลาง กรุงเทพมหานคร 10310', 'anchor_m': 2559}]","{'level': 'amphoe', 'label': 'เขตวังทองหลาง กรุงเทพมหานคร'}",consensus-v2,True,high,,,,,
60,1110700070,บางกอกพัฒนา,BANGKOK PATANA SCHOOL,กรุงเทพมหานคร,บางนา,บางนาใต้,643 ถนน ลาซาล แขวงบางนาใต้ เขตบางนา กรุงเทพมหานคร 10260,https://www.patana.ac.th,OPEC Profile,https://www.patana.ac.th,,027852200,,,13.6634758,100.621752,"ยืนยันตรงกันหลายแหล่ง: ArcGIS POI, ArcGIS บ้านเลขที่, OPEC, OpenStreetMap, Overture Maps (ทุกแหล่งห่างจากจุดนี้ไม่เกิน 358 ม.)",Exact,https://school.opec.go.th/school/1110700070,"['ก่อนอนุบาล', 'อนุบาล', 'ประถมศึกษา', 'มัธยมศึกษาตอนต้น', 'มัธยมศึกษาตอนปลาย']",ก่อนอนุบาล - มัธยมศึกษาตอนปลาย,2168,310,"['หลักสูตรประเทศอังกฤษ', 'IB - International Baccalaureate Organization', 'International Baccalaureate Career-related Programme (IB-CP)', 'หลักสูตรกลางของประเทศอังกฤษ']",,นางสาวปิ่นกาญจน์ วัชรปาณ,นางสาวพัชรินทร์ จริงเข้าใจ,ไม่รับเงินอุดหนุน,,,,,,,,https://pedb.opec.go.th/web/SchoolPdc.htm?mode=showPicture&t=1&id=2062,,,,,2026-09-14 01:07:17,2026-09-29 18:07:04,13.6619392,100.6222702,"['ArcGIS POI', 'ArcGIS บ้านเลขที่', 'OPEC', 'OpenStreetMap', 'Overture Maps']","[{'source': 'opec', 'lat': 13.6619392, 'lon': 100.6222702, 'distance_m': 180, 'label': 'OPEC', 'anchor_m': 3647}, {'source': 'osm', 'lat': 13.6634758, 'lon': 100.621752, 'distance_m': 0, 'label': 'โรงเรียนบางกอกพัฒนา / Bangkok Patana School', 'score': 3, 'osm_id': 'r19216757', 'anchor_m': 3516}, {'source': 'overture', 'lat': 13.6630452, 'lon': 100.6219975, 'distance_m': 55, 'label': 'Bangkok Patana School (โรงเรียนบางกอกพัฒนา)', 'score': 3, 'anchor_m': 3562, 'keys': ['domain', 'name'], 'confidence': 0.77, 'overture_id': '02238e0f-3488-4bdc-a86a-ac51aaefaae8', 'category': 'place_of_learning'}, {'source': 'overture', 'lat': 13.65974, 'lon': 100.62792, 'distance_m': 785, 'label': 'โรงเรียน บางกอกพัฒนา นานาชาติ', 'score': 3, 'anchor_m': 4300, 'keys': ['domain', 'name'], 'confidence': 0.677, 'overture_id': '3e69ce0a-c8d6-4951-8909-4a9b9d7df045', 'category': 'place_of_learning'}, {'source': 'overture', 'lat': 13.6621469, 'lon': 100.6208888, 'distance_m': 175, 'label': 'โรงเรียน นานาชาติบางกอกพัฒนาลาซาล', 'score': 3, 'anchor_m': 3506, 'keys': ['name'], 'confidence': 0.825, 'overture_id': '51afcc6a-af89-4035-bec1-76fb642721d7', 'category': 'sports_and_recreation'}, {'source': 'overture', 'lat': 13.6607996, 'lon': 100.6229136, 'distance_m': 323, 'label': 'Bangkok Patana Tennis', 'score': 0, 'anchor_m': 3771, 'keys': ['domain'], 'confidence': 0.921, 'overture_id': 'd55d8b4d-7d63-4a3e-bbd7-13d0ba2ed468', 'category': 'sport_court'}, {'source': 'overture', 'lat': 13.6602948, 'lon': 100.6222638, 'distance_m': 358, 'label': 'Sport Complex Bangkok Patana School', 'score': 0, 'anchor_m': 3740, 'keys': ['domain'], 'confidence': 0.874, 'overture_id': '812e02c6-39fb-4fc9-b1fa-6aaa6dfefb9d', 'category': 'gym'}, {'source': 'arcgis_poi', 'distance_m': 214, 'label': 'Bangkok Patana School', 'score': 3, 'anchor_m': 3659}, {'source': 'arcgis_address', 'distance_m': 220, 'label': 'PointAddress: 643 ถนนลาซาล เขตบางนา กรุงเทพมหานคร 10260', 'anchor_m': 3685}]","{'level': 'amphoe', 'label': 'เขตบางนา กรุงเทพมหานคร'}",consensus-v2,True,high,True,Bangkok Patana School,False,1957,"['ONESQA', 'CIS']"
61,1110700071,นานาชาติชาร์เตอร์,CHARTER INTERNATIONAL SCHOOL,กรุงเทพมหานคร,ประเวศ,ประเวศ,36 ถนน เฉลิมพระเกียรติร.9 แขวงประเวศ เขตประเวศ กรุงเทพมหานคร 10250,,Not Checked,,,,,,13.7111643,100.6943249,"ยืนยันตรงกันหลายแหล่ง: ArcGIS POI, Overture Maps (ทุกแหล่งห่างจากจุดนี้ไม่เกิน 18 ม.)",Exact,https://school.opec.go.th/school/1110700071,"['ก่อนอนุบาล', 'อนุบาล', 'ประถมศึกษา', 'มัธยมศึกษาตอนต้น', 'มัธยมศึกษาตอนปลาย']",ก่อนอนุบาล - มัธยมศึกษาตอนปลาย,334,48,"['หลักสูตรสหราชอาณาจักร', 'หลักสูตรแห่งชาติของประเทศสหราชอาณาจักร']",,,นายเมธา เธียรประสิทธิ์,ไม่รับเงินอุดหนุน,,,,,,,,https://pedb.opec.go.th/web/SchoolPdc.htm?mode=showPicture&t=1&id=4000,,,,,2026-09-14 01:07:18,2026-09-29 18:07:04,13.7145536,100.69577490000006,"['ArcGIS POI', 'Overture Maps']","[{'source': 'opec', 'lat': 13.7145536, 'lon': 100.6957749, 'distance_m': 408, 'label': 'OPEC', 'anchor_m': 303}, {'source': 'overture', 'lat': 13.7111643, 'lon': 100.6943249, 'distance_m': 0, 'label': 'Charter International School', 'score': 3, 'anchor_m': 659, 'keys': ['domain', 'name'], 'confidence': 0.984, 'overture_id': '0cac8527-d07c-40dd-a956-14b16fd3f9fa', 'category': 'place_of_learning'}, {'source': 'arcgis_poi', 'distance_m': 18, 'label': 'Charter International School', 'score': 3, 'anchor_m': 644}, {'source': 'arcgis_address', 'distance_m': 651, 'label': 'PointAddress: 36 ซอยเฉลิมพระเกียรติ ร. 9 ซอย 85 เขตประเวศ กรุงเทพมหานคร 10250', 'anchor_m': 152}]","{'level': 'amphoe', 'label': 'เขตประเวศ กรุงเทพมหานคร'}",consensus-v2,True,high,True,Charter International School,False,2003,"['ONESQA', 'ACS WASC', 'CIS']"
62,1110700072,นานาชาติเวลล์ส,WELLS INTERNATIONAL SCHOOL,กรุงเทพมหานคร,วัฒนา,คลองตันเหนือ,6  ซอย 51 ถนน สุขุมวิท แขวงคลองตันเหนือ เขตวัฒนา กรุงเทพมหานคร 10110,,Not Checked,,,,,,13.7271685,100.576964,ตำแหน่งเดียวกับ นานาชาติเวลล์ส-อ่อนนุช — อาจเป็นวิทยาเขตของอีกแห่ง (พิกัดประมาณการ),Approximate,https://school.opec.go.th/school/1110700072,"['ก่อนอนุบาล', 'อนุบาล']",ก่อนอนุบาล - อนุบาล,63,17,['หลักสูตรของสำนักการศึกษาแห่งรัฐแคลิฟอร์เนีย ประเทศสหรัฐอเมริกา'],นายธำรง  อรุณสันติเดชา,นางสาวอินทิรา บริบูรณ์,นายเย่า ล่าง จาง,ไม่รับเงินอุดหนุน,,,,,,,,https://pedb.opec.go.th/web/SchoolPdc.htm?mode=showPicture&t=1&id=4002,,,,,2026-09-14 01:07:17,2026-09-29 18:07:04,13.7039165,100.6057442,[],"[{'source': 'opec', 'lat': 13.7039165, 'lon': 100.6057442, 'distance_m': 4044, 'label': 'OPEC', 'anchor_m': 4779, 'shared': True}, {'source': 'osm', 'lat': 13.7271685, 'lon': 100.576964, 'distance_m': 0, 'label': 'Wells International School', 'score': 3, 'osm_id': 'w324275305', 'anchor_m': 1955}, {'source': 'overture', 'lat': 13.70193, 'lon': 100.60306, 'distance_m': 3978, 'label': 'Wells International School', 'score': 3, 'anchor_m': 4860, 'keys': ['name'], 'confidence': 0.996, 'overture_id': 'ccff476f-e068-4ccc-a7ba-1018bf7c01c1', 'category': 'place_of_learning'}, {'source': 'overture', 'lat': 13.6732584, 'lon': 100.6444819, 'distance_m': 9441, 'label': 'Wells International Kindergarten', 'score': 3, 'anchor_m': 9948, 'keys': ['name'], 'confidence': 0.77, 'overture_id': '5b44ffd5-6824-4716-bd54-231239111ea1', 'category': 'preschool'}, {'source': 'overture', 'lat': 13.7272513, 'lon': 100.5767442, 'distance_m': 25, 'label': 'Wells International School', 'score': 3, 'anchor_m': 1959, 'keys': ['name'], 'confidence': 0.77, 'overture_id': '5e846bfc-2acf-43f0-af54-600c0d101264', 'category': 'education'}, {'source': 'overture', 'lat': 13.673398, 'lon': 100.6443761, 'distance_m': 9423, 'label': 'Wells International School', 'score': 3, 'anchor_m': 9929, 'keys': ['name'], 'confidence': 0.752, 'overture_id': '6d992642-6ea3-47d4-aee4-2c84fcbf3093', 'category': 'shopping'}, {'source': 'arcgis_poi', 'distance_m': 3993, 'label': 'Wells International School', 'score': 3, 'anchor_m': 4866}, {'source': 'arcgis_poi', 'distance_m': 25, 'label': 'Wells International School', 'score': 3, 'anchor_m': 1931}, {'source': 'arcgis_poi', 'distance_m': 9351, 'label': 'Wells International School', 'score': 3, 'anchor_m': 9881}, {'source': 'arcgis_poi', 'distance_m': 4001, 'label': 'Wells International School', 'score': 3, 'anchor_m': 4859}, {'source': 'arcgis_poi', 'distance_m': 16, 'label': 'Wells International School', 'score': 3, 'anchor_m': 1943}, {'source': 'arcgis_address', 'distance_m': 29, 'label': 'PointAddress: 6 ซอย 51 ถนนสุขุมวิท เขตวัฒนา กรุงเทพมหานคร 10110', 'anchor_m': 1927}]","{'level': 'amphoe', 'label': 'เขตวัฒนา กรุงเทพมหานคร'}",consensus-v2,False,low,True,Wells International School,False,2003,['ONESQA']
63,1110700073,นานาชาติแอ๊ดเวนตีสกรุงเทพ,BANGKOK ADVENTIST INTERNATIONAL SCHOOL,กรุงเทพมหานคร,วัฒนา,คลองตันเหนือ,12 ซอย ปรีดีพนมยงค์ 37 ถนน สุขุมวิท 71 แขวงคลองตันเหนือ เขตวัฒนา กรุงเทพมหานคร 10110,,Not Checked,,,023819406,0877943800,,13.7329672,100.594536,"ยืนยันตรงกันหลายแหล่ง: ArcGIS POI, OpenStreetMap, Overture Maps (ทุกแหล่งห่างจากจุดนี้ไม่เกิน 47 ม.)",Exact,https://school.opec.go.th/school/1110700073,"['อนุบาล', 'ประถมศึกษา', 'มัธยมศึกษาตอนต้น']",อนุบาล - มัธยมศึกษาตอนต้น,127,13,['หลักสูตรนานาชาติ'],,นายดนัย อากาศสุภา,นายดนัย  อากาศสุภา,ไม่รับเงินอุดหนุน,,,,,,,,https://pedb.opec.go.th/web/SchoolPdc.htm?mode=showPicture&t=1&id=4032,,,,,2026-09-14 01:07:18,2026-09-29 18:07:04,13.7315578,100.58709410000006,"['ArcGIS POI', 'OpenStreetMap', 'Overture Maps']","[{'source': 'opec', 'lat': 13.7315578, 'lon': 100.5870941, 'distance_m': 819, 'label': 'OPEC', 'anchor_m': 1210}, {'source': 'osm', 'lat': 13.7329672, 'lon': 100.594536, 'distance_m': 0, 'label': 'โรงเรียนนานาชาติแอ๊ดเวนตีสกรุงเทพ / Bangkok Adventist International School', 'score': 3, 'osm_id': 'w1368395623', 'anchor_m': 1393}, {'source': 'overture', 'lat': 13.733188, 'lon': 100.5949079, 'distance_m': 47, 'label': 'Bangkok Adventist International School', 'score': 3, 'anchor_m': 1402, 'keys': ['domain', 'name', 'phone'], 'confidence': 0.988, 'overture_id': 'b9d81ca2-2e6e-42d1-a917-f8a112493b12', 'category': 'place_of_learning'}, {'source': 'arcgis_poi', 'distance_m': 18, 'label': 'Bangkok Adventist International School', 'score': 3, 'anchor_m': 1390}, {'source': 'arcgis_poi', 'distance_m': 20, 'label': 'Bangkok Adventist International School', 'score': 3, 'anchor_m': 1388}, {'source': 'arcgis_address', 'distance_m': 2112, 'label': 'PointAddress: 3/7 ถนนสุขุมวิท 71 เขตวัฒนา กรุงเทพมหานคร 10110', 'anchor_m': 3283}, {'source': 'arcgis_address', 'distance_m': 1636, 'label': 'PointAddress: 37 ถนนสุขุมวิท เขตวัฒนา กรุงเทพมหานคร 10110', 'anchor_m': 2542}]","{'level': 'amphoe', 'label': 'เขตวัฒนา กรุงเทพมหานคร'}",consensus-v2,True,high,True,Bangkok Adventist International School,False,1946,"['ONESQA', 'Adventist Accrediting Association (AAA) - Member of the Seventh-day Adventist International School System']"
64,1110700074,นานาชาติกีรพัฒน์,KEERA-PAT INTERNATIONAL SCHOOL,กรุงเทพมหานคร,บางเขน,ท่าแร้ง,58 หมู่ที่ 9 ซอยอยู่เย็น ถนน รามอินทรา แขวงท่าแร้ง เขตบางเขน กรุงเทพมหานคร 10220,https://www.kpis.ac.th/,OPEC Profile,https://www.kpis.ac.th/,https://www.facebook.com/kpis.fb,,,,13.8451352,100.6325403,"ยืนยันตรงกันหลายแหล่ง: OPEC, OpenStreetMap, Overture Maps (ทุกแหล่งห่างจากจุดนี้ไม่เกิน 25 ม.)",Exact,https://school.opec.go.th/school/1110700074,"['อนุบาล', 'ประถมศึกษา', 'มัธยมศึกษาตอนต้น', 'มัธยมศึกษาตอนปลาย']",อนุบาล - มัธยมศึกษาตอนปลาย,621,75,"['หลักสูตรสหรัฐอเมริกัน', 'AP Statistics', 'Common Core California America']",,นางสาวประพิมพ์พรรณ วงษ์วิจารณ์,นายภัทรธีร์ กีรสว่างพร,ไม่รับเงินอุดหนุน,,โรงเรียนนานาชาติกีรพัฒน์เป็นโรงเรียนนานาชาติที่สร้างสมดุลทางการศึกษาซึ่งจะช่วยสร้างให้ผู้เรียนมีคุณธรรม และจริยธรรมควบคู่กับความรู้ มีความรับผิดชอบต่อสังคม และรู้เท่าทันโลกปัจจุบัน ซึ่งมีการแข่งขันทางด้านข้อมูลข่าวสาร,โรงเรียนนานาชาติกีรพัฒน์เป็นโรงเรียนนานาชาติที่ให้การศึกษาขั้นพื้นฐานแก่ผู้เรียนในด้านความรู้ทักษะ และทัศนคติที่จำเป็นเพื่อการอยู่ร่วมกันอย่างสมานฉันท์ในสังคมที่มีความแตกต่างและหลากหลายเช่นเป็นนักสื่อสาร ที่มีประสิทธิภาพ เป็นผู้เรียนรู้ตลอดชีวิต เป็น,1. เป็นนักสื่อสารที่มีประสิทธิภาพ 2. เป็นผู้กำกับตนเองให้เป็นผู้เรียนรู้ตลอดชีวิต 3. เป็นนักคิด และรู้จักแก้ไขปัญหา 4. เป็นพลเมืองโลกที่รู้จักรับผิดชอบ,,,,https://pedb.opec.go.th/web/SchoolPdc.htm?mode=showPicture&t=1&id=4055,@kpisbangkok,,,,2026-09-14 01:07:18,2026-09-29 18:07:04,13.845111,100.63277199999993,"['OPEC', 'OpenStreetMap', 'Overture Maps']","[{'source': 'opec', 'lat': 13.845111, 'lon': 100.632772, 'distance_m': 25, 'label': 'OPEC', 'anchor_m': 5057}, {'source': 'osm', 'lat': 13.8451352, 'lon': 100.6325403, 'distance_m': 0, 'label': 'โรงเรียนนนานาชาติกีรพัฒน์ / Keerapat International School', 'score': 3, 'osm_id': 'n4811250935', 'anchor_m': 5036}, {'source': 'overture', 'lat': 13.8450404, 'lon': 100.6326698, 'distance_m': 18, 'label': 'KPIS International School', 'score': 0, 'anchor_m': 5053, 'keys': ['domain'], 'confidence': 0.974, 'overture_id': '13eafd3a-23d4-4a44-9e70-b8429e82a3f4', 'category': 'place_of_learning'}, {'source': 'arcgis_address', 'distance_m': 3097, 'label': 'PointAddress: 9 ถนนรามอินทรา เขตบางเขน กรุงเทพมหานคร 10220', 'anchor_m': 2002}]","{'level': 'amphoe', 'label': 'เขตบางเขน กรุงเทพมหานคร'}",consensus-v2,True,high,True,Keerapat International School,False,2005,"['ONESQA', 'ACS WASC']"
65,1110700075,นานาชาติ บีคอนเฮาส์ แย้มสอาด,BEACONHOUSE YAMSAARD INTERNATIONAL SCHOOL,กรุงเทพมหานคร,ประเวศ,ประเวศ,166/1 ซอย พัฒนาการ 78 ถนน พัฒนาการ แขวงประเวศ เขตประเวศ กรุงเทพมหานคร 10250,,Not Checked,,,,,,13.7225814,100.6566802,"ยืนยันตรงกันหลายแหล่ง: OpenStreetMap, Overture Maps (ทุกแหล่งห่างจากจุดนี้ไม่เกิน 50 ม.) — มีจุดชื่อเดียวกันอีก 2 จุด ห่าง 13.2 กม.ขึ้นไป (วิทยาเขตอื่นหรือย้ายที่ตั้ง?)",Exact,https://school.opec.go.th/school/1110700075,"['ก่อนอนุบาล', 'อนุบาล', 'ประถมศึกษา', 'มัธยมศึกษาตอนต้น']",ก่อนอนุบาล - มัธยมศึกษาตอนต้น,133,31,"['หลักสูตรสหราชอาณาจักร', 'UK National Curriculum']",นายศุภลักษณ์  วีณิน,นางสาวอัจฉรียา  วีณิน,นางอภิลักษณ์ แย้มสอาด,ไม่รับเงินอุดหนุน,,,,,,,,https://pedb.opec.go.th/web/SchoolPdc.htm?mode=showPicture&t=1&id=4057,,,,,2026-09-14 01:07:18,2026-09-29 18:07:04,13.8029997,100.56674350000003,"['OpenStreetMap', 'Overture Maps']","[{'source': 'opec', 'lat': 13.8029997, 'lon': 100.5667435, 'distance_m': 13203, 'label': 'OPEC', 'anchor_m': 16801}, {'source': 'osm', 'lat': 13.7225814, 'lon': 100.6566802, 'distance_m': 0, 'label': 'Beaconhouse Yamsaard International School / โรงเรียนนานาชาติบีคอนเฮ้าส์แย้มสะอาด', 'score': 4, 'osm_id': 'n10945256385', 'anchor_m': 4153}, {'source': 'osm', 'lat': 13.9756637, 'lon': 100.6860075, 'distance_m': 28319, 'label': 'Beaconhouse Yamsaard School', 'score': 4, 'osm_id': 'w256068981', 'anchor_m': 28769}, {'source': 'osm', 'lat': 13.8027578, 'lon': 100.5669653, 'distance_m': 13167, 'label': 'โรงเรียนบีคอนเฮาส์ แย้มสอาดลาดพร้าว', 'score': 3, 'osm_id': 'w1422842270', 'anchor_m': 16766}, {'source': 'overture', 'lat': 13.7229712, 'lon': 100.6569173, 'distance_m': 50, 'label': 'Beaconhouse Yamsaard International School', 'score': 4, 'anchor_m': 4134, 'keys': ['domain', 'name'], 'confidence': 0.986, 'overture_id': '8ba54b2a-b642-4be4-811c-184d3a3a2dcb', 'category': 'place_of_learning'}, {'source': 'overture', 'lat': 13.8026434, 'lon': 100.5669149, 'distance_m': 13162, 'label': 'Beaconhouse Yamsaard School Ladprao', 'score': 0, 'anchor_m': 16764, 'keys': ['domain'], 'confidence': 0.987, 'overture_id': 'd13aa361-30a1-4219-abb1-4f6f5b424fab', 'category': 'specialty_school'}, {'source': 'overture', 'lat': 13.9755455, 'lon': 100.6854652, 'distance_m': 28299, 'label': 'Beaconhouse Yamsaard School Rangsit', 'score': 0, 'anchor_m': 28758, 'keys': ['domain'], 'confidence': 0.982, 'overture_id': '4ccd727a-a57b-4b0a-a347-08ba53169c00', 'category': 'specialty_school'}, {'source': 'overture', 'lat': 13.9756439, 'lon': 100.6853498, 'distance_m': 28309, 'label': 'โรงเรียนแย้มสอาดรังสิต', 'score': 0, 'anchor_m': 28769, 'keys': ['domain'], 'confidence': 0.836, 'overture_id': 'efdb2309-f9b2-489f-bb20-a452fa0a1bfd', 'category': 'place_of_learning'}, {'source': 'overture', 'lat': 13.9724742, 'lon': 100.6899399, 'distance_m': 28018, 'label': 'BYSR - Secondary', 'score': 0, 'anchor_m': 28404, 'keys': ['domain'], 'confidence': 0.795, 'overture_id': '6af56232-e506-4945-a472-67c8eba0d26c', 'category': 'high_school'}, {'source': 'overture', 'lat': 13.975213, 'lon': 100.6861534, 'distance_m': 28271, 'label': 'โรงเรียนบีคอนเฮาส์ แย้มสอาดรังสิต (Beaconhouse Yamsaard Rangsit School)', 'score': 0, 'anchor_m': 28718, 'keys': ['domain'], 'confidence': 0.77, 'overture_id': 'd4162d06-a3e5-4ef2-b62d-6425043005ba', 'category': 'place_of_learning'}]","{'level': 'amphoe', 'label': 'เขตประเวศ กรุงเทพมหานคร'}",consensus-v2,True,high,True,Beaconhouse Yamsaard International School,False,2015,['EDT']
66,1110700076,ไทยซิกข์นานาชาติ กรุงเทพ,THAI SIKN INTERNATIONAL SCHOOL OF BANGKOK,กรุงเทพมหานคร,คลองสาน,สมเด็จเจ้าพระยา,717 หมู่ 1 ซอย สารภี 2 ถนน ประชาธิปก แขวงสมเด็จเจ้าพระยา เขตคลองสาน กรุงเทพมหานคร 10600,,Not Checked,,,,,,13.6592739,100.594643,OPEC อยู่ห่างจากจุดกลางเขตที่จดทะเบียน 12.2 กม. (พิกัดประมาณการ),Approximate,https://school.opec.go.th/school/1110700076,['ประถมศึกษา'],ประถมศึกษา - ประถมศึกษา,302,19,['หลักสูตรกลางของประเทศอังกฤษ'],นายปานชัย  สิงห์สัจเทพ,นายบุญหนา  ธรเสนา,นายรายินเดอร์  ปาลซิงห์ หักราลบุตร,ไม่รับเงินอุดหนุน,,,,,,,,https://pedb.opec.go.th/web/SchoolPdc.htm?mode=showPicture&t=1&id=4058,,,,,2026-09-14 01:07:18,2026-09-29 18:07:04,13.6592739,100.59464300000002,[],"[{'source': 'opec', 'lat': 13.6592739, 'lon': 100.594643, 'distance_m': 0, 'label': 'OPEC', 'anchor_m': 12172, 'shared': True}, {'source': 'arcgis_poi', 'distance_m': 13294, 'label': 'โรงเรียนไทย ซิกข์ นานาชาติ กรุงเทพ', 'score': 3, 'anchor_m': 1606}, {'source': 'arcgis_address', 'distance_m': 13795, 'label': 'PointAddress: 2 ถนนประชาธิปก เขตธนบุรี กรุงเทพมหานคร 10600', 'anchor_m': 1638}]","{'level': 'amphoe', 'label': 'เขตคลองสาน กรุงเทพมหานคร'}",consensus-v2,False,low,,,,,
67,1110700078,นานาชาติแอสคอต,ASCOT INTERNATIONAL SCHOOL,กรุงเทพมหานคร,สะพานสูง,สะพานสูง,80/82 หมู่ 11 ซอย ซอยรามคำแหง 118 ถนน รามคำแหง แขวงสะพานสูง เขตสะพานสูง กรุงเทพมหานคร 10240,,Not Checked,,,,,,13.7625207,100.6868898,"ยืนยันตรงกันหลายแหล่ง: ArcGIS POI, OPEC, Overture Maps (ทุกแหล่งห่างจากจุดนี้ไม่เกิน 59 ม.)",Exact,https://school.opec.go.th/school/1110700078,"['อนุบาล', 'ประถมศึกษา', 'มัธยมศึกษาตอนต้น', 'มัธยมศึกษาตอนปลาย']",อนุบาล - มัธยมศึกษาตอนปลาย,461,33,"['IB Diploma Programme', 'National Curriculum for England and Wales']",นางทัศนียา  พอตเตอร์,นางสาวภัทรรินทร์ ศิริรัตน์,นายเรวัต นารูล่า,ไม่รับเงินอุดหนุน,,,,,,,,https://pedb.opec.go.th/web/SchoolPdc.htm?mode=showPicture&t=1&id=4090,,,,,2026-09-14 01:07:18,2026-09-29 18:07:04,13.7628865,100.68705499999999,"['ArcGIS POI', 'OPEC', 'Overture Maps']","[{'source': 'opec', 'lat': 13.7628865, 'lon': 100.687055, 'distance_m': 44, 'label': 'OPEC', 'anchor_m': 676}, {'source': 'overture', 'lat': 13.76659, 'lon': 100.688685, 'distance_m': 492, 'label': 'โรงเรียนนานาชาติ Ascot', 'score': 3, 'anchor_m': 406, 'keys': ['name'], 'confidence': 0.757, 'overture_id': 'fd536f32-d808-4408-86b7-dc6f714efdc7', 'category': 'lounge'}, {'source': 'overture', 'lat': 13.7625207, 'lon': 100.6868898, 'distance_m': 0, 'label': 'โรงเรียนนานาชาติแอสคอท', 'score': 0, 'anchor_m': 712, 'keys': ['domain'], 'confidence': 0.759, 'overture_id': 'fe1e49d8-6a82-496f-a7d7-c3b9f166626b', 'category': 'elementary_school'}, {'source': 'arcgis_poi', 'distance_m': 59, 'label': 'Ascot International School', 'score': 3, 'anchor_m': 704}, {'source': 'arcgis_poi', 'distance_m': 24, 'label': 'Ascot International School', 'score': 3, 'anchor_m': 704}]","{'level': 'amphoe', 'label': 'เขตสะพานสูง กรุงเทพมหานคร'}",consensus-v2,True,high,True,Ascot International School,False,1996,['ONESQA']
68,1110700080,นานาชาติบรอมส์โกรฟ,BROMSGROVE INTERNATIONAL SCHOOL THAILAND,กรุงเทพมหานคร,มีนบุรี,แสนแสบ,55 หมู่ 9 ถนน สุวินทวงศ์ แขวงแสนแสบ เขตมีนบุรี กรุงเทพมหานคร 10510,,Not Checked,,,,,,13.7953932,100.7095007,"ยืนยันตรงกันหลายแหล่ง: OPEC, Overture Maps (ทุกแหล่งห่างจากจุดนี้ไม่เกิน 32 ม.)",Exact,https://school.opec.go.th/school/1110700080,"['อนุบาล', 'ประถมศึกษา', 'มัธยมศึกษาตอนต้น', 'มัธยมศึกษาตอนปลาย']",อนุบาล - มัธยมศึกษาตอนปลาย,426,72,"['หลักสูตรประเทศอังกฤษ', 'หลักสูตรเวลส์', 'English National Curriculum']",,,นางกฤตยา ภวัครานนท์,ไม่รับเงินอุดหนุน,,,,,,,,https://pedb.opec.go.th/web/SchoolPdc.htm?mode=showPicture&t=1&id=4122,,,,,2026-09-14 01:07:18,2026-09-29 18:07:04,13.795555,100.70974769999998,"['OPEC', 'Overture Maps']","[{'source': 'opec', 'lat': 13.795555, 'lon': 100.7097477, 'distance_m': 32, 'label': 'OPEC', 'anchor_m': 3060}, {'source': 'overture', 'lat': 13.7953932, 'lon': 100.7095007, 'distance_m': 0, 'label': 'Bromsgrove International School Early Years Campus', 'score': 3, 'anchor_m': 3092, 'keys': ['domain', 'name'], 'confidence': 0.932, 'overture_id': '48f32335-25a4-461a-8d37-617e8512a2c9', 'category': 'high_school'}, {'source': 'overture', 'lat': 13.818844, 'lon': 100.7967501, 'distance_m': 9776, 'label': 'Bromsgrove International School Thailand', 'score': 3, 'anchor_m': 7106, 'keys': ['domain', 'name'], 'confidence': 0.77, 'overture_id': 'bab1a1c5-0481-4544-b3a1-5c471e895ec8', 'category': 'high_school'}, {'source': 'overture', 'lat': 13.8190942, 'lon': 100.7972082, 'distance_m': 9831, 'label': 'โรงเรียนนานาชาติบรอมส์โกรฟ', 'score': 3, 'anchor_m': 7158, 'keys': ['name'], 'confidence': 0.709, 'overture_id': '24ecd1aa-bd30-412a-9610-c365e3a71d25', 'category': 'place_of_learning'}, {'source': 'overture', 'lat': 13.8117949, 'lon': 100.7924053, 'distance_m': 9136, 'label': 'BIST Boarding', 'score': 0, 'anchor_m': 6616, 'keys': ['domain'], 'confidence': 0.65, 'overture_id': '058e9f71-79fb-4fe0-9f2d-4f0a3d0c1152', 'category': 'campus_building'}, {'source': 'arcgis_poi', 'distance_m': 9832, 'label': 'Bromsgrove International School', 'score': 3, 'anchor_m': 7167}, {'source': 'arcgis_poi', 'distance_m': 11173, 'label': 'Bromsgrove International School', 'score': 3, 'anchor_m': 8567}, {'source': 'arcgis_address', 'distance_m': 5787, 'label': 'PointAddress: 9 ถนนสุวินทวงศ์ เขตมีนบุรี กรุงเทพมหานคร 10510', 'anchor_m': 3011}]","{'level': 'amphoe', 'label': 'เขตมีนบุรี กรุงเทพมหานคร'}",consensus-v2,True,high,True,Bromsgrove International School Thailand,False,2002,"['ONESQA', 'EDT']"
69,1110700081,นานาชาติแอสเตอร์ กรุงเทพ,Aster International School Bangkok,กรุงเทพมหานคร,ยานนาวา,ช่องนนทรี,"289/2, 289/4-6 ซอย นราธิวาสราชนครินทร์ 24 ถนน นราธิวาสราชนครินทร์ แขวงช่องนนทรี เขตยานนาวา กรุงเทพมหานคร 10120",https://aster.ac.th/,OPEC Profile,https://aster.ac.th/,https://www.facebook.com/asterbangkok,026722100,,,13.7012615,100.5363686,"ยืนยันตรงกันหลายแหล่ง: ArcGIS POI, OPEC, Overture Maps (ทุกแหล่งห่างจากจุดนี้ไม่เกิน 109 ม.)",Exact,https://school.opec.go.th/school/1110700081,"['ก่อนอนุบาล', 'อนุบาล', 'ประถมศึกษา', 'มัธยมศึกษาตอนต้น', 'มัธยมศึกษาตอนปลาย']",ก่อนอนุบาล - มัธยมศึกษาตอนปลาย,469,44,"['The Early Years Foundation Stage', 'A National curriculum in England', 'Cambridge Assessment International Education', 'Cambridge Assessment International Education (CAIE)', 'Cambridge International A & AS Level', 'Early Year Foundation Stage Development Matters', 'National Curriculum in England', 'The Early Years Foundation Stage (EYFS)', 'หลักสูตรของสำนักการศึกษาแห่งรัฐแคลิฟอร์เนีย ประเทศสหรัฐอเมริกา', 'หลักสูตรวิชาภาษาไทย วัฒนธรรมและประวัติศาสตร์ไทย']",,นางสาวเสาวนีย์ เสือพันธ์,นางสาวปาริตา เสือพันธ์,ไม่รับเงินอุดหนุน,,,,,,,,https://pedb.opec.go.th/web/SchoolPdc.htm?mode=showPicture&t=1&id=4123,,,,,2026-09-14 01:07:18,2026-09-29 18:07:04,13.7012349,100.53630659999999,"['ArcGIS POI', 'OPEC', 'Overture Maps']","[{'source': 'opec', 'lat': 13.7012349, 'lon': 100.5363066, 'distance_m': 7, 'label': 'OPEC', 'anchor_m': 851}, {'source': 'overture', 'lat': 13.7012615, 'lon': 100.5363686, 'distance_m': 0, 'label': 'Aster International School Bangkok', 'score': 3, 'anchor_m': 848, 'keys': ['domain', 'name', 'phone'], 'confidence': 0.981, 'overture_id': '519531b3-8949-4ca6-8a6a-fd4c67bc17c1', 'category': 'place_of_learning'}, {'source': 'arcgis_poi', 'distance_m': 109, 'label': 'Aster Bangkok International School', 'score': 3, 'anchor_m': 923}]","{'level': 'amphoe', 'label': 'เขตยานนาวา กรุงเทพมหานคร'}",consensus-v2,True,high,True,Aster International School Bangkok,False,2022,['EDT']
70,1110700082,อินเตอร์เนชั่นแนล เกวลี(หทัยราษฎร์),KEVALEE INTERNATIONAL SCHOOL,กรุงเทพมหานคร,คลองสามวา,สามวาตะวันตก,90 ซอย หทัยราษฎร์ 37   ถนน หทัยราษฎร์ แขวงสามวาตะวันตก เขตคลองสามวา กรุงเทพมหานคร 10510,,Not Checked,,,,,,13.8778281,100.71587,"ยืนยันตรงกันหลายแหล่ง: ArcGIS POI, OPEC, Overture Maps (ทุกแหล่งห่างจากจุดนี้ไม่เกิน 22 ม.) — มีจุดชื่อเดียวกันอีก 1 จุด ห่าง 1.1 กม.ขึ้นไป (วิทยาเขตอื่นหรือย้ายที่ตั้ง?)",Exact,https://school.opec.go.th/school/1110700082,"['อนุบาล', 'ประถมศึกษา', 'มัธยมศึกษาตอนต้น', 'มัธยมศึกษาตอนปลาย']",อนุบาล - มัธยมศึกษาตอนปลาย,77,18,"['หลักสูตรของทางโรงเรียน', 'American', 'Early years foundation stage statutory framework', 'High School Diploma / อังกฤษ (สหราชอาณาจักร)', 'The national Curriculum in England']",นางสาวนีรนาท เกวลี,นายพิริยะ  เกวลี,นางสาวนิรมล   เกวลี,ไม่รับเงินอุดหนุน,,,,,,,,https://pedb.opec.go.th/web/SchoolPdc.htm?mode=showPicture&t=1&id=4163,,,,,2026-09-14 01:07:18,2026-09-29 18:07:04,13.8776361,100.7159279,"['ArcGIS POI', 'OPEC', 'Overture Maps']","[{'source': 'opec', 'lat': 13.8776361, 'lon': 100.7159279, 'distance_m': 22, 'label': 'OPEC', 'anchor_m': 2371}, {'source': 'overture', 'lat': 13.86966, 'lon': 100.7223, 'distance_m': 1143, 'label': 'Kevalee International School', 'score': 3, 'anchor_m': 2253, 'keys': ['domain', 'name'], 'confidence': 0.966, 'overture_id': 'c6f5ec56-2c9d-446d-97d6-61d8303eea30', 'category': 'place_of_learning'}, {'source': 'overture', 'lat': 13.8778281, 'lon': 100.71587, 'distance_m': 0, 'label': 'Kevalee International School', 'score': 3, 'anchor_m': 2386, 'keys': ['domain', 'name'], 'confidence': 0.943, 'overture_id': '762f5437-e67f-4e0d-a1b9-e309e0951b11', 'category': 'elementary_school'}, {'source': 'arcgis_poi', 'distance_m': 11, 'label': 'Kevalee International School', 'score': 3, 'anchor_m': 2375}, {'source': 'arcgis_address', 'distance_m': 2208, 'label': 'PointAddress: 37 ถนนหทัยราษฎร์ เขตคลองสามวา กรุงเทพมหานคร 10510', 'anchor_m': 4576}]","{'level': 'amphoe', 'label': 'เขตคลองสามวา กรุงเทพมหานคร'}",consensus-v2,True,high,True,Kevalee International School,False,1996,['ACS WASC']
71,1110700083,นานาชาติเซนต์ แอนดรูว์ส บางนา,ST.ANDREWS INTERNATIONAL SCHOOL BANGNA,กรุงเทพมหานคร,บางนา,บางนา,7 ซอย 107 ถนน สุขุมวิท แขวงบางนา เขตบางนา กรุงเทพมหานคร 10260,,Not Checked,,,,,,13.6603519,100.6022518,"ยืนยันตรงกันหลายแหล่ง: ArcGIS POI, ArcGIS บ้านเลขที่, OPEC, OpenStreetMap, Overture Maps (ทุกแหล่งห่างจากจุดนี้ไม่เกิน 157 ม.)",Exact,https://school.opec.go.th/school/1110700083,"['อนุบาล', 'ประถมศึกษา', 'มัธยมศึกษาตอนต้น', 'มัธยมศึกษาตอนปลาย']",อนุบาล - มัธยมศึกษาตอนปลาย,531,42,"['หลักสูตรสหราชอาณาจักร', 'British National Curriculum', 'The International Baccalaureate (IB)']",,นางสาวพิชญ์สินี ปวัตรพงศ์,นางสาวเสาวคนธ์ ลืมอักษร,ไม่รับเงินอุดหนุน,,,,,,,,https://pedb.opec.go.th/web/SchoolPdc.htm?mode=showPicture&t=1&id=4226,,,,,2026-09-14 01:07:18,2026-09-29 18:07:04,13.6596728,100.60202819999995,"['ArcGIS POI', 'ArcGIS บ้านเลขที่', 'OPEC', 'OpenStreetMap', 'Overture Maps']","[{'source': 'opec', 'lat': 13.6596728, 'lon': 100.6020282, 'distance_m': 79, 'label': 'OPEC', 'anchor_m': 2274}, {'source': 'osm', 'lat': 13.7237591, 'lon': 100.5978566, 'distance_m': 7067, 'label': 'โรงเรียนนานาชาติเซนต์แอนดรูวส์ / St. Andrews International School', 'score': 3, 'osm_id': 'w335064293', 'anchor_m': 5106}, {'source': 'osm', 'lat': 13.7172537, 'lon': 100.5874184, 'distance_m': 6527, 'label': 'โรงเรียนนานาชาติเซนต์แอนดรูว์ส / St. Andrews International School', 'score': 3, 'osm_id': 'w560431783', 'anchor_m': 4394}, {'source': 'osm', 'lat': 13.6603519, 'lon': 100.6022518, 'distance_m': 0, 'label': 'โรงเรียนนานาชาติเซนต์แอนดรูส์ สุขุมวิท / St. Andrews International School', 'score': 3, 'osm_id': 'w748970311', 'anchor_m': 2217}, {'source': 'overture', 'lat': 13.7242709, 'lon': 100.5968049, 'distance_m': 7132, 'label': 'St Andrews International School Bangkok', 'score': 3, 'anchor_m': 5152, 'keys': ['name'], 'confidence': 1.0, 'overture_id': 'f3859eb3-460c-4d90-9d43-12ee8ed79753', 'category': 'elementary_school'}, {'source': 'overture', 'lat': 13.6590651, 'lon': 100.6016427, 'distance_m': 157, 'label': 'St. Andrews International School, Sukhumvit 107', 'score': 0, 'anchor_m': 2318, 'keys': ['domain'], 'confidence': 0.98, 'overture_id': 'ec070b5b-287b-43f6-9494-8a38377b6fc8', 'category': 'preschool'}, {'source': 'overture', 'lat': 13.6834254, 'lon': 100.6105542, 'distance_m': 2718, 'label': 'St. Andrews International School, Sukhumvit 107', 'score': 0, 'anchor_m': 1998, 'keys': ['domain'], 'confidence': 0.85, 'overture_id': '4a765caa-79b0-4637-9f8d-c3c888978a18', 'category': 'elementary_school'}, {'source': 'overture', 'lat': 13.6611798, 'lon': 100.6019567, 'distance_m': 97, 'label': 'ร.ร. นานชาติเซนต์แอนด์ดรูส์ สุขุมวิท107', 'score': 0, 'anchor_m': 2120, 'keys': ['domain'], 'confidence': 0.849, 'overture_id': 'f0841079-5eb2-4adf-8e33-5a735800a960', 'category': 'elementary_school'}, {'source': 'arcgis_poi', 'distance_m': 61, 'label': 'St. Andrews International School', 'score': 3, 'anchor_m': 2172}, {'source': 'arcgis_poi', 'distance_m': 10176, 'label': 'St. Andrews International School', 'score': 3, 'anchor_m': 8094}, {'source': 'arcgis_poi', 'distance_m': 7062, 'label': 'St. Andrews International School', 'score': 3, 'anchor_m': 5103}, {'source': 'arcgis_poi', 'distance_m': 26273, 'label': 'St. Andrews International School', 'score': 3, 'anchor_m': 24074}, {'source': 'arcgis_address', 'distance_m': 2618, 'label': 'PointAddress: 7 ถนนสุขุมวิท เขตบางนา กรุงเทพมหานคร 10260', 'anchor_m': 1971}, {'source': 'arcgis_address', 'distance_m': 108, 'label': 'PointAddress: 7 ถนนสุขุมวิท เขตบางนา กรุงเทพมหานคร 10260', 'anchor_m': 2292}]","{'level': 'amphoe', 'label': 'เขตบางนา กรุงเทพมหานคร'}",consensus-v2,True,high,True,"St. Andrews International School, Bangna",False,1996,"['ONESQA', 'CIS', 'EDT']"
72,1110700084,นานาชาติ ออสเตรเลีย กรุงเทพ สุขุมวิท 20,Australian International School Bangkok Sukhumvit 20,กรุงเทพมหานคร,คลองเตย,คลองเตย,162/2 และ 164 ถนน สุขุมวิท 20 แขวงคลองเตย เขตคลองเตย กรุงเทพมหานคร 10110,,Not Checked,,,,,,13.7281689,100.5637277,"ยืนยันตรงกันหลายแหล่ง: OpenStreetMap, Overture Maps (ทุกแหล่งห่างจากจุดนี้ไม่เกิน 214 ม.)",Exact,https://school.opec.go.th/school/1110700084,['อนุบาล'],อนุบาล - อนุบาล,31,11,['Australian National Curriculum'],นางปนัดดา  หงสกุล,นายสุรัตน์ ชยธวัช,นางปนัดดา  หงสกุล,ไม่รับเงินอุดหนุน,,,,,,,,https://pedb.opec.go.th/web/SchoolPdc.htm?mode=showPicture&t=1&id=4308,,,,,2026-09-14 01:07:19,2026-09-29 18:07:04,13.7283878,100.56405689999997,"['OpenStreetMap', 'Overture Maps']","[{'source': 'opec', 'lat': 13.7283878, 'lon': 100.5640569, 'distance_m': 43, 'label': 'OPEC', 'anchor_m': 3087, 'shared': True}, {'source': 'osm', 'lat': 13.7281689, 'lon': 100.5637277, 'distance_m': 0, 'label': 'Australian International School', 'score': 2, 'osm_id': 'n280389453', 'anchor_m': 3094}, {'source': 'overture', 'lat': 13.7441527, 'lon': 100.5687458, 'distance_m': 1858, 'label': 'Australian International School Bangkok', 'score': 2, 'anchor_m': 4315, 'keys': ['domain', 'name'], 'confidence': 0.983, 'overture_id': '687f798f-24f4-4746-bfc4-29665af13f21', 'category': 'place_of_learning'}, {'source': 'overture', 'lat': 13.7283102, 'lon': 100.5641468, 'distance_m': 48, 'label': 'Australian International School Bangkok', 'score': 2, 'anchor_m': 3075, 'keys': ['name'], 'confidence': 0.79, 'overture_id': '5e8abcb6-7498-4588-a2a4-65f6eb012be6', 'category': 'place_of_learning'}, {'source': 'overture', 'lat': 13.7300896, 'lon': 100.5637714, 'distance_m': 214, 'label': 'AISB Chess Academy', 'score': 0, 'anchor_m': 3248, 'keys': ['domain'], 'confidence': 0.763, 'overture_id': 'f7e9c5b3-5193-49a7-b39c-262305a6749d', 'category': 'sport_or_fitness_facility'}, {'source': 'arcgis_poi', 'distance_m': 1888, 'label': 'Australian International School Bangkok', 'score': 2, 'anchor_m': 4346}, {'source': 'arcgis_poi', 'distance_m': 2068, 'label': 'Australian International School Bangkok', 'score': 2, 'anchor_m': 4476}, {'source': 'arcgis_poi', 'distance_m': 1862, 'label': 'The Australian International School Sukhumvit 31', 'score': 2, 'anchor_m': 4328}, {'source': 'arcgis_address', 'distance_m': 1565, 'label': 'PointAddress: 164 ถนนสุขุมวิท เขตคลองเตย กรุงเทพมหานคร 10110', 'anchor_m': 4640}, {'source': 'arcgis_address', 'distance_m': 1727, 'label': 'PointAddress: 16/4 ถนนสุขุมวิท เขตวัฒนา กรุงเทพมหานคร 10110', 'anchor_m': 2958}]","{'level': 'amphoe', 'label': 'เขตคลองเตย กรุงเทพมหานคร'}",consensus-v2,True,high,True,Australian International School Bangkok Sukhumvit 20,False,2002,[]
73,1110700085,อนุบาลคิราคิราคิดส์ นานาชาติ,KIRAKIRA KIDS INTERNATIONAL KINDERGARTEN SCHOOL,กรุงเทพมหานคร,วัฒนา,คลองตันเหนือ,"81,83 ซอยเศรษฐบุตร (สุขุมวิท 61) ถนน สุขุมวิท แขวงคลองตันเหนือ เขตวัฒนา กรุงเทพมหานคร 10110",,Not Checked,,,,,,13.729681,100.5832223,"ยืนยันตรงกันหลายแหล่ง: ArcGIS POI, OPEC, Overture Maps (ทุกแหล่งห่างจากจุดนี้ไม่เกิน 25 ม.)",Exact,https://school.opec.go.th/school/1110700085,['อนุบาล'],อนุบาล - อนุบาล,64,14,"['Course of study for Kindergarten, Ministry of Education, Culture, Sports, Science and Technology 200']",นายวราวุธ  วงศ์วิเศษ,นายทรงพล บุญประเสริฐ,นายณัฐพล บุญประเสริฐ,ไม่รับเงินอุดหนุน,,,,,,,,https://pedb.opec.go.th/web/SchoolPdc.htm?mode=showPicture&t=1&id=4321,,,,,2026-09-14 01:07:19,2026-09-29 18:07:04,13.729598,100.5831432,"['ArcGIS POI', 'OPEC', 'Overture Maps']","[{'source': 'opec', 'lat': 13.729598, 'lon': 100.5831432, 'distance_m': 13, 'label': 'OPEC', 'anchor_m': 1456}, {'source': 'overture', 'lat': 13.729681, 'lon': 100.5832223, 'distance_m': 0, 'label': 'Kirakira Kids International Kindergarten School', 'score': 3, 'anchor_m': 1445, 'keys': ['domain', 'name'], 'confidence': 0.87, 'overture_id': '696be574-0912-44f7-af54-a38a55c96036', 'category': 'specialty_school'}, {'source': 'arcgis_poi', 'distance_m': 4, 'label': 'Kirakira Kids International Kindergarten', 'score': 3, 'anchor_m': 1442}, {'source': 'arcgis_poi', 'distance_m': 25, 'label': 'Kirakira Kids International Kindergarten', 'score': 3, 'anchor_m': 1459}, {'source': 'arcgis_address', 'distance_m': 703, 'label': 'PointAddress: 61 ถนนสุขุมวิท เขตวัฒนา กรุงเทพมหานคร 10110', 'anchor_m': 1163}, {'source': 'arcgis_address', 'distance_m': 3399, 'label': 'PointAddress: 61 ถนนสุขุมวิท เขตวัฒนา กรุงเทพมหานคร 10110', 'anchor_m': 3114}, {'source': 'arcgis_address', 'distance_m': 2510, 'label': 'PointAddress: 6/1 ถนนสุขุมวิท เขตคลองเตย กรุงเทพมหานคร 10110', 'anchor_m': 2818}]","{'level': 'amphoe', 'label': 'เขตวัฒนา กรุงเทพมหานคร'}",consensus-v2,True,high,,,,,
74,1110700086,นานาชาติกลอรี่สิงคโปร์,GLORY SINGAPORE INTERNATIONAL SCHOOL,กรุงเทพมหานคร,บางนา,บางนาเหนือ,33 ซอย วชิรธรรมสาธิต 18 ถนน สุขุมวิท 101/1 แขวงบางนาเหนือ เขตบางนา กรุงเทพมหานคร 10260,,Not Checked,,,,,,13.6824717,100.6183844,"ยืนยันตรงกันหลายแหล่ง: ArcGIS POI, ArcGIS บ้านเลขที่, OPEC, Overture Maps (ทุกแหล่งห่างจากจุดนี้ไม่เกิน 258 ม.)",Exact,https://school.opec.go.th/school/1110700086,"['ก่อนอนุบาล', 'อนุบาล', 'ประถมศึกษา', 'มัธยมศึกษาตอนต้น', 'มัธยมศึกษาตอนปลาย']",ก่อนอนุบาล - มัธยมศึกษาตอนปลาย,272,36,"['Cambridge IGCSE และ Cambridge AS and A Level (Secondary)', 'Early Years Development Framework', 'Nurturing Early Learners', 'สหราชอาณาจักร']",นางอรษา  ชาวเมืองบน,คุณดวงฤทัย ฉัตรศิขรินทร,นางอรษา  ชาวเมืองบน,ไม่รับเงินอุดหนุน,,,,,,,,https://pedb.opec.go.th/web/SchoolPdc.htm?mode=showPicture&t=1&id=4324,,,,,2026-09-14 01:07:20,2026-09-29 18:07:04,13.6824852,100.6184366,"['ArcGIS POI', 'ArcGIS บ้านเลขที่', 'OPEC', 'Overture Maps']","[{'source': 'opec', 'lat': 13.6824852, 'lon': 100.6184366, 'distance_m': 6, 'label': 'OPEC', 'anchor_m': 2802}, {'source': 'overture', 'lat': 13.6824717, 'lon': 100.6183844, 'distance_m': 0, 'label': 'Glory Singapore International School', 'score': 3, 'anchor_m': 2797, 'keys': ['name'], 'confidence': 0.985, 'overture_id': 'ae92ff82-b099-4d04-a711-81eee3959ac0', 'category': 'place_of_learning'}, {'source': 'overture', 'lat': 13.82754, 'lon': 100.70343, 'distance_m': 18563, 'label': 'Glory Singapore International School Ramintra', 'score': 3, 'anchor_m': 20461, 'keys': ['name'], 'confidence': 0.95, 'overture_id': '5b274de1-0c4e-4597-bb32-ecc22e024679', 'category': 'place_of_learning'}, {'source': 'arcgis_poi', 'distance_m': 3, 'label': 'Glory Singapore International School', 'score': 3, 'anchor_m': 2794}, {'source': 'arcgis_poi', 'distance_m': 258, 'label': 'Glory Singapore International School', 'score': 3, 'anchor_m': 3041}, {'source': 'arcgis_address', 'distance_m': 10, 'label': 'PointAddress: 33 ซอยวชิรธรรมสาธิต 18 เขตบางนา กรุงเทพมหานคร 10260', 'anchor_m': 2806}, {'source': 'arcgis_address', 'distance_m': 3200, 'label': 'PointAddress: 18 ถนนสุขุมวิท เขตวัฒนา กรุงเทพมหานคร 10260', 'anchor_m': 3408}]","{'level': 'amphoe', 'label': 'เขตบางนา กรุงเทพมหานคร'}",consensus-v2,True,high,True,Glory Singapore International School,False,2008,['EDT']
75,1110700087,อนุบาลนานาชาติออยสก้า,OISCA INTERNATIONAL KINDERGARTEN SCHOOL,กรุงเทพมหานคร,วัฒนา,คลองตันเหนือ,876 ซอย ปรีดี พนมยงค์ 36 ถนน สุขุมวิท 71 แขวงคลองตันเหนือ เขตวัฒนา กรุงเทพมหานคร 10110,,Not Checked,,,,,,13.7292106,100.5970959,"ยืนยันตรงกันหลายแหล่ง: ArcGIS POI, Overture Maps (ทุกแหล่งห่างจากจุดนี้ไม่เกิน 24 ม.)",Exact,https://school.opec.go.th/school/1110700087,['อนุบาล'],อนุบาล - อนุบาล,71,13,[],นางกมลลักษณ์  หงษ์หยก,นางเสรณ๊ย์ แก้วสุกล,นางกมลลักษณ์  หงษ์หยก,ไม่รับเงินอุดหนุน,,,,,,,,https://pedb.opec.go.th/web/SchoolPdc.htm?mode=showPicture&t=1&id=4338,,,,,2026-09-14 01:07:23,2026-09-29 18:07:04,13.7184294,100.54678239999998,"['ArcGIS POI', 'Overture Maps']","[{'source': 'opec', 'lat': 13.7184294, 'lon': 100.5467824, 'distance_m': 5566, 'label': 'OPEC', 'anchor_m': 5007, 'shared': True}, {'source': 'overture', 'lat': 13.7292106, 'lon': 100.5970959, 'distance_m': 0, 'label': 'OISCA International School & Nursery', 'score': 3, 'anchor_m': 1891, 'keys': ['domain', 'name'], 'confidence': 0.508, 'overture_id': '83d3c6bc-67a7-438e-ad31-9b88ea098167', 'category': 'place_of_learning'}, {'source': 'arcgis_poi', 'distance_m': 24, 'label': 'Oisca Kindergaten International School', 'score': 3, 'anchor_m': 1915}, {'source': 'arcgis_address', 'distance_m': 24, 'label': 'PointAddress: 876 ซอยปรีดี พนมยงค์ 36 เขตวัฒนา กรุงเทพมหานคร 10110', 'anchor_m': 1915, 'copy': True}, {'source': 'arcgis_address', 'distance_m': 1088, 'label': 'PointAddress: 36 ถนนสุขุมวิท 71 เขตวัฒนา กรุงเทพมหานคร 10110', 'anchor_m': 1357}, {'source': 'arcgis_address', 'distance_m': 1620, 'label': 'PointAddress: 36 ถนนสุขุมวิท เขตวัฒนา กรุงเทพมหานคร 10110', 'anchor_m': 336}]","{'level': 'amphoe', 'label': 'เขตวัฒนา กรุงเทพมหานคร'}",consensus-v2,True,high,,,,,
76,1110700088,นานาชาติเครซเซนต์,CRESCENT INTERNATIONAL SCHOOL,กรุงเทพมหานคร,สาทร,ทุ่งมหาเมฆ,72 ซอย บำเพ็ญบุญ ถนน พระราม 4 แขวงทุ่งมหาเมฆ เขตสาทร กรุงเทพมหานคร 10120,,Not Checked,,,,,,13.7183361,100.5469772,"ยืนยันตรงกันหลายแหล่ง: ArcGIS POI, OpenStreetMap, Overture Maps (ทุกแหล่งห่างจากจุดนี้ไม่เกิน 40 ม.)",Exact,https://school.opec.go.th/school/1110700088,"['ก่อนอนุบาล', 'อนุบาล', 'ประถมศึกษา', 'มัธยมศึกษาตอนต้น', 'มัธยมศึกษาตอนปลาย']",ก่อนอนุบาล - มัธยมศึกษาตอนปลาย,497,21,"['Cambridge International A & AS Level', 'สหราชอาณาจักร หลักสูตร IB']",นายลือศักดิ์  เอกชน,,นายลือศักดิ์  เอกชน,ไม่รับเงินอุดหนุน,,โรงเรียนนานาชาติเครซเซนต์เตรียมการศึกษาให้มีประสิทธิภาพ  เพื่อรองรับการผสมผ่านทางพหุวัฒนธรรม ซึ่งยอมรับคุณค่าของความเป็นมนุษย์บนพื้นฐษนของความศรัทธา และความเชื่อมั่นในวัฒนธรรมประเพณีอันดีงาม,,,,,,https://pedb.opec.go.th/web/SchoolPdc.htm?mode=showPicture&t=1&id=4339,,,,,2026-09-14 01:07:22,2026-09-29 18:07:04,13.7184294,100.54678239999998,"['ArcGIS POI', 'OpenStreetMap', 'Overture Maps']","[{'source': 'opec', 'lat': 13.7184294, 'lon': 100.5467824, 'distance_m': 23, 'label': 'OPEC', 'anchor_m': 2503, 'shared': True}, {'source': 'osm', 'lat': 13.7183361, 'lon': 100.5469772, 'distance_m': 0, 'label': 'โรงเรียนนานาชาติเครซเซนต์ / Crescent International School', 'score': 3, 'osm_id': 'w495907936', 'anchor_m': 2517}, {'source': 'overture', 'lat': 13.7185913, 'lon': 100.5467192, 'distance_m': 40, 'label': 'Crescent International School', 'score': 3, 'anchor_m': 2506, 'keys': ['domain', 'name'], 'confidence': 0.972, 'overture_id': '71c0ba5e-7c6c-49f7-b4f6-632e56b99524', 'category': 'place_of_learning'}, {'source': 'overture', 'lat': 13.7184084, 'lon': 100.5469948, 'distance_m': 8, 'label': 'Crescent College', 'score': 3, 'anchor_m': 2523, 'keys': ['name'], 'confidence': 0.857, 'overture_id': 'd5712408-585b-42e3-81b7-7b4f8d467afe', 'category': 'college_university'}, {'source': 'overture', 'lat': 13.7185786, 'lon': 100.5467235, 'distance_m': 38, 'label': 'Cresent International School (CIS), Bangkok', 'score': 0, 'anchor_m': 2505, 'keys': ['domain'], 'confidence': 0.717, 'overture_id': 'd110210a-fb97-4d76-a67e-c551c8bc8488'}, {'source': 'arcgis_poi', 'distance_m': 11, 'label': 'Crescent International School', 'score': 3, 'anchor_m': 2511}, {'source': 'arcgis_poi', 'distance_m': 13, 'label': 'Crescent International School', 'score': 3, 'anchor_m': 2510}, {'source': 'arcgis_address', 'distance_m': 4208, 'label': 'PointAddress: 72 ถนนพระรามที่ 4 เขตสัมพันธวงศ์ กรุงเทพมหานคร 10100', 'anchor_m': 3642}]","{'level': 'amphoe', 'label': 'เขตสาทร กรุงเทพมหานคร'}",consensus-v2,True,high,True,Crescent International School,False,2008,"['ONESQA', 'EDT']"
77,1110700089,นานาชาติเบิร์คลีย์,Berkeley International School,กรุงเทพมหานคร,บางนา,บางนา,123 ถนน บางนา-ตราด แขวงบางนา เขตบางนา กรุงเทพมหานคร 10260,,Not Checked,,,,,,13.6736467,100.6144738,"ยืนยันตรงกันหลายแหล่ง: ArcGIS POI, OPEC, OpenStreetMap, Overture Maps (ทุกแหล่งห่างจากจุดนี้ไม่เกิน 153 ม.)",Exact,https://school.opec.go.th/school/1110700089,"['ก่อนอนุบาล', 'อนุบาล', 'ประถมศึกษา', 'มัธยมศึกษาตอนต้น', 'มัธยมศึกษาตอนปลาย']",ก่อนอนุบาล - มัธยมศึกษาตอนปลาย,425,31,"['หลักสูตรสหรัฐอเมริกัน', 'American Common Core']",,นางสาวเมธาวดี ดวงแก้ว,นางสาวกรรณิการ์ ลีลาปัญญาเลิศ,ไม่รับเงินอุดหนุน,,,,,,,,https://pedb.opec.go.th/web/SchoolPdc.htm?mode=showPicture&t=1&id=4650,,,,,2026-09-14 01:07:22,2026-09-29 18:07:04,13.672343,100.61402499999997,"['ArcGIS POI', 'OPEC', 'OpenStreetMap', 'Overture Maps']","[{'source': 'opec', 'lat': 13.672343, 'lon': 100.614025, 'distance_m': 153, 'label': 'OPEC', 'anchor_m': 2371}, {'source': 'osm', 'lat': 13.6736467, 'lon': 100.6144738, 'distance_m': 0, 'label': 'โรงเรียนนานาชาติเบิร์คลีย์ / Berkeley International School', 'score': 3, 'osm_id': 'w1061578340', 'anchor_m': 2383}, {'source': 'overture', 'lat': 13.6723869, 'lon': 100.6139764, 'distance_m': 150, 'label': 'โรงเรียน นานาชาติเบิร์คลีย์', 'score': 3, 'anchor_m': 2365, 'keys': ['domain', 'name'], 'confidence': 0.672, 'overture_id': '7f9c72ee-e0b8-4e19-a67f-d1672cef4c86', 'category': 'education'}, {'source': 'overture', 'lat': 13.672437, 'lon': 100.614154, 'distance_m': 139, 'label': 'Berkeley International School', 'score': 3, 'anchor_m': 2382, 'keys': ['name'], 'confidence': 0.994, 'overture_id': 'cd059c4a-c0b9-4b5a-a3c5-73db4ca88adb', 'category': 'place_of_learning'}, {'source': 'arcgis_poi', 'distance_m': 117, 'label': 'Berkeley International School', 'score': 3, 'anchor_m': 2391}, {'source': 'arcgis_poi', 'distance_m': 80, 'label': 'Berkeley International School', 'score': 3, 'anchor_m': 2374}]","{'level': 'amphoe', 'label': 'เขตบางนา กรุงเทพมหานคร'}",consensus-v2,True,high,True,Berkeley International School,False,2010,"['ONESQA', 'ACS WASC']"
78,1110700091,นานาชาติรีเจ้นท์ กรุงเทพ - พระราม 9,Regent's International School Bangkok - Rama 9,กรุงเทพมหานคร,วังทองหลาง,วังทองหลาง,601/99 ซอยรามคำแหง 39 ซอย รามคำแหง 39 (เทพลีลา 1) แขวงวังทองหลาง เขตวังทองหลาง กรุงเทพมหานคร 10310,,Not Checked,,,,,,13.7675292,100.5961588,"ยืนยันตรงกันหลายแหล่ง: Overture Maps, เว็บไซต์โรงเรียน (ทุกแหล่งห่างจากจุดนี้ไม่เกิน 95 ม.)",Exact,https://school.opec.go.th/school/1110700091,"['ก่อนอนุบาล', 'อนุบาล', 'ประถมศึกษา', 'มัธยมศึกษาตอนต้น', 'มัธยมศึกษาตอนปลาย']",ก่อนอนุบาล - มัธยมศึกษาตอนปลาย,729,44,"['หลักสูตรประเทศอังกฤษ', 'English National Curriculum & IGCSE', 'International Baccalaureate (IB)']",,นางสาวรักชนก เตชะวิจิตร์,นางสาวขวัญชนก เตชะวิจิตร์,ไม่รับเงินอุดหนุน,,,,,,,,https://pedb.opec.go.th/web/SchoolPdc.htm?mode=showPicture&t=1&id=4668,,,,,2026-09-14 01:07:24,2026-09-29 18:07:04,13.768031,100.59623069999998,"['Overture Maps', 'เว็บไซต์โรงเรียน']","[{'source': 'opec', 'lat': 13.768031, 'lon': 100.5962307, 'distance_m': 56, 'label': 'OPEC', 'anchor_m': 2676, 'shared': True}, {'source': 'osm', 'lat': 13.7703239, 'lon': 100.5837533, 'distance_m': 1375, 'label': ""โรงเรียนนานาชาติเดอะรีเจ้นท์ / The Regent's School"", 'score': 3, 'osm_id': 'r18273006', 'anchor_m': 3690}, {'source': 'overture', 'lat': 13.7675292, 'lon': 100.5961588, 'distance_m': 0, 'label': ""Regent's International School Bangkok"", 'score': 3, 'anchor_m': 2718, 'keys': ['domain', 'name'], 'confidence': 0.949, 'overture_id': '5848bbee-718b-40ce-8b73-f1919b3d5477', 'category': 'high_school'}, {'source': 'overture', 'lat': 13.7701, 'lon': 100.58541, 'distance_m': 1196, 'label': ""The Regent's International School, Bangkok"", 'score': 3, 'anchor_m': 3537, 'keys': ['domain', 'name'], 'confidence': 0.83, 'overture_id': '43a7f34f-8fe0-495f-90bf-688dc44d467a', 'category': 'place_of_learning'}, {'source': 'overture', 'lat': 13.7667268, 'lon': 100.5958696, 'distance_m': 95, 'label': ""Regent's International College"", 'score': 3, 'anchor_m': 2801, 'keys': ['name'], 'confidence': 0.957, 'overture_id': '73a6da5d-9639-4d19-a1a3-1ac882811497', 'category': 'college_university'}, {'source': 'overture', 'lat': 13.7399267, 'lon': 100.5432426, 'distance_m': 6487, 'label': ""Regent's Lang Suan"", 'score': 0, 'anchor_m': 9154, 'keys': ['domain'], 'confidence': 0.98, 'overture_id': 'ea8a1f6d-c470-4360-b7ab-9274f1b84733', 'category': 'place_of_learning'}, {'source': 'overture', 'lat': 13.7705317, 'lon': 100.5837859, 'distance_m': 1377, 'label': ""The Regent's International School Boarding House"", 'score': 0, 'anchor_m': 3677, 'keys': ['domain'], 'confidence': 0.957, 'overture_id': 'a84d35fb-45a1-4a39-bf2e-ae4c05f85d1c', 'category': 'campus_building'}, {'source': 'arcgis_poi', 'distance_m': 1357, 'label': 'Regents International College', 'score': 3, 'anchor_m': 3649}, {'source': 'arcgis_poi', 'distance_m': 1402, 'label': 'The Regent International School', 'score': 3, 'anchor_m': 3685}, {'source': 'arcgis_address', 'distance_m': 2046, 'label': 'PointAddress: 60/1 ซอยรามคำแหง 39 ถนนรามคำแหง เขตบางกะปิ กรุงเทพมหานคร 10240', 'anchor_m': 2936}, {'source': 'website', 'lat': 13.768095, 'lon': 100.5967, 'distance_m': 86, 'label': 'https://regents.ac.th/th/rama-9-campus', 'pin': 'place', 'origin': 'school', 'anchor_m': 2633}]","{'level': 'amphoe', 'label': 'เขตวังทองหลาง กรุงเทพมหานคร'}",consensus-v2,True,high,True,Regent's International School Bangkok - Rama 9,True,2009,"['ONESQA', 'CIS']"
79,1110700092,อนุบาลนานาชาติ เดอะไทนี่ซี๊ด,The Tiny Seeds International Pre - School,กรุงเทพมหานคร,คลองเตย,คลองเตย,105/1-3 ซอยสุขุมวิท 36 (แยกนภาศัพท์ ซอย 5) ถนน สุขุมวิท แขวงคลองเตย เขตคลองเตย กรุงเทพมหานคร 10110,,Not Checked,,,,,,13.7188963,100.5741688,"ยืนยันตรงกันหลายแหล่ง: ArcGIS POI, ArcGIS บ้านเลขที่, OPEC (ทุกแหล่งห่างจากจุดนี้ไม่เกิน 73 ม.)",Exact,https://school.opec.go.th/school/1110700092,['อนุบาล'],อนุบาล - อนุบาล,6,4,['The National Curriculum in England Key Stage 1'],นางสาวชุดาภา ภาคสุวรรณ,-,-,ไม่รับเงินอุดหนุน,,,,,,,,https://pedb.opec.go.th/web/SchoolPdc.htm?mode=showPicture&t=1&id=4682,,,,,2026-09-14 01:07:24,2026-09-29 18:07:04,13.718885,100.57415990000004,"['ArcGIS POI', 'ArcGIS บ้านเลขที่', 'OPEC']","[{'source': 'opec', 'lat': 13.718885, 'lon': 100.5741599, 'distance_m': 2, 'label': 'OPEC', 'anchor_m': 1572}, {'source': 'overture', 'lat': 13.7188963, 'lon': 100.5741688, 'distance_m': 0, 'label': 'The Tiny Seeds International Preschool', 'score': 4, 'anchor_m': 1572, 'copy': True, 'keys': ['name'], 'confidence': 0.981, 'overture_id': '54eb882e-85b0-4426-8c04-5caf98370632', 'category': 'education'}, {'source': 'arcgis_poi', 'distance_m': 24, 'label': 'The Tiny Seeds International Pre-School', 'score': 4, 'anchor_m': 1558}, {'source': 'arcgis_address', 'distance_m': 73, 'label': 'PointAddress: 105/1 ซอยสุขุมวิท 36 ถนนสุขุมวิท เขตคลองเตย กรุงเทพมหานคร 10110', 'anchor_m': 1531}, {'source': 'arcgis_address', 'distance_m': 1282, 'label': 'PointAddress: 3/6 ถนนสุขุมวิท เขตคลองเตย กรุงเทพมหานคร 10110', 'anchor_m': 2822}, {'source': 'arcgis_address', 'distance_m': 2978, 'label': 'PointAddress: 36 ถนนสุขุมวิท เขตวัฒนา กรุงเทพมหานคร 10110', 'anchor_m': 3752}]","{'level': 'amphoe', 'label': 'เขตคลองเตย กรุงเทพมหานคร'}",consensus-v2,True,high,True,The Tiny Seeds International Pre-school,False,2010,[]
80,1110700093,อนุบาลนานาชาติ เอบีซี แพทเวยส์,ABC PATHWAYS INTERNATIONAL KINDERGARTEN,กรุงเทพมหานคร,วัฒนา,คลองตันเหนือ,92/32 ซอยทวีสุข (สุขุมวิท 31) ถนน สุขุมวิท แขวงคลองตันเหนือ เขตวัฒนา กรุงเทพมหานคร 10110,,Not Checked,,,,,,13.7440505,100.571333,"ยืนยันตรงกันหลายแหล่ง: ArcGIS POI, OPEC, OpenStreetMap, Overture Maps (ทุกแหล่งห่างจากจุดนี้ไม่เกิน 7 ม.)",Exact,https://school.opec.go.th/school/1110700093,['อนุบาล'],อนุบาล - อนุบาล,25,3,['หลักสูตรสหราชอาณาจักร'],,,,ไม่รับเงินอุดหนุน,,,,,,,,https://pedb.opec.go.th/web/SchoolPdc.htm?mode=showPicture&t=1&id=16701,,,,,2026-09-14 01:07:24,2026-09-29 18:07:04,13.744077,100.57132569999999,"['ArcGIS POI', 'OPEC', 'OpenStreetMap', 'Overture Maps']","[{'source': 'opec', 'lat': 13.744077, 'lon': 100.5713257, 'distance_m': 3, 'label': 'OPEC', 'anchor_m': 1599}, {'source': 'osm', 'lat': 13.7440505, 'lon': 100.571333, 'distance_m': 0, 'label': 'ABC Pathways International Kindergarten', 'score': 4, 'osm_id': 'w331962446', 'anchor_m': 1598}, {'source': 'overture', 'lat': 13.7440863, 'lon': 100.5712749, 'distance_m': 7, 'label': 'ABC Pathways International Kindergarten', 'score': 4, 'anchor_m': 1605, 'keys': ['domain', 'name'], 'confidence': 0.984, 'overture_id': '061dc2ce-56bf-404b-a298-0be944daca86', 'category': 'preschool'}, {'source': 'arcgis_poi', 'distance_m': 2, 'label': 'ABC Pathways International Kindergarten', 'score': 4, 'anchor_m': 1596, 'copy': True}, {'source': 'arcgis_poi', 'distance_m': 4, 'label': 'Abc Pathways International Kindergarten', 'score': 4, 'anchor_m': 1594}, {'source': 'arcgis_address', 'distance_m': 4, 'label': 'PointAddress: 92/32 ซอยทวีสุข เขตวัฒนา กรุงเทพมหานคร 10110', 'anchor_m': 1594, 'copy': True}, {'source': 'arcgis_address', 'distance_m': 769, 'label': 'PointAddress: 31 ถนนสุขุมวิท เขตวัฒนา กรุงเทพมหานคร 10110', 'anchor_m': 1980}, {'source': 'arcgis_address', 'distance_m': 1227, 'label': 'PointAddress: 3/1 ถนนสุขุมวิท เขตวัฒนา กรุงเทพมหานคร 10110', 'anchor_m': 2481}]","{'level': 'amphoe', 'label': 'เขตวัฒนา กรุงเทพมหานคร'}",consensus-v2,True,high,True,ABC Pathways International Kindergarten,False,2014,['ONESQA']
81,1110700094,อนุบาลนานาชาติแอนนาเบลส์ เออร์ลี่ เยียร์ส,ANNABEL'S EARLY YEARS INTERNATIONAL KINDERGARTEN,กรุงเทพมหานคร,วัฒนา,คลองตันเหนือ,19 ซอย เจริญมิตร (เอกมัย 10) ถนน เอกมัย (สุขุมวิท63) แขวงคลองตันเหนือ เขตวัฒนา กรุงเทพมหานคร 10110,,Not Checked,,,,,,13.7291411,100.5884432,"ยืนยันตรงกันหลายแหล่ง: ArcGIS POI, Overture Maps (ทุกแหล่งห่างจากจุดนี้ไม่เกิน 19 ม.)",Exact,https://school.opec.go.th/school/1110700094,['อนุบาล'],อนุบาล - อนุบาล,26,10,['British Early Years Foundation Stage (EYFS)'],,,นางสุภาวดี จิระวัฒนานันท์,ไม่รับเงินอุดหนุน,,,,,,,,https://pedb.opec.go.th/web/SchoolPdc.htm?mode=showPicture&t=1&id=16700,,,,,2026-09-14 01:07:24,2026-09-29 18:07:04,13.7256703,100.57638050000003,"['ArcGIS POI', 'Overture Maps']","[{'source': 'opec', 'lat': 13.7256703, 'lon': 100.5763805, 'distance_m': 1359, 'label': 'OPEC', 'anchor_m': 2131}, {'source': 'overture', 'lat': 13.7291411, 'lon': 100.5884432, 'distance_m': 0, 'label': ""Annabel's Early Years International Kindergarten"", 'score': 3, 'anchor_m': 1496, 'keys': ['domain', 'name'], 'confidence': 0.987, 'overture_id': '59ee54d6-9256-4f3d-b80c-14c7aec51ae7', 'category': 'preschool'}, {'source': 'arcgis_poi', 'distance_m': 19, 'label': ""Annabel's Early Years International Kindergarten"", 'score': 3, 'anchor_m': 1478}]","{'level': 'amphoe', 'label': 'เขตวัฒนา กรุงเทพมหานคร'}",consensus-v2,True,high,True,Annabel's Early Years International Kindergarten,False,2006,"['ONESQA', 'NDNA']"
82,1110700095,อนุบาลนานาชาติเพรพ มอนเตสซอรี่,Prep Montessori International Kindergarten,กรุงเทพมหานคร,วังทองหลาง,พลับพลา,24 ซอย ซอยลาดพร้าว 88 ถนน ประดิษฐ์มนูธรรม แขวงพลับพลา เขตวังทองหลาง กรุงเทพมหานคร 10310,,Not Checked,,,,,,13.782661,100.6087074,"ยืนยันตรงกันหลายแหล่ง: ArcGIS POI, Overture Maps (ทุกแหล่งห่างจากจุดนี้ไม่เกิน 72 ม.)",Exact,https://school.opec.go.th/school/1110700095,"['ก่อนอนุบาล', 'อนุบาล']",ก่อนอนุบาล - อนุบาล,35,7,['Early Year Foundation Stage and Montessori'],บริษัท เพรพ มอนเตสเซอรี่ เอ็ดดูเคชั่น จำกัด,-,นางสาวอาภรณ์รัตน์ เจนจรัสสกุล,ไม่รับเงินอุดหนุน,,,,,,,,https://pedb.opec.go.th/web/SchoolPdc.htm?mode=showPicture&t=1&id=18842,,,,,2026-09-14 01:07:25,2026-09-29 18:07:04,13.789439,100.58428400000003,"['ArcGIS POI', 'Overture Maps']","[{'source': 'opec', 'lat': 13.789439, 'lon': 100.584284, 'distance_m': 2743, 'label': 'OPEC', 'anchor_m': 3377, 'shared': True}, {'source': 'osm', 'lat': 13.960328, 'lon': 100.5174134, 'distance_m': 22077, 'label': 'Prep International School Pathum Thani', 'score': 3, 'osm_id': 'n5679408621', 'anchor_m': 22284}, {'source': 'osm', 'lat': 13.7153955, 'lon': 100.6016685, 'distance_m': 7518, 'label': 'Bangkok Prep Campus', 'score': 3, 'osm_id': 'w515847769', 'anchor_m': 7734}, {'source': 'osm', 'lat': 13.6434577, 'lon': 100.6781606, 'distance_m': 17201, 'label': 'โรงเรียนนานาชาติ ดี-เพร็พ / D-PREP International School', 'score': 3, 'osm_id': 'w915890942', 'anchor_m': 17025}, {'source': 'osm', 'lat': 13.6448355, 'lon': 100.6850199, 'distance_m': 17402, 'label': 'D-PREP International school (Secondary Campus) / D-PREP International school (Secondary Ca', 'score': 3, 'osm_id': 'w1306643441', 'anchor_m': 17198}, {'source': 'overture', 'lat': 13.782661, 'lon': 100.6087074, 'distance_m': 0, 'label': 'Prep International Kindergarten', 'score': 3, 'anchor_m': 690, 'keys': ['domain', 'name'], 'confidence': 0.936, 'overture_id': 'b3fdb122-675b-43a9-b6a9-6384a239d654', 'category': 'preschool'}, {'source': 'overture', 'lat': 13.643553, 'lon': 100.6783796, 'distance_m': 17202, 'label': 'D-PREP International School', 'score': 3, 'anchor_m': 17025, 'keys': ['name'], 'confidence': 0.998, 'overture_id': '955ecb9c-a182-42f3-8787-ac2bcb1fcef8', 'category': 'place_of_learning'}, {'source': 'overture', 'lat': 13.6448805, 'lon': 100.6853887, 'distance_m': 17416, 'label': 'D-PREP International School (Secondary Campus)', 'score': 3, 'anchor_m': 17211, 'keys': ['name'], 'confidence': 0.85, 'overture_id': '7d383703-e77d-41f5-af8a-c0c9c939d8ce', 'category': 'place_of_learning'}, {'source': 'overture', 'lat': 13.7143433, 'lon': 100.6016585, 'distance_m': 7635, 'label': 'Bangkok Prep International School', 'score': 3, 'anchor_m': 7850, 'keys': ['name'], 'confidence': 0.85, 'overture_id': '39eed951-f8b6-45f4-9c97-60b81e7d012c'}, {'source': 'overture', 'lat': 13.74594, 'lon': 100.70048, 'distance_m': 10720, 'label': 'EA Prep สถานรับเลี้ยงเด็ก นานาชาติ อีเอ เพรพ เนอร์สเซอรี่', 'score': 3, 'anchor_m': 10143, 'keys': ['name'], 'confidence': 0.679, 'overture_id': 'eeb282e3-6c97-4626-8053-951a25b98d2f', 'category': 'home_service'}, {'source': 'overture', 'lat': 13.9592938, 'lon': 100.5085056, 'distance_m': 22422, 'label': 'Prep International Kindergarten Pathumtani', 'score': 0, 'anchor_m': 22655, 'keys': ['domain'], 'confidence': 0.572, 'overture_id': '4644a9da-1ddf-4e18-8759-e794398d327f', 'category': 'place_of_learning'}, {'source': 'arcgis_poi', 'distance_m': 72, 'label': 'Prep Montessori International Kindergarten', 'score': 3, 'anchor_m': 688}, {'source': 'arcgis_address', 'distance_m': 785, 'label': 'PointAddress: 88 ถนนประดิษฐ์มนูธรรม เขตวังทองหลาง กรุงเทพมหานคร 10310', 'anchor_m': 1200}, {'source': 'arcgis_address', 'distance_m': 4381, 'label': 'PointAddress: 88 ถนนประดิษฐ์มนูธรรม เขตห้วยขวาง กรุงเทพมหานคร 10310', 'anchor_m': 4781}]","{'level': 'amphoe', 'label': 'เขตวังทองหลาง กรุงเทพมหานคร'}",consensus-v2,True,high,True,Prep Montessori International Kindergarten,False,,[]
83,1110700096,นานาชาติ ออสเตรเลีย กรุงเทพ,AUSTRALIAN INTERNATIONAL SCHOOL BANGKOK,กรุงเทพมหานคร,วัฒนา,คลองตันเหนือ,319 และ 333/100 ซอย สุขุมวิท31 ถนน สุขุมวิท แขวงคลองตันเหนือ เขตวัฒนา กรุงเทพมหานคร 10110,,Not Checked,,,,,,13.7441527,100.5687458,"ยืนยันตรงกันหลายแหล่ง: ArcGIS POI, Overture Maps (ทุกแหล่งห่างจากจุดนี้ไม่เกิน 210 ม.)",Exact,https://school.opec.go.th/school/1110700096,"['อนุบาล', 'ประถมศึกษา', 'มัธยมศึกษาตอนต้น', 'มัธยมศึกษาตอนปลาย']",อนุบาล - มัธยมศึกษาตอนปลาย,542,22,['Australian National Curriculum'],นางปนัดดา หงสกุล,-,-,ไม่รับเงินอุดหนุน,,,,,,,,https://pedb.opec.go.th/web/SchoolPdc.htm?mode=showPicture&t=1&id=18895,,,,,2026-09-14 01:07:25,2026-09-29 18:07:04,13.7283878,100.56405689999997,"['ArcGIS POI', 'Overture Maps']","[{'source': 'opec', 'lat': 13.7283878, 'lon': 100.5640569, 'distance_m': 1825, 'label': 'OPEC', 'anchor_m': 2839, 'shared': True}, {'source': 'osm', 'lat': 13.7281689, 'lon': 100.5637277, 'distance_m': 1858, 'label': 'Australian International School', 'score': 2, 'osm_id': 'n280389453', 'anchor_m': 2882}, {'source': 'overture', 'lat': 13.7441527, 'lon': 100.5687458, 'distance_m': 0, 'label': 'Australian International School Bangkok', 'score': 2, 'anchor_m': 1877, 'keys': ['domain', 'name'], 'confidence': 0.983, 'overture_id': '687f798f-24f4-4746-bfc4-29665af13f21', 'category': 'place_of_learning'}, {'source': 'overture', 'lat': 13.8568776, 'lon': 100.6448503, 'distance_m': 14988, 'label': 'Australian International School Bangkok Ramintra Campus', 'score': 2, 'anchor_m': 14227, 'keys': ['name'], 'confidence': 0.977, 'overture_id': 'f5880dd5-f159-4e63-ad2c-efb717d73048', 'category': 'place_of_learning'}, {'source': 'overture', 'lat': 13.7283102, 'lon': 100.5641468, 'distance_m': 1830, 'label': 'Australian International School Bangkok', 'score': 2, 'anchor_m': 2835, 'keys': ['name'], 'confidence': 0.79, 'overture_id': '5e8abcb6-7498-4588-a2a4-65f6eb012be6', 'category': 'place_of_learning'}, {'source': 'overture', 'lat': 13.7300896, 'lon': 100.5637714, 'distance_m': 1653, 'label': 'AISB Chess Academy', 'score': 0, 'anchor_m': 2766, 'keys': ['domain'], 'confidence': 0.763, 'overture_id': 'f7e9c5b3-5193-49a7-b39c-262305a6749d', 'category': 'sport_or_fitness_facility'}, {'source': 'arcgis_poi', 'distance_m': 33, 'label': 'Australian International School Bangkok', 'score': 2, 'anchor_m': 1885}, {'source': 'arcgis_poi', 'distance_m': 210, 'label': 'Australian International School Bangkok', 'score': 2, 'anchor_m': 1843}, {'source': 'arcgis_poi', 'distance_m': 14966, 'label': 'Australian International School Bangkok Ramintra Campus', 'score': 2, 'anchor_m': 14204}, {'source': 'arcgis_poi', 'distance_m': 16, 'label': 'The Australian International School Sukhumvit 31', 'score': 2, 'anchor_m': 1892}, {'source': 'arcgis_address', 'distance_m': 709, 'label': 'PointAddress: 31 ถนนสุขุมวิท เขตวัฒนา กรุงเทพมหานคร 10110', 'anchor_m': 1980}, {'source': 'arcgis_address', 'distance_m': 1083, 'label': 'PointAddress: 3/1 ถนนสุขุมวิท เขตวัฒนา กรุงเทพมหานคร 10110', 'anchor_m': 2481}]","{'level': 'amphoe', 'label': 'เขตวัฒนา กรุงเทพมหานคร'}",consensus-v2,True,high,True,Australian International School Bangkok,False,2002,['CIS']
84,1110700097,นานาชาติ ไบรท์ตัน คอลเลจ กรุงเทพ,Brighton College International School Bangkok,กรุงเทพมหานคร,บางกะปิ,หัวหมาก,8/8 ซอย ซอยกรุงเทพกรีฑา 15  ถนน กรุงเทพกรีฑา  แขวงหัวหมาก เขตบางกะปิ กรุงเทพมหานคร 10240,,Not Checked,,,,,,13.7534185,100.6730557,"ยืนยันตรงกันหลายแหล่ง: ArcGIS POI, OPEC, OpenStreetMap, Overture Maps (ทุกแหล่งห่างจากจุดนี้ไม่เกิน 143 ม.)",Exact,https://school.opec.go.th/school/1110700097,"['ก่อนอนุบาล', 'อนุบาล', 'ประถมศึกษา', 'มัธยมศึกษาตอนต้น', 'มัธยมศึกษาตอนปลาย']",ก่อนอนุบาล - มัธยมศึกษาตอนปลาย,780,64,"['National curriculum of England, IGCSE, A and AS level']",บริษัท แฮนส์ เมเนจเมนท์ จำกัด,นายวิสุทธิ์ เจริญศิริวัฒน์,นางสุพัตรา อังควินิจวงศ์,ไม่รับเงินอุดหนุน,,,,,,,,https://pedb.opec.go.th/web/SchoolPdc.htm?mode=showPicture&t=1&id=19106,,,,,2026-09-14 01:07:25,2026-09-29 18:07:04,13.7543559,100.67215540000007,"['ArcGIS POI', 'OPEC', 'OpenStreetMap', 'Overture Maps']","[{'source': 'opec', 'lat': 13.7543559, 'lon': 100.6721554, 'distance_m': 143, 'label': 'OPEC', 'anchor_m': 2925}, {'source': 'osm', 'lat': 13.7534185, 'lon': 100.6730557, 'distance_m': 0, 'label': 'โรงเรียนนานาชาติไบรท์ตันคอลเลจ กรุงเทพฯ / Brighton College Bangkok', 'score': 3, 'osm_id': 'w1394926783', 'anchor_m': 3058}, {'source': 'overture', 'lat': 13.835328, 'lon': 100.5583656, 'distance_m': 15374, 'label': 'Brighton College Vibhavadi', 'score': 3, 'anchor_m': 12374, 'keys': ['name'], 'confidence': 0.98, 'overture_id': 'd1128da6-8827-4ae3-9e20-628c8343ce23', 'category': 'education'}, {'source': 'overture', 'lat': 13.7521574, 'lon': 100.6732651, 'distance_m': 142, 'label': 'Brighton College Bangkok Preparatory School', 'score': 0, 'anchor_m': 3142, 'keys': ['domain'], 'confidence': 0.983, 'overture_id': '158f6b7d-c8ea-442d-a180-e6aa6c43e1ae', 'category': 'place_of_learning'}, {'source': 'arcgis_poi', 'distance_m': 88, 'label': 'Brighton College International School Bangkok', 'score': 3, 'anchor_m': 3001}, {'source': 'arcgis_address', 'distance_m': 2753, 'label': 'PointAddress: 15 ถนนกรุงเทพกรีฑา เขตบางกะปิ กรุงเทพมหานคร 10240', 'anchor_m': 1574}]","{'level': 'amphoe', 'label': 'เขตบางกะปิ กรุงเทพมหานคร'}",consensus-v2,True,high,True,Brighton College International School Bangkok,False,2016,"['ONESQA', 'EDT']"
85,1110700098,นานาชาติอคาเซีย พรีสคูล สุขุมวิท กรุงเทพ,Acacia International Preschool Sukhumvit Bangkok,กรุงเทพมหานคร,วัฒนา,พระโขนงเหนือ,11. ซอย เอกมัย 6 ถนน สุขุมวิท 63 แขวงพระโขนงเหนือ เขตวัฒนา กรุงเทพมหานคร 10110,,Not Checked,,,,,,13.726444,100.587654,"ยืนยันตรงกันหลายแหล่ง: ArcGIS บ้านเลขที่, OPEC (ทุกแหล่งห่างจากจุดนี้ไม่เกิน 200 ม.)",Exact,https://school.opec.go.th/school/1110700098,"['ก่อนอนุบาล', 'อนุบาล']",ก่อนอนุบาล - อนุบาล,70,5,['สหราชอาณาจักร หลักสูตร IB'],,,,ไม่รับเงินอุดหนุน,,,,,,,,https://pedb.opec.go.th/web/SchoolPdc.htm?mode=showPicture&t=1&id=19320,,,,,2026-09-14 01:07:25,2026-09-29 18:07:04,13.726444,100.58765399999993,"['ArcGIS บ้านเลขที่', 'OPEC']","[{'source': 'opec', 'lat': 13.726444, 'lon': 100.587654, 'distance_m': 0, 'label': 'OPEC', 'anchor_m': 1782}, {'source': 'arcgis_address', 'distance_m': 200, 'label': 'PointAddress: 11 ซอยเอกมัย ถนนสุขุมวิท เขตวัฒนา กรุงเทพมหานคร 10110', 'anchor_m': 1629}, {'source': 'arcgis_address', 'distance_m': 33, 'label': 'PointAddress: 11 ซอยเอกมัย 6 เขตวัฒนา กรุงเทพมหานคร 10110', 'anchor_m': 1751}, {'source': 'arcgis_address', 'distance_m': 1391, 'label': 'PointAddress: 6 ถนนสุขุมวิท เขตวัฒนา กรุงเทพมหานคร 10110', 'anchor_m': 1267}]","{'level': 'amphoe', 'label': 'เขตวัฒนา กรุงเทพมหานคร'}",consensus-v2,True,high,True,Acacia International Preschool Sukhumvit Bangkok,False,2016,['ONESQA']
86,1110700099,นานาชาติเรนทรี,Raintree Internatiomal School,กรุงเทพมหานคร,สาทร,ทุ่งมหาเมฆ,126 ถนน นางลิ้นจี่ แขวงทุ่งมหาเมฆ เขตสาทร กรุงเทพมหานคร 10120,,Not Checked,,,,,,13.707682,100.5431822,"ยืนยันตรงกันหลายแหล่ง: ArcGIS POI, OPEC, Overture Maps (ทุกแหล่งห่างจากจุดนี้ไม่เกิน 29 ม.)",Exact,https://school.opec.go.th/school/1110700099,"['ก่อนอนุบาล', 'อนุบาล']",ก่อนอนุบาล - อนุบาล,98,24,['A National curriculum British Curriculum (Early Years Foundation Stage)'],,นางจณิศรา กาลรา,นางสาวพรรณรจน์ ชลิตอาภรณ์,ไม่รับเงินอุดหนุน,,,,,,,,https://pedb.opec.go.th/web/SchoolPdc.htm?mode=showPicture&t=1&id=19415,,,,,2026-09-14 01:07:25,2026-09-29 18:07:04,13.7076567,100.54306280000003,"['ArcGIS POI', 'OPEC', 'Overture Maps']","[{'source': 'opec', 'lat': 13.7076567, 'lon': 100.5430628, 'distance_m': 13, 'label': 'OPEC', 'anchor_m': 1825}, {'source': 'overture', 'lat': 13.707682, 'lon': 100.5431822, 'distance_m': 0, 'label': 'Raintree International School', 'score': 3, 'anchor_m': 1837, 'keys': ['domain', 'name'], 'confidence': 0.978, 'overture_id': '60c616a0-eb79-4b48-a941-da640a40d194', 'category': 'preschool'}, {'source': 'overture', 'lat': 13.720076, 'lon': 100.571382, 'distance_m': 3344, 'label': 'Raintree International School Sukhumvit', 'score': 3, 'anchor_m': 5061, 'keys': ['domain', 'name'], 'confidence': 0.973, 'overture_id': 'cafbf05c-0cca-4c31-9cb6-88046478b7f1'}, {'source': 'arcgis_poi', 'distance_m': 29, 'label': 'Raintree International School', 'score': 3, 'anchor_m': 1808}, {'source': 'arcgis_poi', 'distance_m': 17, 'label': 'Raintree International School', 'score': 3, 'anchor_m': 1820}]","{'level': 'amphoe', 'label': 'เขตสาทร กรุงเทพมหานคร'}",consensus-v2,True,high,True,Raintree International School,False,2017,"['ONESQA', 'NDNA']"
87,1110700100,อนุบาลนานาชาติ ลา เปติท อีโคล แบงค็อก,La Petite Ecole International Kindergarten School Bangkok,กรุงเทพมหานคร,ยานนาวา,ช่องนนทรี,27/5 ซอยเย็นอากาศ 2 แยก 1 ถนน เย็นอากาศ แขวงช่องนนทรี เขตยานนาวา กรุงเทพมหานคร 10120,,Not Checked,,,,,,13.7137147,100.5487085,Overture Maps ยังไม่มีแหล่งอื่นยืนยัน (พิกัดประมาณการ),Approximate,https://school.opec.go.th/school/1110700100,"['ก่อนอนุบาล', 'อนุบาล']",ก่อนอนุบาล - อนุบาล,0,5,['French National Curriculum'],,นางสาวสุรางคนา เตื้อติสอน,นางสาวสุรางคนา เตื้อติสอน,ไม่รับเงินอุดหนุน,,,,,,,,https://pedb.opec.go.th/web/SchoolPdc.htm?mode=showPicture&t=1&id=19438,,,,,2026-09-14 01:07:25,2026-09-29 18:07:04,13.7563309,100.50176510000006,[],"[{'source': 'overture', 'lat': 13.7137147, 'lon': 100.5487085, 'distance_m': 0, 'label': 'La Petite Ecole Bangkok', 'score': 0, 'anchor_m': 2064, 'keys': ['domain'], 'confidence': 0.984, 'overture_id': '1723ba2d-6e76-4a07-8eb8-8c723c1aa34b', 'category': 'place_of_learning'}, {'source': 'arcgis_address', 'distance_m': 3, 'label': 'PointAddress: 27/5 ซอยเย็นอากาศ 2 แยก 1 เขตยานนาวา กรุงเทพมหานคร 10120', 'anchor_m': 2067}, {'source': 'arcgis_address', 'distance_m': 244, 'label': 'PointAddress: 5 ซอยเย็นอากาศ 2 เขตยานนาวา กรุงเทพมหานคร 10120', 'anchor_m': 2113}, {'source': 'arcgis_address', 'distance_m': 74, 'label': 'PointAddress: 27 ซอยเย็นอากาศ 2 แยก 1-3 เขตยานนาวา กรุงเทพมหานคร 10120', 'anchor_m': 2117}]","{'level': 'amphoe', 'label': 'เขตยานนาวา กรุงเทพมหานคร'}",consensus-v2,False,low,True,La Petite Ecole International Kindergarten School Bangkok,False,2017,"['ONESQA', 'AEFE']"
88,1110700101,นานาชาติสิงคโปร์ธนบุรี,Singapore International School Thonburi,กรุงเทพมหานคร,ภาษีเจริญ,คลองขวาง,138 ถนน ราชมนตรี แขวงคลองขวาง เขตภาษีเจริญ กรุงเทพมหานคร 10160,,Not Checked,,,,,,13.7323539,100.4204287,"ยืนยันตรงกันหลายแหล่ง: ArcGIS POI, Overture Maps (ทุกแหล่งห่างจากจุดนี้ไม่เกิน 71 ม.)",Exact,https://school.opec.go.th/school/1110700101,"['ก่อนอนุบาล', 'อนุบาล', 'ประถมศึกษา', 'มัธยมศึกษาตอนต้น', 'มัธยมศึกษาตอนปลาย']",ก่อนอนุบาล - มัธยมศึกษาตอนปลาย,1384,149,"['SISB High School Diploma', 'แคมบริจด์']",,นางสาวภัทรรินทร์ ศิริรัตน,นางนริศา เลิศนามวงศ์วาน,ไม่รับเงินอุดหนุน,,,,,,,,https://pedb.opec.go.th/web/SchoolPdc.htm?mode=showPicture&t=1&id=19442,,,,,2026-09-14 01:07:25,2026-09-29 18:07:04,13.7078357,100.48678159999997,"['ArcGIS POI', 'Overture Maps']","[{'source': 'opec', 'lat': 13.7078357, 'lon': 100.4867816, 'distance_m': 7669, 'label': 'OPEC', 'anchor_m': 5439}, {'source': 'overture', 'lat': 13.7323539, 'lon': 100.4204287, 'distance_m': 0, 'label': 'Singapore International School Thonburi', 'score': 2, 'anchor_m': 2645, 'keys': ['domain', 'name'], 'confidence': 0.991, 'overture_id': 'fa8af65e-6d1a-491e-9ba8-b7abe918c380', 'category': 'place_of_learning'}, {'source': 'overture', 'lat': 13.7702721, 'lon': 100.602801, 'distance_m': 20144, 'label': 'Singapore International School of Bangkok', 'score': 2, 'anchor_m': 18948, 'keys': ['domain', 'name'], 'confidence': 0.991, 'overture_id': '3bbb3443-1b26-439e-82d6-72998f045c52', 'category': 'place_of_learning'}, {'source': 'overture', 'lat': 13.7328141, 'lon': 100.4201526, 'distance_m': 59, 'label': 'โรงเรียนนานานาชาติสิงคโปร์ธนบุรี', 'score': 3, 'anchor_m': 2703, 'keys': ['name'], 'confidence': 0.86, 'overture_id': 'ca1b3ea6-6f55-44c6-93a9-ba8870325823', 'category': 'place_of_learning'}, {'source': 'overture', 'lat': 13.6471053, 'lon': 100.6391122, 'distance_m': 25456, 'label': 'Thai-Singapore International School', 'score': 2, 'anchor_m': 23103, 'keys': ['name'], 'confidence': 0.977, 'overture_id': 'f13ce055-cb02-4cdb-893f-919f23330d5f', 'category': 'place_of_learning'}, {'source': 'overture', 'lat': 13.7551313, 'lon': 100.5009019, 'distance_m': 9053, 'label': 'SISB School', 'score': 0, 'anchor_m': 8238, 'keys': ['domain'], 'confidence': 0.77, 'overture_id': '0d30a06f-0730-45b0-828e-c2dc1284058e', 'category': 'education'}, {'source': 'overture', 'lat': 13.7321119, 'lon': 100.5874557, 'distance_m': 18042, 'label': 'โรงเรียนนานาชาติสิงคโปร์', 'score': 0, 'anchor_m': 16373, 'keys': ['domain'], 'confidence': 0.66, 'overture_id': '2ba57255-07fe-494a-a292-e6b30571c2cc', 'category': 'education'}, {'source': 'arcgis_poi', 'distance_m': 18270, 'label': 'Singapore International School of Bangkok', 'score': 2, 'anchor_m': 16589}, {'source': 'arcgis_poi', 'distance_m': 71, 'label': 'Singapore International School of Bangkok', 'score': 2, 'anchor_m': 2665}, {'source': 'arcgis_poi', 'distance_m': 20091, 'label': 'Singapore International School of Bangkok', 'score': 2, 'anchor_m': 18909}]","{'level': 'amphoe', 'label': 'เขตภาษีเจริญ กรุงเทพมหานคร'}",consensus-v2,True,high,True,Singapore International School Thonburi,False,2017,"['ONESQA', 'CIS']"
89,1110700102,อนุบาลนานาชาติแอสโซซิเอะกรุงเทพฯ ๓๕,Associe International Kindergarten Bangkok 35,กรุงเทพมหานคร,วัฒนา,คลองตันเหนือ,23/1 ซอย ซอยสุขุมวิท 35 เจริญนิเวศน์ ถนน สุขุมวิท  แขวงคลองตันเหนือ เขตวัฒนา กรุงเทพมหานคร 10110,,Not Checked,,,,,,13.7341399,100.5697654,"ยืนยันตรงกันหลายแหล่ง: ArcGIS POI, OPEC, Overture Maps (ทุกแหล่งห่างจากจุดนี้ไม่เกิน 14 ม.)",Exact,https://school.opec.go.th/school/1110700102,"['ก่อนอนุบาล', 'อนุบาล']",ก่อนอนุบาล - อนุบาล,108,27,['National Kindergarten Standards ของกระทรวงวัฒนธรรมการกีฬาและเทคโนโลยีของประเทศญี่ปุ่น'],,นางสมใจ ธาดาสวัสดิ์ สิ่วลือ,นางจันทนา วัฒนชัย,ไม่รับเงินอุดหนุน,,,,,,,,https://pedb.opec.go.th/web/SchoolPdc.htm?mode=showPicture&t=1&id=19444,,,,,2026-09-14 01:07:28,2026-09-29 18:07:04,13.734134,100.5697224,"['ArcGIS POI', 'OPEC', 'Overture Maps']","[{'source': 'opec', 'lat': 13.734134, 'lon': 100.5697224, 'distance_m': 5, 'label': 'OPEC', 'anchor_m': 1986}, {'source': 'overture', 'lat': 13.7341399, 'lon': 100.5697654, 'distance_m': 0, 'label': 'Associe International Kindergarten', 'score': 3, 'anchor_m': 1982, 'keys': ['domain', 'name'], 'confidence': 0.986, 'overture_id': 'eaea66c8-2955-4e72-9f4f-60d92eaeac3e', 'category': 'preschool'}, {'source': 'arcgis_poi', 'distance_m': 13, 'label': 'Associe International Kindergarten Bangkok 35', 'score': 3, 'anchor_m': 1992}, {'source': 'arcgis_poi', 'distance_m': 14, 'label': 'Associe International Kindergarten Bangkok', 'score': 3, 'anchor_m': 1992}, {'source': 'arcgis_address', 'distance_m': 2369, 'label': 'PointAddress: 35 ถนนสุขุมวิท เขตวัฒนา กรุงเทพมหานคร 10110', 'anchor_m': 749}, {'source': 'arcgis_address', 'distance_m': 1016, 'label': 'PointAddress: 35 ถนนสุขุมวิท เขตวัฒนา กรุงเทพมหานคร 10110', 'anchor_m': 2771}, {'source': 'arcgis_address', 'distance_m': 1336, 'label': 'PointAddress: 3-5 ถนนสุขุมวิท เขตคลองเตย กรุงเทพมหานคร 10110', 'anchor_m': 3043}]","{'level': 'amphoe', 'label': 'เขตวัฒนา กรุงเทพมหานคร'}",consensus-v2,True,high,True,Associe International Kindergarten Bangkok 35,False,2017,['ONESQA']
90,1110700103,นานาชาติเซนทรัล,Central International School,กรุงเทพมหานคร,ห้วยขวาง,ห้วยขวาง,57/1 ซอย ทวีมิตร ถนน พระราม9 แขวงห้วยขวาง เขตห้วยขวาง กรุงเทพมหานคร 10310,,Not Checked,,,,,,13.7566008,100.5694653,"ยืนยันตรงกันหลายแหล่ง: ArcGIS POI, ArcGIS บ้านเลขที่, OpenStreetMap, Overture Maps (ทุกแหล่งห่างจากจุดนี้ไม่เกิน 415 ม.)",Exact,https://school.opec.go.th/school/1110700103,"['ก่อนอนุบาล', 'อนุบาล', 'ประถมศึกษา']",ก่อนอนุบาล - ประถมศึกษา,103,22,"['หลักสูตรแคลิฟอร์เนีย', 'California Curriculum', 'California Infant/Toddler Curriculum Framework', 'California Preschool Curriculum Framework', 'International Preschool Curriculum', 'หลักสูตรภาษาไทย วัฒนธรรมไทยและประวัติศาสตร์ไทย']",,นางสาวอัยญดา ณภัทรกรสกุล,นางสาวสังวาลย์ สุวรรณาคิน,ไม่รับเงินอุดหนุน,,,,,,,,https://pedb.opec.go.th/web/SchoolPdc.htm?mode=showPicture&t=1&id=19576,,,,,2026-09-14 01:07:25,2026-09-29 18:07:04,13.7466304,100.53933510000002,"['ArcGIS POI', 'ArcGIS บ้านเลขที่', 'OpenStreetMap', 'Overture Maps']","[{'source': 'opec', 'lat': 13.7466304, 'lon': 100.5393351, 'distance_m': 3438, 'label': 'OPEC', 'anchor_m': 5455}, {'source': 'osm', 'lat': 13.7566008, 'lon': 100.5694653, 'distance_m': 0, 'label': 'โรงเรียนนานาชาติเซ็นทรัล / Central International School', 'score': 3, 'osm_id': 'w1334208583', 'anchor_m': 2466}, {'source': 'overture', 'lat': 13.7578735, 'lon': 100.5658489, 'distance_m': 415, 'label': 'โรงเรียนสอนศิลปะทอศิลป์ Central Rama 9', 'score': 3, 'anchor_m': 2541, 'keys': ['name'], 'confidence': 0.786, 'overture_id': 'de2953d2-a898-4ef9-bd70-2b51ba347167', 'category': 'arts_and_entertainment'}, {'source': 'overture', 'lat': 13.7564891, 'lon': 100.5697543, 'distance_m': 34, 'label': 'KidsFirst Central International School', 'score': 0, 'anchor_m': 2464, 'keys': ['domain'], 'confidence': 0.983, 'overture_id': '19aeaa48-546c-449a-b5a8-0242fa4edee9', 'category': 'place_of_learning'}, {'source': 'arcgis_poi', 'distance_m': 27, 'label': 'Central International School', 'score': 3, 'anchor_m': 2439}, {'source': 'arcgis_address', 'distance_m': 408, 'label': 'PointAddress: 1 ถนนพระราม 9 เขตห้วยขวาง กรุงเทพมหานคร 10310', 'anchor_m': 2677}]","{'level': 'amphoe', 'label': 'เขตห้วยขวาง กรุงเทพมหานคร'}",consensus-v2,True,high,True,Central International School,False,2018,['ONESQA']
91,1110700104,นานาชาติรอยส์ รอยัล,ROYCE ROYAL INTERNATIONAL SCHOOL,กรุงเทพมหานคร,บางขุนเทียน,ท่าข้าม,111/433 หมู่บ้าน บ้านงามเจริญ5 หมู่3 ถนน อนามัยงามเจริญ แขวงท่าข้าม เขตบางขุนเทียน กรุงเทพมหานคร 10150,,Not Checked,,,,,,13.6312403,100.4529716,"ยืนยันตรงกันหลายแหล่ง: ArcGIS POI, OPEC, OpenStreetMap, Overture Maps (ทุกแหล่งห่างจากจุดนี้ไม่เกิน 47 ม.) — มีจุดชื่อเดียวกันอีก 1 จุด ห่าง 2.8 กม.ขึ้นไป (วิทยาเขตอื่นหรือย้ายที่ตั้ง?)",Exact,https://school.opec.go.th/school/1110700104,"['ก่อนอนุบาล', 'อนุบาล', 'ประถมศึกษา']",ก่อนอนุบาล - ประถมศึกษา,63,12,['The British Early Year Foundation Stage'],,นายเสน่ห์ สุระสังวาลย์,นางสาวสิริณี เกียรติผดุงกุล,ไม่รับเงินอุดหนุน,,,,,,,,https://pedb.opec.go.th/web/SchoolPdc.htm?mode=showPicture&t=1&id=19559,,,,,2026-09-14 01:07:25,2026-09-29 18:07:04,13.630824,100.45294030000002,"['ArcGIS POI', 'OPEC', 'OpenStreetMap', 'Overture Maps']","[{'source': 'opec', 'lat': 13.630824, 'lon': 100.4529403, 'distance_m': 46, 'label': 'OPEC', 'anchor_m': 3854}, {'source': 'osm', 'lat': 13.6312403, 'lon': 100.4529716, 'distance_m': 0, 'label': 'โรงเรียนนานาชาติรอยส์รอยัล', 'score': 3, 'osm_id': 'w1293690818', 'anchor_m': 3816}, {'source': 'overture', 'lat': 13.6308201, 'lon': 100.452893, 'distance_m': 47, 'label': 'Royce Royal International School', 'score': 4, 'anchor_m': 3852, 'keys': ['domain', 'name'], 'confidence': 0.984, 'overture_id': 'b6d063d5-a800-45bc-ad64-d8c1ac682bb5', 'category': 'place_of_learning'}, {'source': 'overture', 'lat': 13.65592, 'lon': 100.44786, 'distance_m': 2799, 'label': 'โรงเรียนนานาชาติรอยส์ รอยัล', 'score': 3, 'anchor_m': 1472, 'keys': ['name'], 'confidence': 0.703, 'overture_id': 'c0072456-b181-441e-b1eb-c2ebd8b6b93c', 'category': 'place_of_learning'}, {'source': 'arcgis_poi', 'distance_m': 46, 'label': 'Royce Royal International School', 'score': 4, 'anchor_m': 3861}, {'source': 'arcgis_address', 'distance_m': 2502, 'label': 'PointAddress: 5 ถนนอนามัยงามเจริญ เขตบางขุนเทียน กรุงเทพมหานคร 10150', 'anchor_m': 1601}]","{'level': 'amphoe', 'label': 'เขตบางขุนเทียน กรุงเทพมหานคร'}",consensus-v2,True,high,,,,,
92,1110700105,นานาชาติโชรส์เบอรีกรุงเทพ ซิตี้แคมปัส,Shrewsbury International School Bangkok City Campus,กรุงเทพมหานคร,ห้วยขวาง,บางกะปิ,982 ถนน ริมคลองสามเสน(พระราม9) แขวงบางกะปิ เขตห้วยขวาง กรุงเทพมหานคร 10310,,Not Checked,,,022031222,,,13.7520839,100.577412,"ยืนยันตรงกันหลายแหล่ง: ArcGIS POI, OPEC, OpenStreetMap, Overture Maps (ทุกแหล่งห่างจากจุดนี้ไม่เกิน 149 ม.)",Exact,https://school.opec.go.th/school/1110700105,"['ก่อนอนุบาล', 'อนุบาล', 'ประถมศึกษา']",ก่อนอนุบาล - ประถมศึกษา,465,66,"['หลักสูตรสหราชอาณาจักร', 'British Curriculum']",บริษัท ซิตี้ วิลล่า จำกัด,,,ไม่รับเงินอุดหนุน,,,,,,,,https://pedb.opec.go.th/web/SchoolPdc.htm?mode=showPicture&t=1&id=19727,,,,,2026-09-14 01:07:25,2026-09-29 18:07:04,13.7522319,100.57877989999997,"['ArcGIS POI', 'OPEC', 'OpenStreetMap', 'Overture Maps']","[{'source': 'opec', 'lat': 13.7522319, 'lon': 100.5787799, 'distance_m': 149, 'label': 'OPEC', 'anchor_m': 2711}, {'source': 'osm', 'lat': 13.7520839, 'lon': 100.577412, 'distance_m': 0, 'label': 'Shrewsbury International School City Campus', 'score': 3, 'osm_id': 'n6375556318', 'anchor_m': 2735}, {'source': 'osm', 'lat': 13.7098831, 'lon': 100.5092568, 'distance_m': 8730, 'label': 'โรงเรียนนานาชาติโชรส์เบอรี กรุงเทพ / Shrewsbury International School Bangkok', 'score': 3, 'osm_id': 'w342563914', 'anchor_m': 10598}, {'source': 'overture', 'lat': 13.751969, 'lon': 100.5773963, 'distance_m': 13, 'label': 'Shrewsbury International School Bangkok City Campus', 'score': 3, 'anchor_m': 2747, 'keys': ['domain', 'name', 'phone'], 'confidence': 0.987, 'overture_id': 'f5151999-f816-472e-a775-8ce5282394db', 'category': 'place_of_learning'}, {'source': 'overture', 'lat': 13.7091799, 'lon': 100.5101727, 'distance_m': 8690, 'label': 'Shrewsbury International School Bangkok', 'score': 3, 'anchor_m': 10583, 'keys': ['domain', 'name'], 'confidence': 0.994, 'overture_id': '808355ba-0660-4cab-9c42-5f9f39113910', 'category': 'place_of_learning'}, {'source': 'overture', 'lat': 13.709494, 'lon': 100.5101463, 'distance_m': 8673, 'label': 'โชรส์เบอรี่ โรงเรียนนานาชาติ', 'score': 0, 'anchor_m': 10560, 'keys': ['domain'], 'confidence': 0.858, 'overture_id': 'f70659d6-ceb0-4ccf-b0dd-93033292f6e1', 'category': 'education'}, {'source': 'arcgis_poi', 'distance_m': 52, 'label': 'Shrewsbury International School Bangkok City Campus', 'score': 3, 'anchor_m': 2786}, {'source': 'arcgis_poi', 'distance_m': 19, 'label': 'Shrewsbury International School, Bangkok City Campus', 'score': 3, 'anchor_m': 2752}, {'source': 'arcgis_poi', 'distance_m': 8651, 'label': 'Shrewsbury International School', 'score': 3, 'anchor_m': 10526}, {'source': 'arcgis_poi', 'distance_m': 8769, 'label': 'Shrewsbury International School Bangkok', 'score': 3, 'anchor_m': 10620}]","{'level': 'amphoe', 'label': 'เขตห้วยขวาง กรุงเทพมหานคร'}",consensus-v2,True,high,True,Shrewsbury International School Bangkok City Campus,False,2018,['CIS']
93,1110700107,นานาชาติ เวลลิงตันคอลเลจ กรุงเทพ,Wellington College International Bangkok,กรุงเทพมหานคร,สะพานสูง,ทับช้าง,18 ถนน กรุงเทพกรีฑา แขวงทับช้าง เขตสะพานสูง กรุงเทพมหานคร 10240,,Not Checked,,,,,,13.7425147,100.6709774,"ยืนยันตรงกันหลายแหล่ง: ArcGIS POI, OPEC, OpenStreetMap, Overture Maps (ทุกแหล่งห่างจากจุดนี้ไม่เกิน 198 ม.)",Exact,https://school.opec.go.th/school/1110700107,"['ก่อนอนุบาล', 'อนุบาล', 'ประถมศึกษา', 'มัธยมศึกษาตอนต้น', 'มัธยมศึกษาตอนปลาย']",ก่อนอนุบาล - มัธยมศึกษาตอนปลาย,923,136,"['หลักสูตร Wellington College', 'หลักสูตรของโรงเรียนเวลลิงตัน', 'หลักสูตรภาษาไทย วัฒนธรรมไทยและประวัติศาสตร์ไทย']",,,นางสาวอุษา เขียวหวาน,ไม่รับเงินอุดหนุน,,,,,,,,https://pedb.opec.go.th/web/SchoolPdc.htm?mode=showPicture&t=1&id=19839,,,,,2026-09-14 01:07:25,2026-09-29 18:07:04,13.7439531,100.6720388,"['ArcGIS POI', 'OPEC', 'OpenStreetMap', 'Overture Maps']","[{'source': 'opec', 'lat': 13.7439531, 'lon': 100.6720388, 'distance_m': 197, 'label': 'OPEC', 'anchor_m': 3135}, {'source': 'osm', 'lat': 13.7425147, 'lon': 100.6709774, 'distance_m': 0, 'label': 'โรงเรียนนานาชาติเวลลิงตันคอลเลจ / Wellington College International School', 'score': 3, 'osm_id': 'w791763514', 'anchor_m': 3330}, {'source': 'overture', 'lat': 13.7441656, 'lon': 100.6716644, 'distance_m': 198, 'label': 'Wellington College International School', 'score': 3, 'anchor_m': 3133, 'keys': ['domain', 'name'], 'confidence': 0.986, 'overture_id': '27409bdd-c8ec-4c1e-b14a-cf35a084046c', 'category': 'place_of_learning'}, {'source': 'overture', 'lat': 13.74069, 'lon': 100.68842, 'distance_m': 1895, 'label': 'Wellington College Bangkok Recruitment', 'score': 0, 'anchor_m': 3142, 'keys': ['domain'], 'confidence': 0.717, 'overture_id': '1a2717b8-c3d3-4784-83d3-a146c2fd3f07', 'category': 'place_of_learning'}, {'source': 'arcgis_poi', 'distance_m': 161, 'label': 'Wellington College International School Bangkok', 'score': 3, 'anchor_m': 3177}, {'source': 'arcgis_poi', 'distance_m': 545, 'label': 'Wellington College International School Bangkok', 'score': 3, 'anchor_m': 3246}, {'source': 'arcgis_poi', 'distance_m': 152, 'label': 'Wellington College International School Bangkok', 'score': 3, 'anchor_m': 3179}, {'source': 'arcgis_address', 'distance_m': 152, 'label': 'PointAddress: 18 ถนนกรุงเทพกรีฑา เขตสะพานสูง กรุงเทพมหานคร 10240', 'anchor_m': 3179, 'copy': True}]","{'level': 'amphoe', 'label': 'เขตสะพานสูง กรุงเทพมหานคร'}",consensus-v2,True,high,True,Wellington College International School Bangkok,False,2018,"['ONESQA', 'CIS']"
94,1110700108,อนุบาลนานาชาติดับเบิลทรี ราชพฤกษ์,Double Trees Ratchaphruek International Kindergarten,กรุงเทพมหานคร,ตลิ่งชัน,บางระมาด,77/16 ถนน ราชพฤกษ์ แขวงบางระมาด เขตตลิ่งชัน กรุงเทพมหานคร 10170,,Not Checked,,,,,,13.7655844,100.4437229,"ยืนยันตรงกันหลายแหล่ง: OPEC, Overture Maps (ทุกแหล่งห่างจากจุดนี้ไม่เกิน 11 ม.)",Exact,https://school.opec.go.th/school/1110700108,"['ก่อนอนุบาล', 'อนุบาล']",ก่อนอนุบาล - อนุบาล,54,11,"['หลักสูตรสหราชอาณาจักร', 'The Early Years Foundation Stage']",,,,ไม่รับเงินอุดหนุน,,,,,,,,https://pedb.opec.go.th/web/SchoolPdc.htm?mode=showPicture&t=1&id=23594,,,,,2026-09-14 01:07:25,2026-09-29 18:07:04,13.7655153,100.4437964,"['OPEC', 'Overture Maps']","[{'source': 'opec', 'lat': 13.7655153, 'lon': 100.4437964, 'distance_m': 11, 'label': 'OPEC', 'anchor_m': 1860}, {'source': 'osm', 'lat': 13.7002926, 'lon': 100.5343064, 'distance_m': 12184, 'label': 'โรงเรียนนานาชาติดับเบิลทรีส์ เขตพระราม 3 / Double Trees International School Rama 3 Campus', 'score': 4, 'osm_id': 'w1204961960', 'anchor_m': 11980}, {'source': 'overture', 'lat': 13.7655844, 'lon': 100.4437229, 'distance_m': 0, 'label': 'Double Trees International School', 'score': 4, 'anchor_m': 1861, 'keys': ['name'], 'confidence': 0.98, 'overture_id': '218b9e1f-420a-4666-b670-3e3ff45d4c11', 'category': 'place_of_learning'}, {'source': 'overture', 'lat': 13.5949879, 'lon': 100.6085852, 'distance_m': 26021, 'label': 'Double Trees International School', 'score': 4, 'anchor_m': 26073, 'keys': ['name'], 'confidence': 0.974, 'overture_id': '66ac108c-8e64-4618-a7f2-0d7be65ffe26', 'category': 'place_of_learning'}, {'source': 'overture', 'lat': 13.7000815, 'lon': 100.5344336, 'distance_m': 12209, 'label': 'Double Trees International School Rama 3 Campus', 'score': 4, 'anchor_m': 12006, 'keys': ['name'], 'confidence': 0.969, 'overture_id': 'bc2eac06-d16e-46ed-a225-a5978ab7276f', 'category': 'place_of_learning'}, {'source': 'arcgis_address', 'distance_m': 840, 'label': 'PointAddress: 16 ถนนราชพฤกษ์ เขตตลิ่งชัน กรุงเทพมหานคร 10170', 'anchor_m': 1411}, {'source': 'arcgis_address', 'distance_m': 1947, 'label': 'PointAddress: 1/6 ถนนราชพฤกษ์ เขตตลิ่งชัน กรุงเทพมหานคร 10170', 'anchor_m': 3337}]","{'level': 'amphoe', 'label': 'เขตตลิ่งชัน กรุงเทพมหานคร'}",consensus-v2,True,high,True,Double Trees Ratchaphruek International Kindergarten,False,2018,['ONESQA']
95,1110700109,นานาชาติเบซิส กรุงเทพฯ,BASIS International School Bangkok,กรุงเทพมหานคร,บางขุนเทียน,แสมดำ,2/1-2 แขวงแสมดำ เขตบางขุนเทียน กรุงเทพมหานคร 10150,,Not Checked,,,,,,13.6643684,100.4346881,"ยืนยันตรงกันหลายแหล่ง: ArcGIS POI, OPEC, OpenStreetMap, Overture Maps, เว็บไซต์โรงเรียน (ทุกแหล่งห่างจากจุดนี้ไม่เกิน 142 ม.)",Exact,https://school.opec.go.th/school/1110700109,"['ก่อนอนุบาล', 'อนุบาล', 'ประถมศึกษา', 'มัธยมศึกษาตอนต้น', 'มัธยมศึกษาตอนปลาย']",ก่อนอนุบาล - มัธยมศึกษาตอนปลาย,514,31,['BASIS Education'],นางจิธณัท ร่มสายหยุด,นายสมนึก ทองเอี่ยม,,ไม่รับเงินอุดหนุน,,,,,,,,https://pedb.opec.go.th/web/SchoolPdc.htm?mode=showPicture&t=1&id=23795,,,,,2026-09-14 01:07:25,2026-09-29 18:07:04,13.6640599,100.43445789999998,"['ArcGIS POI', 'OPEC', 'OpenStreetMap', 'Overture Maps', 'เว็บไซต์โรงเรียน']","[{'source': 'opec', 'lat': 13.6640599, 'lon': 100.4344579, 'distance_m': 42, 'label': 'OPEC', 'anchor_m': 359}, {'source': 'osm', 'lat': 13.6643684, 'lon': 100.4346881, 'distance_m': 0, 'label': 'BASIS International School Bangkok / โรงเรียนนานาชาติเบซิส กรุงเทพฯ', 'score': 3, 'osm_id': 'w1158884931', 'anchor_m': 388}, {'source': 'overture', 'lat': 13.6642743, 'lon': 100.4340834, 'distance_m': 66, 'label': 'BASIS International School Bangkok', 'score': 3, 'anchor_m': 393, 'keys': ['domain', 'name'], 'confidence': 0.995, 'overture_id': '756b14b6-ba27-47b6-a139-130b6f1811cc', 'category': 'place_of_learning'}, {'source': 'arcgis_poi', 'distance_m': 75, 'label': 'Basis International School Bangkok', 'score': 3, 'anchor_m': 314}, {'source': 'arcgis_poi', 'distance_m': 27, 'label': 'Basis International School Bangkok', 'score': 3, 'anchor_m': 370}, {'source': 'website', 'lat': 13.6631, 'lon': 100.4348, 'distance_m': 142, 'label': 'https://basis.ac.th', 'pin': 'place', 'origin': 'school', 'anchor_m': 247}]","{'level': 'amphoe', 'label': 'เขตบางขุนเทียน กรุงเทพมหานคร'}",consensus-v2,True,high,True,BASIS International School Bangkok,False,2019,"['ONESQA', 'MSA-CESS', 'Cognia', 'AI', 'NDNA']"
96,1110700110,นานาชาติฮัมมิ่งเบิร์ด,Hummimgbird International School,กรุงเทพมหานคร,ตลิ่งชัน,ฉิมพลี,25/4 หมู่ 8 แขวงฉิมพลี เขตตลิ่งชัน กรุงเทพมหานคร 10170,,Not Checked,,,,,,13.78508,100.41594,"ยืนยันตรงกันหลายแหล่ง: OPEC, เว็บไซต์โรงเรียน (ทุกแหล่งห่างจากจุดนี้ไม่เกิน 164 ม.)",Exact,https://school.opec.go.th/school/1110700110,"['ก่อนอนุบาล', 'อนุบาล']",ก่อนอนุบาล - อนุบาล,20,13,"['หลักสูตรสหราชอาณาจักร', 'The Early Years Foundation Stage', 'The British National Curriculum']",,นางมีมี สัจจกมล,นายทศพล  ชัยชนะวิชชกิจ,ไม่รับเงินอุดหนุน,,,,,,,Endless Posibilities,https://pedb.opec.go.th/web/SchoolPdc.htm?mode=showPicture&t=1&id=23850,,,,,2026-09-14 01:07:26,2026-09-29 18:07:04,13.7865485,100.4160402,"['OPEC', 'เว็บไซต์โรงเรียน']","[{'source': 'opec', 'lat': 13.7865485, 'lon': 100.4160402, 'distance_m': 164, 'label': 'OPEC', 'anchor_m': 4484}, {'source': 'overture', 'lat': 13.7814669, 'lon': 100.4165793, 'distance_m': 408, 'label': 'Hummingbird International Kindergarten', 'score': 0, 'anchor_m': 4327, 'keys': ['domain'], 'confidence': 0.986, 'overture_id': '9aba0121-6202-4af3-9586-3dab2999b88c', 'category': 'place_of_learning'}, {'source': 'website', 'lat': 13.78508, 'lon': 100.41594, 'distance_m': 0, 'label': 'https://www.hummingbird.ac.th', 'pin': 'place', 'origin': 'school', 'anchor_m': 4459}]","{'level': 'amphoe', 'label': 'เขตตลิ่งชัน กรุงเทพมหานคร'}",consensus-v2,True,high,True,Hummingbird International School,False,2017,"['ONESQA', 'NDNA']"
97,1110700111,นานาชาติคิดส์อะคาเดมี่ ศรีนครินทร์,KIDS ACADEMY INTERNATIONAL SCHOOL SRINAKARIN,กรุงเทพมหานคร,ประเวศ,หนองบอน,23/1 ซอย ศรีนครินทร์ 57 แขวงหนองบอน เขตประเวศ กรุงเทพมหานคร 10250,,Not Checked,,,,,,13.6858745,100.6518448,"ยืนยันตรงกันหลายแหล่ง: ArcGIS บ้านเลขที่, OPEC, Overture Maps (ทุกแหล่งห่างจากจุดนี้ไม่เกิน 49 ม.)",Exact,https://school.opec.go.th/school/1110700111,"['ก่อนอนุบาล', 'อนุบาล', 'ประถมศึกษา']",ก่อนอนุบาล - ประถมศึกษา,60,13,['The British National Curriculum'],-,,นางลฐิกา นิลสุวรรณากุล,ไม่รับเงินอุดหนุน,,,,,,,,https://pedb.opec.go.th/web/SchoolPdc.htm?mode=showPicture&t=1&id=23929,,,,,2026-09-14 01:07:26,2026-09-29 18:07:04,13.6858142,100.6513913,"['ArcGIS บ้านเลขที่', 'OPEC', 'Overture Maps']","[{'source': 'opec', 'lat': 13.6858142, 'lon': 100.6513913, 'distance_m': 49, 'label': 'OPEC', 'anchor_m': 5829}, {'source': 'osm', 'lat': 13.7231163, 'lon': 100.5850431, 'distance_m': 8320, 'label': ""Kids' Academy"", 'score': 2, 'osm_id': 'n1286877882', 'anchor_m': 11865}, {'source': 'overture', 'lat': 13.7232723, 'lon': 100.58489, 'distance_m': 8343, 'label': 'Kids Academy International School', 'score': 2, 'anchor_m': 11882, 'keys': ['domain', 'name'], 'confidence': 0.997, 'overture_id': '9ea88f46-3fa2-4b24-aedc-03a6e181dc63', 'category': 'preschool'}, {'source': 'overture', 'lat': 13.6858745, 'lon': 100.6518448, 'distance_m': 0, 'label': ""Kids' Academy International School"", 'score': 2, 'anchor_m': 5786, 'keys': ['name'], 'confidence': 0.937, 'overture_id': '9b012a3b-00dc-443f-8823-92ce069dccf5', 'category': 'place_of_learning'}, {'source': 'overture', 'lat': 13.7325657, 'lon': 100.6323483, 'distance_m': 5603, 'label': '프라미스kid School พัฒนาการ44', 'score': 2, 'anchor_m': 6952, 'keys': ['name'], 'confidence': 0.794, 'overture_id': 'de6bd839-0269-4864-877c-9a3cc64bb229', 'category': 'place_of_learning'}, {'source': 'overture', 'lat': 13.9052743, 'lon': 100.5385018, 'distance_m': 27294, 'label': 'KT Kids Preschool', 'score': 2, 'anchor_m': 26878, 'keys': ['name'], 'confidence': 0.733, 'overture_id': '0f632619-163b-4a6b-91ba-90754a03d74f', 'category': 'place_of_learning'}, {'source': 'arcgis_poi', 'distance_m': 8332, 'label': 'Kids Academy International Pre-School', 'score': 2, 'anchor_m': 11875}, {'source': 'arcgis_poi', 'distance_m': 8329, 'label': 'Kids Academy Kindergarten International School', 'score': 2, 'anchor_m': 11871}, {'source': 'arcgis_address', 'distance_m': 25, 'label': 'PointAddress: 23/1 ซอยศรีนครินทร์ 57 เขตประเวศ กรุงเทพมหานคร 10250', 'anchor_m': 5780}]","{'level': 'amphoe', 'label': 'เขตประเวศ กรุงเทพมหานคร'}",consensus-v2,True,high,True,Kids' Academy International School Srinakarin,False,2017,[]
98,1110700112,นานาชาติเรนทรี สุขุมวิท,Raintree International School Sukhumvit,กรุงเทพมหานคร,คลองเตย,คลองตัน,54 ซอย อรรถกระวี 1 แขวงคลองตัน เขตคลองเตย กรุงเทพมหานคร 10110,,Not Checked,,,,,,13.707682,100.5431822,ตำแหน่งเดียวกับ นานาชาติเรนทรี — อาจเป็นวิทยาเขตของอีกแห่ง (พิกัดประมาณการ),Approximate,https://school.opec.go.th/school/1110700112,"['ก่อนอนุบาล', 'อนุบาล']",ก่อนอนุบาล - อนุบาล,39,10,['Early Years Foundation Stage'],-,นางสาวพรปวีณ์ เชยกีวงศ์,นางสาวพรรณรจน์ ชลิตอาภรณ์,ไม่รับเงินอุดหนุน,,,,,,,,https://pedb.opec.go.th/web/SchoolPdc.htm?mode=showPicture&t=1&id=23957,,,,,2026-09-14 01:07:27,2026-09-29 18:07:04,13.7563309,100.50176510000006,[],"[{'source': 'overture', 'lat': 13.707682, 'lon': 100.5431822, 'distance_m': 0, 'label': 'Raintree International School', 'score': 3, 'anchor_m': 4368, 'keys': ['domain', 'name'], 'confidence': 0.978, 'overture_id': '60c616a0-eb79-4b48-a941-da640a40d194', 'category': 'preschool'}, {'source': 'overture', 'lat': 13.720076, 'lon': 100.571382, 'distance_m': 3344, 'label': 'Raintree International School Sukhumvit', 'score': 3, 'anchor_m': 1873, 'keys': ['domain', 'name'], 'confidence': 0.973, 'overture_id': 'cafbf05c-0cca-4c31-9cb6-88046478b7f1'}, {'source': 'arcgis_poi', 'distance_m': 29, 'label': 'Raintree International School', 'score': 3, 'anchor_m': 4397}, {'source': 'arcgis_poi', 'distance_m': 17, 'label': 'Raintree International School', 'score': 3, 'anchor_m': 4385}]","{'level': 'amphoe', 'label': 'เขตคลองเตย กรุงเทพมหานคร'}",consensus-v2,False,low,True,Raintree International School Sukhumvit,False,2017,['ONESQA']
99,1110700113,นานาชาติแคนาเดียน ประเทศไทย,CANADIAN INTERNATIONAL SCHOOL OF THAILAND,กรุงเทพมหานคร,บางพลัด,บางยี่ขัน,"1001,1059 ซอย จรัญสนิทวงศ์ 46 ถนน จรัญสนิทวงศ์ แขวงบางยี่ขัน เขตบางพลัด กรุงเทพมหานคร 10700",,Not Checked,,,,,,13.7767384,100.4966672,"ยืนยันตรงกันหลายแหล่ง: OPEC, OpenStreetMap, Overture Maps (ทุกแหล่งห่างจากจุดนี้ไม่เกิน 77 ม.)",Exact,https://school.opec.go.th/school/1110700113,"['อนุบาล', 'ประถมศึกษา', 'มัธยมศึกษาตอนต้น', 'มัธยมศึกษาตอนปลาย']",อนุบาล - มัธยมศึกษาตอนปลาย,304,9,['Quebec Curriculum (Canada)'],นางอุษา ทิวไผ่งาม,นางสาวณหทัย ทิวไผ่งาม,,ไม่รับเงินอุดหนุน,,,,,,,,https://pedb.opec.go.th/web/SchoolPdc.htm?mode=showPicture&t=1&id=24026,,,,,2026-09-14 01:07:26,2026-09-29 18:07:04,13.7762678,100.4961383,"['OPEC', 'OpenStreetMap', 'Overture Maps']","[{'source': 'opec', 'lat': 13.7762678, 'lon': 100.4961383, 'distance_m': 77, 'label': 'OPEC', 'anchor_m': 2195}, {'source': 'osm', 'lat': 13.7767384, 'lon': 100.4966672, 'distance_m': 0, 'label': 'Canadian International School of Thailand', 'score': 2, 'osm_id': 'n12491835334', 'anchor_m': 2123}, {'source': 'overture', 'lat': 13.7766356, 'lon': 100.4965827, 'distance_m': 15, 'label': 'Canadian International School of Thailand', 'score': 2, 'anchor_m': 2137, 'keys': ['domain', 'name'], 'confidence': 0.967, 'overture_id': '64a4e947-2924-4f05-bad6-a0233711210a', 'category': 'place_of_learning'}, {'source': 'arcgis_address', 'distance_m': 5095, 'label': 'PointAddress: 46 ถนนจรัญสนิทวงศ์ เขตบางกอกใหญ่ กรุงเทพมหานคร 10600', 'anchor_m': 7205}]","{'level': 'amphoe', 'label': 'เขตบางพลัด กรุงเทพมหานคร'}",consensus-v2,True,high,True,Canadian International School of Thailand,False,2017,['ONESQA']
100,1110700114,นานาชาติเซ็นจูเรี่ยน กรุงเทพฯ,CENTURION INTERNATIONAL SCHOOL BANGKOK,กรุงเทพมหานคร,สวนหลวง,สวนหลวง,511/4 หมู่ - ซอย อ่อนนุช30 แยก7 ถนน อ่อนนุช แขวงสวนหลวง เขตสวนหลวง กรุงเทพมหานคร 10250,,Not Checked,,,,,,13.7052324,100.6214175,"ยืนยันตรงกันหลายแหล่ง: ArcGIS บ้านเลขที่, OPEC, Overture Maps (ทุกแหล่งห่างจากจุดนี้ไม่เกิน 64 ม.)",Exact,https://school.opec.go.th/school/1110700114,"['อนุบาล', 'ประถมศึกษา']",อนุบาล - ประถมศึกษา,130,11,['หลักสูตรนานาชาติ'],,,,ไม่รับเงินอุดหนุน,,,,,,,,https://pedb.opec.go.th/web/SchoolPdc.htm?mode=showPicture&t=1&id=24099,,,,,2026-09-14 01:07:28,2026-09-29 18:07:04,13.705376580864254,100.62145211078634,"['ArcGIS บ้านเลขที่', 'OPEC', 'Overture Maps']","[{'source': 'opec', 'lat': 13.7053766, 'lon': 100.6214521, 'distance_m': 16, 'label': 'OPEC', 'anchor_m': 4276}, {'source': 'overture', 'lat': 13.7052324, 'lon': 100.6214175, 'distance_m': 0, 'label': 'Centurion International School', 'score': 3, 'anchor_m': 4290, 'keys': ['domain', 'name'], 'confidence': 0.974, 'overture_id': '80c1613f-8734-4541-a5c6-fee670972ed5', 'category': 'place_of_learning'}, {'source': 'arcgis_address', 'distance_m': 1367, 'label': 'PointAddress: 7 ถนนอ่อนนุช เขตสวนหลวง กรุงเทพมหานคร 10250', 'anchor_m': 2967}, {'source': 'arcgis_address', 'distance_m': 7596, 'label': 'PointAddress: 7 ถนนอ่อนนุช เขตประเวศ กรุงเทพมหานคร 10250', 'anchor_m': 4239}, {'source': 'arcgis_address', 'distance_m': 64, 'label': 'PointAddress: 511 ซอยอ่อนนุช 30 ถนนอ่อนนุช เขตสวนหลวง กรุงเทพมหานคร 10250', 'anchor_m': 4350}]","{'level': 'amphoe', 'label': 'เขตสวนหลวง กรุงเทพมหานคร'}",consensus-v2,True,high,True,Centurion International School Bangkok,False,2019,['ONESQA']
101,1110700117,อนุบาลนานาชาติลิตเติ้ลโคอาล่า รามอินทรา,LITTLE KOALA INTERNATIONAL KINDERGARTEN SCHOOL RAMINTRA,กรุงเทพมหานคร,บางเขน,ท่าแร้ง,999/9 หมู่ - ซอย วัชรพล 2 ถนน รามอินทรา แขวงท่าแร้ง เขตบางเขน กรุงเทพมหานคร 10220,,Not Checked,,,,,,13.856702,100.6448632,"ยืนยันตรงกันหลายแหล่ง: OPEC, OpenStreetMap, Overture Maps (ทุกแหล่งห่างจากจุดนี้ไม่เกิน 41 ม.)",Exact,https://school.opec.go.th/school/1110700117,"['ก่อนอนุบาล', 'อนุบาล']",ก่อนอนุบาล - อนุบาล,46,16,['Australian Montessori National Curriculum'],นางปนัดดา หงสกุล,,,ไม่รับเงินอุดหนุน,,,,,,,,https://pedb.opec.go.th/web/SchoolPdc.htm?mode=showPicture&t=1&id=24288,,,,,2026-09-14 01:07:29,2026-09-29 18:07:04,13.856764872235754,100.64448501931675,"['OPEC', 'OpenStreetMap', 'Overture Maps']","[{'source': 'opec', 'lat': 13.8567649, 'lon': 100.644485, 'distance_m': 41, 'label': 'OPEC', 'anchor_m': 5543}, {'source': 'osm', 'lat': 13.856702, 'lon': 100.6448632, 'distance_m': 0, 'label': 'Little Koala International Kindergarten School', 'score': 3, 'osm_id': 'w1502773984', 'anchor_m': 5584}, {'source': 'overture', 'lat': 13.7127143, 'lon': 100.5807556, 'distance_m': 17443, 'label': 'Little Koala International Kindergarten', 'score': 3, 'anchor_m': 17942, 'keys': ['domain', 'name'], 'confidence': 0.969, 'overture_id': '48a5eb11-cd9c-40ee-817d-3c53a03ab0b8', 'category': 'preschool'}, {'source': 'overture', 'lat': 13.8568776, 'lon': 100.6448503, 'distance_m': 20, 'label': 'Australian International School Bangkok Ramintra Campus', 'score': 0, 'anchor_m': 5576, 'keys': ['domain'], 'confidence': 0.977, 'overture_id': 'f5880dd5-f159-4e63-ad2c-efb717d73048', 'category': 'place_of_learning'}, {'source': 'arcgis_poi', 'distance_m': 17457, 'label': 'Little Koala International Kindergarten', 'score': 3, 'anchor_m': 17959}, {'source': 'arcgis_address', 'distance_m': 3166, 'label': 'PointAddress: 2 ถนนรามอินทรา เขตบางเขน กรุงเทพมหานคร 10220', 'anchor_m': 2458}, {'source': 'arcgis_address', 'distance_m': 1497, 'label': 'PointAddress: 2 ถนนรามอินทรา เขตคันนายาว กรุงเทพมหานคร 10230', 'anchor_m': 6675}]","{'level': 'amphoe', 'label': 'เขตบางเขน กรุงเทพมหานคร'}",consensus-v2,True,high,True,Little Koala International Kindergarten School Ramintra,False,2020,['ONESQA']
102,1110700118,นานาชาติคิงส์คอลเลจ กรุงเทพ,"King's college International School, Bangkok",กรุงเทพมหานคร,ยานนาวา,บางโพงพาง,727 หมู่ - ซอย - ถนน รัชดาภิเษก แขวงบางโพงพาง เขตยานนาวา กรุงเทพมหานคร 10120,,Not Checked,,,,,,13.6910538,100.5279762,"ยืนยันตรงกันหลายแหล่ง: ArcGIS POI, ArcGIS บ้านเลขที่, OPEC, OpenStreetMap, Overture Maps (ทุกแหล่งห่างจากจุดนี้ไม่เกิน 85 ม.) — มีจุดชื่อเดียวกันอีก 2 จุด ห่าง 8.6 กม.ขึ้นไป (วิทยาเขตอื่นหรือย้ายที่ตั้ง?)",Exact,https://school.opec.go.th/school/1110700118,"['ก่อนอนุบาล', 'อนุบาล', 'ประถมศึกษา', 'มัธยมศึกษาตอนต้น', 'มัธยมศึกษาตอนปลาย']",ก่อนอนุบาล - มัธยมศึกษาตอนปลาย,1405,65,"['UK Curriculum IGCSE, AS level และ A level']",,,,ไม่รับเงินอุดหนุน,,,,,,,,https://pedb.opec.go.th/web/SchoolPdc.htm?mode=showPicture&t=1&id=24323,,,,,2026-09-14 01:07:31,2026-09-29 18:07:04,13.691519151260517,100.52762746021172,"['ArcGIS POI', 'ArcGIS บ้านเลขที่', 'OPEC', 'OpenStreetMap', 'Overture Maps']","[{'source': 'opec', 'lat': 13.6915192, 'lon': 100.5276275, 'distance_m': 64, 'label': 'OPEC', 'anchor_m': 1667}, {'source': 'osm', 'lat': 13.6910538, 'lon': 100.5279762, 'distance_m': 0, 'label': ""โรงเรียนนานาชาติคิงส์คอลเลจกรุงเทพ / King's College International School Bangkok"", 'score': 3, 'osm_id': 'w1239573604', 'anchor_m': 1649}, {'source': 'overture', 'lat': 13.6917487, 'lon': 100.5277686, 'distance_m': 80, 'label': ""King's College International School Bangkok"", 'score': 3, 'anchor_m': 1644, 'keys': ['domain', 'name'], 'confidence': 0.995, 'overture_id': 'c53abd3e-adcd-46ad-92b2-2c763a7dafb7', 'category': 'place_of_learning'}, {'source': 'overture', 'lat': 13.7585905, 'lon': 100.5661839, 'distance_m': 8569, 'label': ""King's College of English"", 'score': 3, 'anchor_m': 7399, 'keys': ['name'], 'confidence': 0.965, 'overture_id': '474f2dcc-9caf-46d3-9fd2-56705380cf36', 'category': 'specialty_school'}, {'source': 'overture', 'lat': 13.90442, 'lon': 100.527609, 'distance_m': 23725, 'label': ""King's College of English"", 'score': 3, 'anchor_m': 23203, 'keys': ['name'], 'confidence': 0.521, 'overture_id': '84a76016-4008-487e-80d5-d2ec6ff2e810', 'category': 'college_university'}, {'source': 'arcgis_poi', 'distance_m': 60, 'label': ""King's College International School"", 'score': 3, 'anchor_m': 1667}, {'source': 'arcgis_address', 'distance_m': 85, 'label': 'PointAddress: 727 ถนนรัชดาภิเษก เขตยานนาวา กรุงเทพมหานคร 10120', 'anchor_m': 1605}, {'source': 'website', 'lat': 13.75133, 'lon': 100.489665, 'distance_m': 7877, 'label': 'https://www.kingsbangkok.ac.th/en', 'pin': 'place', 'origin': 'school', 'anchor_m': 8356}]","{'level': 'amphoe', 'label': 'เขตยานนาวา กรุงเทพมหานคร'}",consensus-v2,True,high,True,King's College International School Bangkok,False,2020,"['ONESQA', 'EDT']"
103,1110700119,นานาชาติรุ่งอรุณ,Roong Aroon International School,กรุงเทพมหานคร,บางขุนเทียน,ท่าข้าม,391/5 ซอย อนามัยงามเจริญ 25 ถนน พระราม 2 แขวงท่าข้าม เขตบางขุนเทียน กรุงเทพมหานคร 10150,,Not Checked,,,,,,13.6579487,100.466298,"ยืนยันตรงกันหลายแหล่ง: OPEC, OpenStreetMap, Overture Maps (ทุกแหล่งห่างจากจุดนี้ไม่เกิน 90 ม.)",Exact,https://school.opec.go.th/school/1110700119,"['มัธยมศึกษาตอนต้น', 'มัธยมศึกษาตอนปลาย']",มัธยมศึกษาตอนต้น - มัธยมศึกษาตอนปลาย,118,19,"['International Baccalaureate (IB) Diploma Program', 'International Baccalaureate (IB) Middle Years Programme (MYP)', 'International Baccalaureate Career-related Programme (IB-CP)', 'Roong Aroon International School Diploma Programme']",,,,ไม่รับเงินอุดหนุน,,,,,,,,https://pedb.opec.go.th/web/SchoolPdc.htm?mode=showPicture&t=1&id=24376,,,,,2026-09-14 01:07:31,2026-09-29 18:07:04,13.657165780266805,100.4661579883374,"['OPEC', 'OpenStreetMap', 'Overture Maps']","[{'source': 'opec', 'lat': 13.6571658, 'lon': 100.466158, 'distance_m': 88, 'label': 'OPEC', 'anchor_m': 3366}, {'source': 'osm', 'lat': 13.6579487, 'lon': 100.466298, 'distance_m': 0, 'label': 'โรงเรียนรุ่งอรุณ / Roong Aroon School', 'score': 4, 'osm_id': 'w1109361265', 'anchor_m': 3372}, {'source': 'overture', 'lat': 13.6571572, 'lon': 100.4661223, 'distance_m': 90, 'label': 'Roong Aroon International School', 'score': 4, 'anchor_m': 3363, 'keys': ['domain', 'name'], 'confidence': 0.965, 'overture_id': 'b3a0ba58-798b-4df9-93b2-b2761950bcd5', 'category': 'place_of_learning'}, {'source': 'overture', 'lat': 13.6578372, 'lon': 100.4659239, 'distance_m': 42, 'label': 'Roong Aroon School โรงเรียนรุ่งอรุณ', 'score': 4, 'anchor_m': 3333, 'keys': ['name'], 'confidence': 0.979, 'overture_id': 'd2a0da88-8c7c-4409-b745-2db11c3f9890', 'category': 'place_of_learning'}, {'source': 'arcgis_address', 'distance_m': 2050, 'label': 'PointAddress: 25 ถนนพระรามที่ 2 เขตบางขุนเทียน กรุงเทพมหานคร 10150', 'anchor_m': 1951}, {'source': 'arcgis_address', 'distance_m': 3696, 'label': 'PointAddress: 25 ถนนพระรามที่ 2 เขตจอมทอง กรุงเทพมหานคร 10150', 'anchor_m': 6203}, {'source': 'arcgis_address', 'distance_m': 3259, 'label': 'PointAddress: 2/5 ถนนพระรามที่ 2 เขตจอมทอง กรุงเทพมหานคร 10150', 'anchor_m': 5647}]","{'level': 'amphoe', 'label': 'เขตบางขุนเทียน กรุงเทพมหานคร'}",consensus-v2,True,high,True,Roong Aroon International School,False,2020,[]
104,1110700120,นานาชาติ ร่วมฤดีวิเทศศึกษา เออร์ลี่ เยียรส์ แคมปัส,Ruamrudee International School Early Years Campus,กรุงเทพมหานคร,คลองสามวา,สามวาตะวันตก,146 หมู่ - ซอย - ถนน พระยาสุเรนทร์ แขวงสามวาตะวันตก เขตคลองสามวา กรุงเทพมหานคร 10510,,Not Checked,,,,,,13.782101,100.7283724,"ยืนยันตรงกันหลายแหล่ง: ArcGIS POI, OPEC, OpenStreetMap (ทุกแหล่งห่างจากจุดนี้ไม่เกิน 197 ม.)",Exact,https://school.opec.go.th/school/1110700120,"['ก่อนอนุบาล', 'อนุบาล']",ก่อนอนุบาล - อนุบาล,43,8,"['American Education Reaches Out (AERO)', 'The Early childhook Curriculum  ( NCRC )']",,นายเจตนา กิจเจริญ,นางสาวพัชจนามาศ วราชิต,ไม่รับเงินอุดหนุน,,,,,,,,https://pedb.opec.go.th/web/SchoolPdc.htm?mode=showPicture&t=1&id=24379,,,,,2026-09-14 01:07:31,2026-09-29 18:07:04,13.783845718025837,100.72804282241756,"['ArcGIS POI', 'OPEC', 'OpenStreetMap']","[{'source': 'opec', 'lat': 13.7838457, 'lon': 100.7280428, 'distance_m': 197, 'label': 'OPEC', 'anchor_m': 8811}, {'source': 'osm', 'lat': 13.782101, 'lon': 100.7283724, 'distance_m': 0, 'label': 'โรงเรียนนานาชาติร่วมฤดี / Ruamrudee International School', 'score': 3, 'osm_id': 'w318472179', 'anchor_m': 9007}, {'source': 'osm', 'lat': 13.8405469, 'lon': 100.4557668, 'distance_m': 30145, 'label': 'Ruamrudee International School Ratchapruek Campus / Ruamrudee International School Ratchap', 'score': 3, 'osm_id': 'w684786905', 'anchor_m': 26902}, {'source': 'osm', 'lat': 13.8779071, 'lon': 100.6905023, 'distance_m': 11411, 'label': 'Ruamrudee International School Early Years Campus', 'score': 3, 'osm_id': 'w1387773038', 'anchor_m': 2513}, {'source': 'overture', 'lat': 13.8780346, 'lon': 100.6907453, 'distance_m': 11415, 'label': 'Ruamrudee International School Early Years Campus', 'score': 3, 'anchor_m': 2509, 'keys': ['domain', 'name'], 'confidence': 0.966, 'overture_id': 'bbbc4913-c139-445a-a3ae-cd1bbe5998df', 'category': 'preschool'}, {'source': 'overture', 'lat': 13.8815252, 'lon': 100.4929182, 'distance_m': 27722, 'label': 'Ruamrudee International School Ratchapruek Campus', 'score': 3, 'anchor_m': 22935, 'keys': ['name'], 'confidence': 0.95, 'overture_id': '8b00f0fd-dafe-41d6-b108-8bb02f8432ac', 'category': 'place_of_learning'}, {'source': 'overture', 'lat': 13.8393989, 'lon': 100.4554357, 'distance_m': 30153, 'label': 'Ruamrudee International School Ratchapruek', 'score': 3, 'anchor_m': 26948, 'keys': ['name'], 'confidence': 0.936, 'overture_id': '39a2ccc4-990a-46b4-805c-f83ab11ef315', 'category': 'place_of_learning'}, {'source': 'arcgis_poi', 'distance_m': 154, 'label': 'Ruamrudee International School', 'score': 3, 'anchor_m': 8869}, {'source': 'arcgis_poi', 'distance_m': 125, 'label': 'Ruamrudee International School', 'score': 3, 'anchor_m': 8888}]","{'level': 'amphoe', 'label': 'เขตคลองสามวา กรุงเทพมหานคร'}",consensus-v2,True,high,True,Ruamrudee International School Early Years Campus,False,2020,[]
105,1110700121,อนุบาลนานาชาติต้าตี้-ไทย ศรีนครินทร์,Dadi Thai Srinakarin International Kindergarten,กรุงเทพมหานคร,ประเวศ,หนองบอน,157 ซอย หมู่บ้านเสรีวิลล่า แยก 2 แขวงหนองบอน เขตประเวศ กรุงเทพมหานคร 10250,,Not Checked,,,,,,13.6868309,100.6512227,"ยืนยันตรงกันหลายแหล่ง: ArcGIS POI, Overture Maps (ทุกแหล่งห่างจากจุดนี้ไม่เกิน 19 ม.)",Exact,https://school.opec.go.th/school/1110700121,"['ก่อนอนุบาล', 'อนุบาล']",ก่อนอนุบาล - อนุบาล,59,1,"['หลักสูตรสหราชอาณาจักร', 'The national Curriculum in England']",,,,ไม่รับเงินอุดหนุน,,,,,,,,https://pedb.opec.go.th/web/SchoolPdc.htm?mode=showPicture&t=1&id=24665,,,,,2026-09-14 01:07:31,2026-09-29 18:07:04,,,"['ArcGIS POI', 'Overture Maps']","[{'source': 'overture', 'lat': 13.6868309, 'lon': 100.6512227, 'distance_m': 0, 'label': 'Dadi International Kindergarten', 'score': 3, 'anchor_m': 5777, 'keys': ['name'], 'confidence': 0.983, 'overture_id': '84db7642-2599-4424-95ea-0164a2e430d2', 'category': 'preschool'}, {'source': 'overture', 'lat': 13.7025155, 'lon': 100.5392401, 'distance_m': 12223, 'label': 'DADI International Kindergarten', 'score': 3, 'anchor_m': 16872, 'keys': ['name'], 'confidence': 0.978, 'overture_id': '69d90f77-35c6-4d51-866b-2c6ac913c524', 'category': 'preschool'}, {'source': 'overture', 'lat': 13.79675, 'lon': 100.61294, 'distance_m': 12903, 'label': 'DADI, Ekamai-Ramindra Campus', 'score': 0, 'anchor_m': 12509, 'keys': ['domain'], 'confidence': 0.587, 'overture_id': '9415791e-d553-4dcc-873d-4d1d53c999c1'}, {'source': 'arcgis_poi', 'distance_m': 19, 'label': 'Dadi International Kindergarten', 'score': 3, 'anchor_m': 5795}]","{'level': 'amphoe', 'label': 'เขตประเวศ กรุงเทพมหานคร'}",consensus-v2,True,high,True,Dadi Thai Srinakarin International Kindergarten,False,2021,[]
106,1110700122,นานาชาติบริติชแมนดาริน,BRITISH MANDARIN INTERNATIONAL SCHOOL,กรุงเทพมหานคร,บางกะปิ,หัวหมาก,190/1 หมู่ - ซอย รามคำแหง 68 ถนน รามคำแหง แขวงหัวหมาก เขตบางกะปิ กรุงเทพมหานคร 10240,https://www.mandarin.ac.th/,OPEC Profile,https://www.mandarin.ac.th/,https://www.facebook.com/mandarinbangkok/,,,,13.7641339,100.6609741,OPEC ยังไม่มีแหล่งอื่นยืนยัน (พิกัดประมาณการ),Approximate,https://school.opec.go.th/school/1110700122,"['ก่อนอนุบาล', 'อนุบาล', 'ประถมศึกษา', 'มัธยมศึกษาตอนต้น', 'มัธยมศึกษาตอนปลาย']",ก่อนอนุบาล - มัธยมศึกษาตอนปลาย,195,17,"['The Early Years Foundation Stage', 'The  National Curriculum in England Key Stage 1-5', 'The Early Years Foundation Stage (EYFS)', 'วิชาภาษาไทย  วัฒนธรรมไทย  และประวัติศาสตร์ไทย สำหรับโรงเรียนในระบบ ประเภทนานาชาติ', 'หลักสูตรโรงเรียนนานาชาติแมนดาริน']",,นางโรส ไชยคุนา,นายระดนยุทธย์ อินทธรรมรักษ์,ไม่รับเงินอุดหนุน,,"To empower students to become compassionate global citizens, equipped with the knowledge, skills, and values to thrive in an interconnected world.",,,"Mastery , Integrity , Success",นักเรียนมีความฉลาดทางอารมณ์  กล้าแสดงออกทางภาษาได้หลากหลายอย่างสร้างสรรค์  กล้าคิดมุ่ง มั่นให้สําเร็จ ยอมรับและเข้าใจสังคมโลกตะวันออกและโลกตะวันตก,,https://pedb.opec.go.th/web/SchoolPdc.htm?mode=showPicture&t=1&id=24669,,https://www.instagram.com/mandarinbangkok/,https://www.tiktok.com/@mandarinbangkok,,2026-09-14 01:07:31,2026-09-29 18:07:04,13.7641339,100.6609741,[],"[{'source': 'opec', 'lat': 13.7641339, 'lon': 100.6609741, 'distance_m': 0, 'label': 'OPEC', 'anchor_m': 1446}, {'source': 'arcgis_address', 'distance_m': 1394, 'label': 'PointAddress: 6/8 ถนนรามคำแหง เขตบางกะปิ กรุงเทพมหานคร 10240', 'anchor_m': 646}]","{'level': 'amphoe', 'label': 'เขตบางกะปิ กรุงเทพมหานคร'}",consensus-v2,False,low,True,British Mandarin International School,False,2564,[]
107,1110700123,นานาชาติจีน,CHINA INTERNATIONAL SCHOOL,กรุงเทพมหานคร,บึงกุ่ม,คลองกุ่ม,88 หมู่ - ซอย นวมินทร์ 74 ถนน สุขาภิบาล 1 แขวงคลองกุ่ม เขตบึงกุ่ม กรุงเทพมหานคร 10240,,Not Checked,,,,,,13.8152017,100.6549016,"ยืนยันตรงกันหลายแหล่ง: ArcGIS POI, OpenStreetMap, Overture Maps (ทุกแหล่งห่างจากจุดนี้ไม่เกิน 58 ม.)",Exact,https://school.opec.go.th/school/1110700123,"['ประถมศึกษา', 'มัธยมศึกษาตอนต้น', 'มัธยมศึกษาตอนปลาย']",ประถมศึกษา - มัธยมศึกษาตอนปลาย,69,24,"['หลักสูตรดัดแปลงตามแนวความคิดของหลักสูตรแกนกลางของสาธารณรัฐประชาชนจีน', 'หลักสูตรจีน']",,นางเสาวภาคย์ แหลมเพ็ชร,นางเสาวภาคย์ แหลมเพ็ชร,ไม่รับเงินอุดหนุน,,,,,,,,https://pedb.opec.go.th/web/SchoolPdc.htm?mode=showPicture&t=1&id=24683,,,,,2026-09-14 01:07:32,2026-09-29 18:07:04,,,"['ArcGIS POI', 'OpenStreetMap', 'Overture Maps']","[{'source': 'osm', 'lat': 13.8152017, 'lon': 100.6549016, 'distance_m': 0, 'label': 'โรงเรียนนานาชาติจีน / China International School', 'score': 3, 'osm_id': 'w1420185327', 'anchor_m': 3663}, {'source': 'overture', 'lat': 13.815261, 'lon': 100.655431, 'distance_m': 58, 'label': 'China International School Thailand', 'score': 2, 'anchor_m': 3645, 'keys': ['domain', 'name'], 'confidence': 0.938, 'overture_id': '8999ef2a-45af-439d-97bd-18e8157deac6', 'category': 'place_of_learning'}, {'source': 'arcgis_poi', 'distance_m': 24, 'label': 'China Internation School', 'score': 2, 'anchor_m': 3686}]","{'level': 'amphoe', 'label': 'เขตบึงกุ่ม กรุงเทพมหานคร'}",consensus-v2,True,high,,,,,
108,1110700124,นานาชาติอคาเซีย พรีสคูล กรุงเทพ,Acacia International Preschool Bangkok,กรุงเทพมหานคร,ยานนาวา,ช่องนนทรี,4/2 หมู่ - ซอย ประสาทสุข ถนน เย็นอากาศ แขวงช่องนนทรี เขตยานนาวา กรุงเทพมหานคร 10120,,Not Checked,,,,,,13.7163905,100.5476954,Overture Maps ยังไม่มีแหล่งอื่นยืนยัน (พิกัดประมาณการ),Approximate,https://school.opec.go.th/school/1110700124,['อนุบาล'],อนุบาล - อนุบาล,46,3,"['หลักสูตรสหราชอาณาจักร', 'หลักสูตรแห่งสหราชอาณาจักร']",,,,ไม่รับเงินอุดหนุน,,,,,,,,https://pedb.opec.go.th/web/SchoolPdc.htm?mode=showPicture&t=1&id=24696,,,,,2026-09-14 01:07:32,2026-09-29 18:07:04,,,[],"[{'source': 'overture', 'lat': 13.7163905, 'lon': 100.5476954, 'distance_m': 0, 'label': 'Acacia International School Bangkok Sathorn', 'score': 3, 'anchor_m': 2316, 'keys': ['name'], 'confidence': 0.868, 'overture_id': '8372a9cd-3fa1-4c3d-9727-2de0379d043e', 'category': 'preschool'}, {'source': 'arcgis_address', 'distance_m': 56, 'label': 'PointAddress: 4/2 ซอยประสาทสุข เขตยานนาวา กรุงเทพมหานคร 10120', 'anchor_m': 2367}]","{'level': 'amphoe', 'label': 'เขตยานนาวา กรุงเทพมหานคร'}",consensus-v2,False,low,,,,,
109,1110700125,อนุบาลนานาชาติต้าตี้ ธนบุรี,Dadi Thonburi International Kindergarten,กรุงเทพมหานคร,ตลิ่งชัน,บางเชือกหนัง,4 ถนน พุทธมณฑลสาย 1  แขวงบางเชือกหนัง เขตตลิ่งชัน กรุงเทพมหานคร 10170,,Not Checked,,,024088790,0614104144,,13.7445043,100.4278907,"ยืนยันตรงกันหลายแหล่ง: ArcGIS POI, ArcGIS บ้านเลขที่, Overture Maps (ทุกแหล่งห่างจากจุดนี้ไม่เกิน 30 ม.)",Exact,https://school.opec.go.th/school/1110700125,"['ก่อนอนุบาล', 'อนุบาล']",ก่อนอนุบาล - อนุบาล,34,2,"['หลักสูตรสหราชอาณาจักร', 'The Early Years Foundation Stage']",,นายมนตรี ธนะสิงห์,,ไม่รับเงินอุดหนุน,,,,,,,,https://pedb.opec.go.th/web/SchoolPdc.htm?mode=showPicture&t=1&id=24701,,,,,2026-09-14 01:07:31,2026-09-29 18:07:04,,,"['ArcGIS POI', 'ArcGIS บ้านเลขที่', 'Overture Maps']","[{'source': 'overture', 'lat': 13.6868309, 'lon': 100.6512227, 'distance_m': 24963, 'label': 'Dadi International Kindergarten', 'score': 3, 'anchor_m': 23311, 'keys': ['name'], 'confidence': 0.983, 'overture_id': '84db7642-2599-4424-95ea-0164a2e430d2', 'category': 'preschool'}, {'source': 'overture', 'lat': 13.7025155, 'lon': 100.5392401, 'distance_m': 12902, 'label': 'DADI International Kindergarten', 'score': 3, 'anchor_m': 12191, 'keys': ['name'], 'confidence': 0.978, 'overture_id': '69d90f77-35c6-4d51-866b-2c6ac913c524', 'category': 'preschool'}, {'source': 'overture', 'lat': 13.78081, 'lon': 100.42681, 'distance_m': 4039, 'label': 'DADI International Kindergarten，Thonburi Campus', 'score': 3, 'anchor_m': 3221, 'keys': ['name'], 'confidence': 0.925, 'overture_id': '55c35427-923a-4997-9564-3fa88e8ec7a9', 'category': 'home_service'}, {'source': 'overture', 'lat': 13.7445043, 'lon': 100.4278907, 'distance_m': 0, 'label': 'Dadi International Kindergarten Thonburi', 'score': 3, 'anchor_m': 4741, 'keys': ['name'], 'confidence': 0.566, 'overture_id': '96e25584-eb80-4e2d-ba9e-11b1fc28e40d', 'category': 'preschool'}, {'source': 'overture', 'lat': 13.79675, 'lon': 100.61294, 'distance_m': 20812, 'label': 'DADI, Ekamai-Ramindra Campus', 'score': 0, 'anchor_m': 17051, 'keys': ['domain'], 'confidence': 0.587, 'overture_id': '9415791e-d553-4dcc-873d-4d1d53c999c1'}, {'source': 'arcgis_poi', 'distance_m': 30, 'label': 'Dadi International Kindergarten, Thon Buri Campus', 'score': 3, 'anchor_m': 4744}, {'source': 'arcgis_poi', 'distance_m': 24946, 'label': 'Dadi International Kindergarten', 'score': 3, 'anchor_m': 23296}, {'source': 'arcgis_address', 'distance_m': 28, 'label': 'PointAddress: 4 ถนนพุทธมณฑลสาย 1 เขตตลิ่งชัน กรุงเทพมหานคร 10170', 'anchor_m': 4748}]","{'level': 'amphoe', 'label': 'เขตตลิ่งชัน กรุงเทพมหานคร'}",consensus-v2,True,high,,,,,
110,1110700126,นานาชาติแอสทรา อะคาเดมี่,ASTRA ACADEMY INTERNATIONAL SCHOOL,กรุงเทพมหานคร,วัฒนา,พระโขนงเหนือ,154 หมู่ - ซอย เอกมัย 14 ถนน สุขุมวิท 63 แขวงพระโขนงเหนือ เขตวัฒนา กรุงเทพมหานคร 10110,,Not Checked,,,,,,13.7314259,100.5892543,"ยืนยันตรงกันหลายแหล่ง: ArcGIS POI, ArcGIS บ้านเลขที่, Overture Maps (ทุกแหล่งห่างจากจุดนี้ไม่เกิน 34 ม.)",Exact,https://school.opec.go.th/school/1110700126,"['ก่อนอนุบาล', 'อนุบาล', 'ประถมศึกษา', 'มัธยมศึกษาตอนต้น', 'มัธยมศึกษาตอนปลาย']",ก่อนอนุบาล - มัธยมศึกษาตอนปลาย,124,16,"['The Early Years Foundation Stage', 'The  National Curriculum in England Key Stage 1-5']",,,,ไม่รับเงินอุดหนุน,,,,,,,,https://pedb.opec.go.th/web/SchoolPdc.htm?mode=showPicture&t=1&id=24729,,,,,2026-09-14 01:07:34,2026-09-29 18:07:04,,,"['ArcGIS POI', 'ArcGIS บ้านเลขที่', 'Overture Maps']","[{'source': 'overture', 'lat': 13.7314259, 'lon': 100.5892543, 'distance_m': 0, 'label': 'Astra Academy International School', 'score': 3, 'anchor_m': 1268, 'keys': ['domain', 'name'], 'confidence': 0.983, 'overture_id': 'f4cc69f7-299d-4ad7-a21d-35bf1e6c7613', 'category': 'place_of_learning'}, {'source': 'arcgis_poi', 'distance_m': 5, 'label': 'Astra Academy International School', 'score': 3, 'anchor_m': 1268}, {'source': 'arcgis_address', 'distance_m': 1638, 'label': 'PointAddress: 1/4 ถนนสุขุมวิท เขตวัฒนา กรุงเทพมหานคร 10110', 'anchor_m': 2885}, {'source': 'arcgis_address', 'distance_m': 1206, 'label': 'PointAddress: 14 ถนนสุขุมวิท เขตวัฒนา กรุงเทพมหานคร 10110', 'anchor_m': 2030}, {'source': 'arcgis_address', 'distance_m': 34, 'label': 'PointAddress: 154 ซอยเอกมัย 14 ถนนสุขุมวิท เขตวัฒนา กรุงเทพมหานคร 10110', 'anchor_m': 1284}]","{'level': 'amphoe', 'label': 'เขตวัฒนา กรุงเทพมหานคร'}",consensus-v2,True,high,True,Astra Academy International School,False,2021,['ONESQA']
111,1110700127,นานาชาติรัชต์ภาคย์,RAJAPARK INTERNATIONAL SCHOOL,กรุงเทพมหานคร,วังทองหลาง,พลับพลา,68 หมู่ - ซอย รามคำแหง 21 แยก 10 ถนน รามคำแหง แขวงพลับพลา เขตวังทองหลาง กรุงเทพมหานคร 10310,,Not Checked,,,,,,13.7612352,100.6033245,Overture Maps ชื่อตรงกับโรงเรียน (Rajapark International School) และอยู่ในเขตที่จดทะเบียน,Exact,https://school.opec.go.th/school/1110700127,"['ก่อนอนุบาล', 'อนุบาล', 'ประถมศึกษา', 'มัธยมศึกษาตอนต้น', 'มัธยมศึกษาตอนปลาย']",ก่อนอนุบาล - มัธยมศึกษาตอนปลาย,29,6,"['หลักสูตรสหรัฐอเมริกัน', 'School of Tomorrow']",,,นางสาว แพรภัสส์ เลิศรัฐพัชร์,ไม่รับเงินอุดหนุน,,,,,,,,https://pedb.opec.go.th/web/SchoolPdc.htm?mode=showPicture&t=1&id=24737,,,,,2026-09-14 01:07:33,2026-09-29 18:07:04,,,['Overture Maps'],"[{'source': 'overture', 'lat': 13.7612352, 'lon': 100.6033245, 'distance_m': 0, 'label': 'Rajapark International School', 'score': 3, 'anchor_m': 2802, 'keys': ['domain', 'name'], 'confidence': 0.723, 'overture_id': 'f4a4ce78-991a-4f3c-873d-6671c9bf68c4', 'category': 'place_of_learning'}, {'source': 'arcgis_address', 'distance_m': 22, 'label': 'PointAddress: 68 ซอยรามคำแหง 21 แยก 10 เขตวังทองหลาง กรุงเทพมหานคร 10310', 'anchor_m': 2781}, {'source': 'arcgis_address', 'distance_m': 829, 'label': 'PointAddress: 68 ซอยรามคำแหง 21 ถนนรามคำแหง เขตวังทองหลาง กรุงเทพมหานคร 10310', 'anchor_m': 3222}]","{'level': 'amphoe', 'label': 'เขตวังทองหลาง กรุงเทพมหานคร'}",consensus-v2,True,medium,,,,,
112,1110700128,นานาชาติฟินแลนด์แห่งประเทศไทย เฮย์กรุงเทพ (สุขุมวิท),Finland International School of Thailand : Hei Bangkok (Sukhumvit),กรุงเทพมหานคร,คลองเตย,คลองตัน,32 ซอย สุขุมวิท 36 แขวงคลองตัน เขตคลองเตย กรุงเทพมหานคร 10110,https://www.heibangkok.com/,OPEC Profile,https://www.heibangkok.com/,https://www.facebook.com/heibangkok,,0820025555,,13.7197282,100.5761788,Overture Maps ชื่อตรงกับโรงเรียน (HEI Schools Bangkok) และอยู่ในเขตที่จดทะเบียน,Exact,https://school.opec.go.th/school/1110700128,['อนุบาล'],อนุบาล - อนุบาล,0,16,[],,นายไพบูลย์  สุขชุม,นางพรลดา วินิชบุตร,ไม่รับเงินอุดหนุน,,,,,,,,https://pedb.opec.go.th/web/SchoolPdc.htm?mode=showPicture&t=1&id=24776,@heibangkok,https://www.instagram.com/heischools_bangkok/,,,2026-09-14 01:07:32,2026-09-29 18:07:04,,,['Overture Maps'],"[{'source': 'overture', 'lat': 13.7197282, 'lon': 100.5761788, 'distance_m': 0, 'label': 'HEI Schools Bangkok', 'score': 0, 'anchor_m': 1518, 'keys': ['domain', 'phone'], 'confidence': 0.923, 'overture_id': '63efdf14-0f63-4664-957e-29f1f943d92c', 'category': 'place_of_learning'}, {'source': 'arcgis_address', 'distance_m': 31, 'label': 'PointAddress: 32 ซอยสุขุมวิท 36 เขตคลองเตย กรุงเทพมหานคร 10110', 'anchor_m': 1540}]","{'level': 'amphoe', 'label': 'เขตคลองเตย กรุงเทพมหานคร'}",consensus-v2,True,medium,True,Finland International School of Thailand: Hei Bangkok (Sukhumvit),False,2021,['ONESQA']
113,1110700130,อนุบาลนานาชาติดับเบิลทรี พระราม 3,DOUBLE TREES RAMA  3 INTERNATIONAL KINDERGARTEN,กรุงเทพมหานคร,ยานนาวา,ช่องนนทรี,311/1 ถนน สาธุประดิษฐ์ แขวงช่องนนทรี เขตยานนาวา กรุงเทพมหานคร 10120,,Not Checked,,,,,,13.7002926,100.5343064,"ยืนยันตรงกันหลายแหล่ง: ArcGIS บ้านเลขที่, OpenStreetMap, Overture Maps (ทุกแหล่งห่างจากจุดนี้ไม่เกิน 504 ม.)",Exact,https://school.opec.go.th/school/1110700130,"['ก่อนอนุบาล', 'อนุบาล']",ก่อนอนุบาล - อนุบาล,39,14,"['The Early Years Foundation Stage', 'The National Curriculum in England Key Stage 1']",,นางทองอยู่ เอมรื่น,นางโซเนีย แกน,ไม่รับเงินอุดหนุน,,,,,,,,https://pedb.opec.go.th/web/SchoolPdc.htm?mode=showPicture&t=1&id=24836,,,,,2026-09-14 01:07:32,2026-09-29 18:07:04,,,"['ArcGIS บ้านเลขที่', 'OpenStreetMap', 'Overture Maps']","[{'source': 'osm', 'lat': 13.7002926, 'lon': 100.5343064, 'distance_m': 0, 'label': 'โรงเรียนนานาชาติดับเบิลทรีส์ เขตพระราม 3 / Double Trees International School Rama 3 Campus', 'score': 4, 'osm_id': 'w1204961960', 'anchor_m': 971}, {'source': 'overture', 'lat': 13.7655844, 'lon': 100.4437229, 'distance_m': 12184, 'label': 'Double Trees International School', 'score': 4, 'anchor_m': 13144, 'keys': ['name'], 'confidence': 0.98, 'overture_id': '218b9e1f-420a-4666-b670-3e3ff45d4c11', 'category': 'place_of_learning'}, {'source': 'overture', 'lat': 13.5949879, 'lon': 100.6085852, 'distance_m': 14196, 'label': 'Double Trees International School', 'score': 4, 'anchor_m': 13345, 'keys': ['name'], 'confidence': 0.974, 'overture_id': '66ac108c-8e64-4618-a7f2-0d7be65ffe26', 'category': 'place_of_learning'}, {'source': 'overture', 'lat': 13.7000815, 'lon': 100.5344336, 'distance_m': 27, 'label': 'Double Trees International School Rama 3 Campus', 'score': 4, 'anchor_m': 948, 'keys': ['name'], 'confidence': 0.969, 'overture_id': 'bc2eac06-d16e-46ed-a225-a5978ab7276f', 'category': 'place_of_learning'}, {'source': 'arcgis_address', 'distance_m': 504, 'label': 'PointAddress: 1 ถนนสาธุประดิษฐ์ เขตยานนาวา กรุงเทพมหานคร 10120', 'anchor_m': 1476}, {'source': 'arcgis_address', 'distance_m': 2209, 'label': 'PointAddress: 1 ถนนสาธุประดิษฐ์ เขตยานนาวา กรุงเทพมหานคร 10120', 'anchor_m': 2123}]","{'level': 'amphoe', 'label': 'เขตยานนาวา กรุงเทพมหานคร'}",consensus-v2,True,high,True,Double Trees Rama 3 International Kindergarten,False,2022,[]
114,1110700131,อนุบาลนานาชาติลิตเติ้ลโคอาล่า,Little Koala International Kinderga,กรุงเทพมหานคร,คลองเตย,พระโขนง,4154 ถนน พระรามที่ 4 แขวงพระโขนง เขตคลองเตย กรุงเทพมหานคร 10110,,Not Checked,,,,,,13.7127143,100.5807556,"ยืนยันตรงกันหลายแหล่ง: ArcGIS POI, Overture Maps (ทุกแหล่งห่างจากจุดนี้ไม่เกิน 20 ม.)",Exact,https://school.opec.go.th/school/1110700131,['อนุบาล'],อนุบาล - อนุบาล,146,16,['Australian National Curriculum'],,,นางสาวอุมารัตน์ บุญเกิด,ไม่รับเงินอุดหนุน,,,,,,,,https://pedb.opec.go.th/web/SchoolPdc.htm?mode=showPicture&t=1&id=24876,,,,,2026-09-14 01:07:32,2026-09-29 18:07:04,,,"['ArcGIS POI', 'Overture Maps']","[{'source': 'osm', 'lat': 13.856702, 'lon': 100.6448632, 'distance_m': 17443, 'label': 'Little Koala International Kindergarten School', 'score': 3, 'osm_id': 'w1502773984', 'anchor_m': 17795}, {'source': 'overture', 'lat': 13.7127143, 'lon': 100.5807556, 'distance_m': 0, 'label': 'Little Koala International Kindergarten', 'score': 3, 'anchor_m': 595, 'keys': ['domain', 'name'], 'confidence': 0.969, 'overture_id': '48a5eb11-cd9c-40ee-817d-3c53a03ab0b8', 'category': 'preschool'}, {'source': 'overture', 'lat': 13.8568776, 'lon': 100.6448503, 'distance_m': 17461, 'label': 'Australian International School Bangkok Ramintra Campus', 'score': 0, 'anchor_m': 17812, 'keys': ['domain'], 'confidence': 0.977, 'overture_id': 'f5880dd5-f159-4e63-ad2c-efb717d73048', 'category': 'place_of_learning'}, {'source': 'arcgis_poi', 'distance_m': 20, 'label': 'Little Koala International Kindergarten', 'score': 3, 'anchor_m': 576}]","{'level': 'amphoe', 'label': 'เขตคลองเตย กรุงเทพมหานคร'}",consensus-v2,True,high,True,Little Koala International Kindergarten,False,2022,[]
115,1110700132,นานาชาติเพ็ญสมิทธ์,Pensmith International School,กรุงเทพมหานคร,บางกะปิ,หัวหมาก,209 ซอย รามคำแหง 68 (สุภาพงษ์) แขวงหัวหมาก เขตบางกะปิ กรุงเทพมหานคร 10240,,Not Checked,,,,,,13.7626154,100.663793,"ยืนยันตรงกันหลายแหล่ง: OpenStreetMap, Overture Maps (ทุกแหล่งห่างจากจุดนี้ไม่เกิน 5 ม.)",Exact,https://school.opec.go.th/school/1110700132,"['อนุบาล', 'ประถมศึกษา', 'มัธยมศึกษาตอนต้น', 'มัธยมศึกษาตอนปลาย']",อนุบาล - มัธยมศึกษาตอนปลาย,16,7,"['A National British Curriculum', 'High School Curriculum Pennsylvania Department Of Education', 'วิชาภาษาไทย  วัฒนธรรมไทย  และประวัติศาสตร์ไทย สำหรับโรงเรียนในระบบ ประเภทนานาชาติ']",นางสาวพริ้มรส มารีประสิทธิ์,,,ไม่รับเงินอุดหนุน,,,,,,,,https://pedb.opec.go.th/web/SchoolPdc.htm?mode=showPicture&t=1&id=24906,,,,,2026-09-14 01:07:33,2026-09-29 18:07:04,,,"['OpenStreetMap', 'Overture Maps']","[{'source': 'osm', 'lat': 13.7626154, 'lon': 100.663793, 'distance_m': 0, 'label': 'โรงเรียนนานาชาติเพ็ญสมิทธ์ / โรงเรียนนานาชาติเพ็ญสมิทธ์', 'score': 3, 'osm_id': 'w1394948753', 'anchor_m': 1772}, {'source': 'overture', 'lat': 13.7625716, 'lon': 100.6638128, 'distance_m': 5, 'label': 'โรงเรียนเพ็ญสมิทธ์ - Pensmith School', 'score': 3, 'anchor_m': 1775, 'keys': ['name'], 'confidence': 0.768, 'overture_id': '983264d4-8af9-418f-9820-4225d98bb450', 'category': 'place_of_learning'}, {'source': 'arcgis_address', 'distance_m': 1644, 'label': 'PointAddress: 6/8 ถนนรามคำแหง เขตบางกะปิ กรุงเทพมหานคร 10240', 'anchor_m': 646}]","{'level': 'amphoe', 'label': 'เขตบางกะปิ กรุงเทพมหานคร'}",consensus-v2,True,high,,,,,
116,1110700133,นานาชาติโอ๊คบิวรี่,Oakbury International School,กรุงเทพมหานคร,จตุจักร,จันทรเกษม,99/9 ซอย ลาดพร้าว 35 ถนน ลาดพร้าว แขวงจันทรเกษม เขตจตุจักร กรุงเทพมหานคร 10900,https://www.oakbury.ac.th,OPEC Profile,https://www.oakbury.ac.th,https://oakbury_bangkok,0925999093,,,13.8086597,100.5809027,Overture Maps ชื่อตรงกับโรงเรียน (Oakbury International School) และอยู่ในเขตที่จดทะเบียน,Exact,https://school.opec.go.th/school/1110700133,"['ก่อนอนุบาล', 'อนุบาล']",ก่อนอนุบาล - อนุบาล,53,16,['The National Curriculum in England Key Stage 1'],,,,ไม่รับเงินอุดหนุน,,,,,,,,https://pedb.opec.go.th/web/SchoolPdc.htm?mode=showPicture&t=1&id=24930,@oakbury_bangkok,,,,2026-09-14 01:07:33,2026-09-29 18:07:04,,,['Overture Maps'],"[{'source': 'overture', 'lat': 13.8086597, 'lon': 100.5809027, 'distance_m': 0, 'label': 'Oakbury International School', 'score': 3, 'anchor_m': 3182, 'keys': ['domain', 'name', 'phone'], 'confidence': 0.982, 'overture_id': '1edcf467-21eb-4bf3-b28a-62679e0340ea', 'category': 'place_of_learning'}, {'source': 'arcgis_address', 'distance_m': 56, 'label': 'PointAddress: 99 ซอยลาดพร้าว 35 ตำบลจันทรเกษม เขตจตุจักร กรุงเทพมหานคร 10900', 'anchor_m': 3150}, {'source': 'arcgis_address', 'distance_m': 1523, 'label': 'PointAddress: 3/5 ถนนลาดพร้าว เขตจตุจักร กรุงเทพมหานคร 10900', 'anchor_m': 2173}]","{'level': 'amphoe', 'label': 'เขตจตุจักร กรุงเทพมหานคร'}",consensus-v2,True,medium,True,Oakbury International School,False,2022,['ONESQA']
117,1110700134,นานาชาติรีเจ้นท์-หลังสวน,Regent International School-LangSuan,กรุงเทพมหานคร,ปทุมวัน,ลุมพินี,65 ซอย หลังสวน แขวงลุมพินี เขตปทุมวัน กรุงเทพมหานคร 10330,,Not Checked,,,,,,13.7399267,100.5432426,"ยืนยันตรงกันหลายแหล่ง: ArcGIS POI, Overture Maps (ทุกแหล่งห่างจากจุดนี้ไม่เกิน 31 ม.)",Exact,https://school.opec.go.th/school/1110700134,"['ก่อนอนุบาล', 'อนุบาล']",ก่อนอนุบาล - อนุบาล,12,0,[],,,,ไม่รับเงินอุดหนุน,,,,,,,,https://pedb.opec.go.th/web/SchoolPdc.htm?mode=showPicture&t=1&id=25117,,,,,2026-09-14 01:07:33,2026-09-29 18:07:04,,,"['ArcGIS POI', 'Overture Maps']","[{'source': 'osm', 'lat': 13.7703239, 'lon': 100.5837533, 'distance_m': 5529, 'label': ""โรงเรียนนานาชาติเดอะรีเจ้นท์ / The Regent's School"", 'score': 3, 'osm_id': 'r18273006', 'anchor_m': 7511}, {'source': 'overture', 'lat': 13.7675292, 'lon': 100.5961588, 'distance_m': 6487, 'label': ""Regent's International School Bangkok"", 'score': 3, 'anchor_m': 8569, 'keys': ['domain', 'name'], 'confidence': 0.949, 'overture_id': '5848bbee-718b-40ce-8b73-f1919b3d5477', 'category': 'high_school'}, {'source': 'overture', 'lat': 13.7701, 'lon': 100.58541, 'distance_m': 5657, 'label': ""The Regent's International School, Bangkok"", 'score': 3, 'anchor_m': 7655, 'keys': ['domain', 'name'], 'confidence': 0.83, 'overture_id': '43a7f34f-8fe0-495f-90bf-688dc44d467a', 'category': 'place_of_learning'}, {'source': 'overture', 'lat': 13.7667268, 'lon': 100.5958696, 'distance_m': 6418, 'label': ""Regent's International College"", 'score': 3, 'anchor_m': 8505, 'keys': ['name'], 'confidence': 0.957, 'overture_id': '73a6da5d-9639-4d19-a1a3-1ac882811497', 'category': 'college_university'}, {'source': 'overture', 'lat': 13.7399267, 'lon': 100.5432426, 'distance_m': 0, 'label': ""Regent's Lang Suan"", 'score': 0, 'anchor_m': 2165, 'keys': ['domain'], 'confidence': 0.98, 'overture_id': 'ea8a1f6d-c470-4360-b7ab-9274f1b84733', 'category': 'place_of_learning'}, {'source': 'overture', 'lat': 13.7705317, 'lon': 100.5837859, 'distance_m': 5546, 'label': ""The Regent's International School Boarding House"", 'score': 0, 'anchor_m': 7526, 'keys': ['domain'], 'confidence': 0.957, 'overture_id': 'a84d35fb-45a1-4a39-bf2e-ae4c05f85d1c', 'category': 'campus_building'}, {'source': 'arcgis_poi', 'distance_m': 31, 'label': ""Regent's International School Lang Suan Campus"", 'score': 3, 'anchor_m': 2189}, {'source': 'arcgis_poi', 'distance_m': 5545, 'label': 'The Regent International School', 'score': 3, 'anchor_m': 7521}, {'source': 'arcgis_poi', 'distance_m': 17, 'label': 'Regent Lang Suan International School', 'score': 3, 'anchor_m': 2171}, {'source': 'arcgis_poi', 'distance_m': 5575, 'label': 'Regents International College', 'score': 3, 'anchor_m': 7555}, {'source': 'website', 'lat': 13.768095, 'lon': 100.5967, 'distance_m': 6569, 'label': 'https://regents.ac.th', 'pin': 'place', 'origin': 'school', 'anchor_m': 8648}]","{'level': 'amphoe', 'label': 'เขตปทุมวัน กรุงเทพมหานคร'}",consensus-v2,True,high,,,,,
118,1110700135,นานาชาติกรแก้วมอนเตสซอรี่,Kornkaew International Montessori School,กรุงเทพมหานคร,พญาไท,พญาไท,21 ซอย อารีย์ 3 ถนน พหลโยธิน แขวงพญาไท เขตพญาไท กรุงเทพมหานคร 10400,,Not Checked,,,,,,13.7874633,100.5285608,Overture Maps ชื่อตรงกับโรงเรียน (Kornkaew Montessori School) และอยู่ในเขตที่จดทะเบียน,Exact,https://school.opec.go.th/school/1110700135,"['ก่อนอนุบาล', 'อนุบาล']",ก่อนอนุบาล - อนุบาล,0,1,[],นายคมกริช หงสประภาส,,นายคมกริช หงสประภาส,ไม่รับเงินอุดหนุน,,,,,,,,https://pedb.opec.go.th/web/SchoolPdc.htm?mode=showPicture&t=1&id=25142,,,,,2026-09-14 01:07:33,2026-09-29 18:07:04,,,['Overture Maps'],"[{'source': 'overture', 'lat': 13.7874633, 'lon': 100.5285608, 'distance_m': 0, 'label': 'Kornkaew Montessori School', 'score': 3, 'anchor_m': 1744, 'keys': ['domain', 'name'], 'confidence': 0.978, 'overture_id': 'a6115099-4e69-42c7-a428-e7092dfe7908', 'category': 'place_of_learning'}, {'source': 'arcgis_address', 'distance_m': 1625, 'label': 'PointAddress: 2/1 ซอยอารีย์ 3 ถนนพหลโยธิน เขตพญาไท กรุงเทพมหานคร 10400', 'anchor_m': 286}]","{'level': 'amphoe', 'label': 'เขตพญาไท กรุงเทพมหานคร'}",consensus-v2,True,medium,,,,,
119,1110700136,อนุบาลนานาชาติคิดส์ คิงดอม ร่วมฤดี,Kids Kingdom Ruamrudee International Kindergarten School,กรุงเทพมหานคร,ปทุมวัน,ลุมพินี,63/2 ซอย ร่วมฤดี แขวงลุมพินี เขตปทุมวัน กรุงเทพมหานคร 10330,https://www.kidskingdom.ac.th,OPEC Profile,https://www.kidskingdom.ac.th,https://www.facebook.com/kidskingdomruamrudee/,022538515,0636246152,,13.7374855,100.5495786,"ยืนยันตรงกันหลายแหล่ง: ArcGIS บ้านเลขที่, OpenStreetMap, Overture Maps (ทุกแหล่งห่างจากจุดนี้ไม่เกิน 408 ม.)",Exact,https://school.opec.go.th/school/1110700136,"['ก่อนอนุบาล', 'อนุบาล']",ก่อนอนุบาล - อนุบาล,100,12,"['International Preschool Curriculum (IPC)', 'หลักสูตรภาษาไทย วัฒนธรรมไทยและประวัติศาสตร์ไทย']",,นายธงชัย สุขหมื่น,นางสาวรวิวรรณ บุพพัณหสมัย,ไม่รับเงินอุดหนุน,โรงเรียนอนุบาลนานาชาติคิดส์ คิงดอม ร่วมฤดี ใช้หลักสูตร International Preschool Curriculum (IPC) ในการจัดการเรียนการสอนระดับก่อนประถมศึกษา สำหรับเด็กอายุ 2 ปี ถึง 6 ปี โดยมุ่งเน้นให้นักเรียนมีความรักในการเรียนรู้ผ่านการอบรมเลี้ยงดูและการส่งเสริมกระบวนการเรียนรู้ที่มีคุณภาพและเหมาะสมกับพัฒนาการทั้งด้านร่างกาย อารมณ์ สังคม และสติปัญญา โดยครูที่ผ่านการพัฒนาวิชาชีพโดยตรง มีคุณสมบัติที่เหมาะสมในการสนับสนุนการเรียนรู้ เรียนรู้ไปพร้อมกับเด็ก ส่งเสริมการพัฒนาทักษะในการดำเนินชีวิต จัดบรรยากาศภายในโรงเรียนและห้องเรียนที่มีความอบอุ่นและความเอื้ออาทร จัดสิ่งแวดล้อมที่เอื้อต่อการเรียนรู้จัดเตรียมสื่อและแหล่งเรียนรู้ที่หลากหลายโดยคำนึงถึงความปลอดภัยเป็นสำคัญ คงไว้ซึ่งการอนุรักษ์วัฒนธรรมและความเป็นไทย และพัฒนาศักยภาพของเด็กให้ปรากฏชัดเจนยิ่งขึ้น เพื่อนักเรียนเป็นผู้เรียนรู้ตลอดชีวิตที่มีความสุข และมีจิตใจที่ดีงาม,เน้นให้นักเรียนมีพัฒนาการตามวัย ทั้งด้านร่างกายจิตใจ อารมณ์และสังคมอย่าง เต็มศักยภาพ เข้าใจธรรมชาติและสิ่งแวดล้อมรอบตัว และอยู่ในสังคมได้อย่างมี ความสุข ตลอดจนมีความรู้ ความเข้าใจในเนื้อหาทักษะตามรายวิชา และสามารถใช้ภาษาอังกฤษได้ตามเกณฑ์อย่างถูกต้อง,,,การสอนแบบเล่นปนเรียน (Playing and Learning) เน้นให้เด็กกล้าแสดงออก มีความเป็นผู้นำและผู้ตามที่ดี และสามา รถดำรงชีวิตในสังคมได้อย่างมีความสุข,เล่นและเรียนอย่างสร้างสรรค์,,https://pedb.opec.go.th/web/SchoolPdc.htm?mode=showPicture&t=1&id=25246,kids_kingdom,https://www.instagram.com/kidskingdomruamrudee,,,2026-09-14 01:07:36,2026-09-29 18:07:04,13.737368336485801,100.54962779933624,"['ArcGIS บ้านเลขที่', 'OpenStreetMap', 'Overture Maps']","[{'source': 'opec', 'lat': 13.7373683, 'lon': 100.5496278, 'distance_m': 14, 'label': 'OPEC', 'anchor_m': 2825, 'shared': True}, {'source': 'osm', 'lat': 13.7374855, 'lon': 100.5495786, 'distance_m': 0, 'label': 'โรงเรียนอนุบาลนานาติคิดส์ คิงดอม / Kids Kingdom Ruamrudee International Kindergarten Schoo', 'score': 4, 'osm_id': 'w1334273339', 'anchor_m': 2820}, {'source': 'overture', 'lat': 13.7372949, 'lon': 100.5495454, 'distance_m': 21, 'label': 'Kids Kingdom Ruamrudee', 'score': 0, 'anchor_m': 2815, 'keys': ['domain', 'phone'], 'confidence': 0.9, 'overture_id': '1bc2c216-d658-4c63-a438-92495e64f862', 'category': 'place_of_learning'}, {'source': 'overture', 'lat': 13.7297928, 'lon': 100.5744325, 'distance_m': 2818, 'label': 'Kids Kingdom International Kindergarten Sukhumvit 47', 'score': 0, 'anchor_m': 5555, 'keys': ['domain'], 'confidence': 0.99, 'overture_id': 'f02de8ba-cff5-413c-9ff5-a011c6ebca88', 'category': 'place_of_learning'}, {'source': 'overture', 'lat': 13.7243596, 'lon': 100.5712934, 'distance_m': 2763, 'label': 'Kids Kingdom Sukhumvit 26 International Kindergarten', 'score': 0, 'anchor_m': 5340, 'keys': ['domain'], 'confidence': 0.763, 'overture_id': '143e4fce-640c-4ab0-b2a4-6385a92fa876', 'category': 'preschool'}, {'source': 'arcgis_address', 'distance_m': 408, 'label': 'PointAddress: 63 ซอยร่วมฤดี เขตปทุมวัน กรุงเทพมหานคร 10330', 'anchor_m': 2838}]","{'level': 'amphoe', 'label': 'เขตปทุมวัน กรุงเทพมหานคร'}",consensus-v2,True,high,True,Kids Kingdom Ruamrudee International Kindergarten,False,2023,[]
120,1110700137,นานาชาติเซนต์มาร์ค ออสเตรเลีย,ST.MARKS AUSTRALIAN INTERNATIONAL SCHOOL,กรุงเทพมหานคร,สวนหลวง,อ่อนนุช,1294 ถนน ศรีนครินทร์ แขวงอ่อนนุช เขตสวนหลวง กรุงเทพมหานคร 10250,,Not Checked,,,,,,13.706304,100.6449436,Overture Maps ยังไม่มีแหล่งอื่นยืนยัน (พิกัดประมาณการ),Approximate,https://school.opec.go.th/school/1110700137,"['ประถมศึกษา', 'มัธยมศึกษาตอนต้น', 'มัธยมศึกษาตอนปลาย']",ประถมศึกษา - มัธยมศึกษาตอนปลาย,163,19,['Western Australian Curriculum'],,,นายสวัสดิ์วงศ์ เรื่องเมธานนท์,ไม่รับเงินอุดหนุน,,,,,,,,https://pedb.opec.go.th/web/SchoolPdc.htm?mode=showPicture&t=1&id=25528,,,,,2026-09-14 01:07:33,2026-09-29 18:07:04,,,[],"[{'source': 'overture', 'lat': 13.706304, 'lon': 100.6449436, 'distance_m': 0, 'label': 'St. Marks Australian International School', 'score': 3, 'anchor_m': 2772, 'keys': ['domain', 'name'], 'confidence': 0.975, 'overture_id': '7b735b6c-8005-4b7e-8488-136c765c84ca', 'category': 'place_of_learning'}, {'source': 'overture', 'lat': 13.740847, 'lon': 100.627697, 'distance_m': 4269, 'label': ""St. Mark's International School"", 'score': 3, 'anchor_m': 2822, 'keys': ['domain', 'name'], 'confidence': 0.935, 'overture_id': 'dcc8bbe0-6fbb-4782-8d9a-0484a592f652', 'category': 'place_of_learning'}, {'source': 'arcgis_address', 'distance_m': 3400, 'label': 'PointAddress: 1/294 ถนนศรีนครินทร์ เขตสวนหลวง กรุงเทพมหานคร 10250', 'anchor_m': 1218}]","{'level': 'amphoe', 'label': 'เขตสวนหลวง กรุงเทพมหานคร'}",consensus-v2,False,low,,,,,
121,1110700138,นานาชาติกลอรี่สิงคโปร์ รามอินทรา,GLORY SINGAPORE INTERNATIONAL SCHOOL RAMINTRA,กรุงเทพมหานคร,คลองสามวา,บางชัน,98 ซอย พระยาสุเรนทร์ 13 แขวงบางชัน เขตคลองสามวา กรุงเทพมหานคร 10510,,Not Checked,,,,,,13.82754,100.70343,Overture Maps ชื่อตรงกับโรงเรียนและระบุวิทยาเขตเดียวกัน (Glory Singapore International School Ram) และอยู่ในเขตที่จดทะเบียน,Exact,https://school.opec.go.th/school/1110700138,"['ก่อนอนุบาล', 'อนุบาล', 'ประถมศึกษา']",ก่อนอนุบาล - ประถมศึกษา,10,1,"['Early Years Development Framework', 'Nurturing Early Learners', 'Singapore Primary School Curriculum', 'หลักสูตรภาษาไทย วัฒนธรรมไทยและประวัติศาสตร์ไทย']",นางอรษา ชาวเมืองบน,,,ไม่รับเงินอุดหนุน,,,,,,,,https://pedb.opec.go.th/web/SchoolPdc.htm?mode=showPicture&t=1&id=25551,,,,,2026-09-14 01:07:34,2026-09-29 18:07:04,,,['Overture Maps'],"[{'source': 'overture', 'lat': 13.6824717, 'lon': 100.6183844, 'distance_m': 18563, 'label': 'Glory Singapore International School', 'score': 3, 'anchor_m': 21768, 'keys': ['name'], 'confidence': 0.985, 'overture_id': 'ae92ff82-b099-4d04-a711-81eee3959ac0', 'category': 'place_of_learning'}, {'source': 'overture', 'lat': 13.82754, 'lon': 100.70343, 'distance_m': 0, 'label': 'Glory Singapore International School Ramintra', 'score': 3, 'anchor_m': 3568, 'keys': ['name'], 'confidence': 0.95, 'overture_id': '5b274de1-0c4e-4597-bb32-ecc22e024679', 'category': 'place_of_learning'}, {'source': 'arcgis_poi', 'distance_m': 18563, 'label': 'Glory Singapore International School', 'score': 3, 'anchor_m': 21768}, {'source': 'arcgis_poi', 'distance_m': 18342, 'label': 'Glory Singapore International School', 'score': 3, 'anchor_m': 21558}, {'source': 'arcgis_address', 'distance_m': 854, 'label': 'PointAddress: 98 ซอยพระยาสุเรนทร์ 13 เขตคลองสามวา กรุงเทพมหานคร 10510', 'anchor_m': 3660}]","{'level': 'amphoe', 'label': 'เขตคลองสามวา กรุงเทพมหานคร'}",consensus-v2,True,medium,,,,,
122,1110700139,นานาชาติ เอสบีเอส แบงค์คอก,SBS INTERNATIONAL SCHOOL BANGKOK,กรุงเทพมหานคร,ลาดกระบัง,ทับยาว,14 ถนน มอเตอร์เวย์ แขวงทับยาว เขตลาดกระบัง กรุงเทพมหานคร 10520,https://sbsbangkok.ac.th/,OPEC Profile,https://sbsbangkok.ac.th/,https://SBS International School Bangkok,,0815778222,,13.7341893,100.7974157,Overture Maps ชื่อตรงกับโรงเรียน (SBS International School Bangkok) และอยู่ในเขตที่จดทะเบียน,Exact,https://school.opec.go.th/school/1110700139,"['ก่อนอนุบาล', 'อนุบาล', 'ประถมศึกษา', 'มัธยมศึกษาตอนต้น', 'มัธยมศึกษาตอนปลาย']",ก่อนอนุบาล - มัธยมศึกษาตอนปลาย,155,40,[],,นางสาวสํานวน คุณพล,นางสาวอภิระมณ อุไรรัตน์,ไม่รับเงินอุดหนุน,,"To provide a future-focused world-class international education, inspired by innovation and high quality teaching and learning, and a commitment to nurture both the heart and mind.",,,,,,https://pedb.opec.go.th/web/SchoolPdc.htm?mode=showPicture&t=1&id=25886,sbsbangkok,sbsbangkok,@sbsbangkok,,2026-09-14 01:07:35,2026-09-29 18:07:04,13.7341876,100.7974099,['Overture Maps'],"[{'source': 'opec', 'lat': 13.7341876, 'lon': 100.7974099, 'distance_m': 1, 'label': 'OPEC', 'anchor_m': 1869}, {'source': 'overture', 'lat': 13.7341893, 'lon': 100.7974157, 'distance_m': 0, 'label': 'SBS International School Bangkok', 'score': 3, 'anchor_m': 1869, 'copy': True, 'keys': ['domain', 'name'], 'confidence': 0.903, 'overture_id': '3c168467-6c64-47e0-ab7f-6566df2b10cf', 'category': 'place_of_learning'}]","{'level': 'amphoe', 'label': 'เขตลาดกระบัง กรุงเทพมหานคร'}",consensus-v2,True,medium,True,SBS International School Bangkok,False,2025,[]
123,1110700140,นานาชาติบีอีวายซี,BEYC International School,กรุงเทพมหานคร,ห้วยขวาง,สามเสนนอก,12 และ 14 ถนน สุทธิสารสะพาน 3 แขวงสามเสนนอก เขตห้วยขวาง กรุงเทพมหานคร 10310,,Not Checked,,,,,,13.78971,100.58631,Overture Maps ชื่อตรงกับโรงเรียน (BEYC International School) และอยู่ในเขตที่จดทะเบียน,Exact,https://school.opec.go.th/school/1110700140,['อนุบาล'],อนุบาล - อนุบาล,0,1,[],,,,ไม่รับเงินอุดหนุน,,,,,,,,https://pedb.opec.go.th/web/SchoolPdc.htm?mode=showPicture&t=1&id=25950,,,,,2026-09-14 01:07:34,2026-09-29 18:07:04,,,['Overture Maps'],"[{'source': 'overture', 'lat': 13.78971, 'lon': 100.58631, 'distance_m': 0, 'label': 'BEYC International School', 'score': 3, 'anchor_m': 1641, 'keys': ['domain', 'name'], 'confidence': 0.974, 'overture_id': '5ab65fd0-10e3-47c8-9f3f-10355eec2e1a', 'category': 'preschool'}]","{'level': 'amphoe', 'label': 'เขตห้วยขวาง กรุงเทพมหานคร'}",consensus-v2,True,medium,,,,,
124,1110700142,นานาชาติไรซิ่ง โอคส์ แบงคอค,Rising Oaks International School Bangkok,กรุงเทพมหานคร,ทวีวัฒนา,ทวีวัฒนา,304/2 ถนน ทวีวัฒนา - กาญจนาภิเษก แขวงทวีวัฒนา เขตทวีวัฒนา กรุงเทพมหานคร 10170,,Not Checked,,,,,,13.75735,100.38621,Overture Maps ชื่อตรงกับโรงเรียน (Rising Oaks International School Bangkok) และอยู่ในเขตที่จดทะเบียน,Exact,https://school.opec.go.th/school/1110700142,"['ก่อนอนุบาล', 'อนุบาล', 'ประถมศึกษา', 'มัธยมศึกษาตอนต้น', 'มัธยมศึกษาตอนปลาย']",ก่อนอนุบาล - มัธยมศึกษาตอนปลาย,163,2,"['Early years foundation stage statutory framework', 'The national Curriculum in England']",,,,ไม่รับเงินอุดหนุน,,,,,,,,https://pedb.opec.go.th/web/SchoolPdc.htm?mode=showPicture&t=1&id=26016,,,,,2026-09-14 01:07:35,2026-09-29 18:07:04,,,['Overture Maps'],"[{'source': 'overture', 'lat': 13.75735, 'lon': 100.38621, 'distance_m': 0, 'label': 'Rising Oaks International School Bangkok', 'score': 4, 'anchor_m': 3939, 'keys': ['domain', 'name'], 'confidence': 0.944, 'overture_id': '55edf083-c977-4414-b59a-6a7fb324ab4b', 'category': 'place_of_learning'}, {'source': 'arcgis_address', 'distance_m': 515, 'label': 'PointAddress: 2 ถนนทวีวัฒนา-กาญจนาภิเษก เขตทวีวัฒนา กรุงเทพมหานคร 10170', 'anchor_m': 3475}, {'source': 'arcgis_address', 'distance_m': 4121, 'label': 'PointAddress: 2 ถนนทวีวัฒนา เขตทวีวัฒนา กรุงเทพมหานคร 10170', 'anchor_m': 1529}]","{'level': 'amphoe', 'label': 'เขตทวีวัฒนา กรุงเทพมหานคร'}",consensus-v2,True,medium,,,,,
125,1110700143,นานาชาติเอสพีจีเอส กรุงเทพฯ,SPGS International School Bangkok,กรุงเทพมหานคร,ยานนาวา,ช่องนนทรี,"222, 224 ถนน วงแหวนอุตสาหกรรม แขวงช่องนนทรี เขตยานนาวา กรุงเทพมหานคร 10120",,Not Checked,,,,,,13.6855988,100.5433034,Overture Maps ชื่อตรงกับโรงเรียน (SPGS International School Bangkok) และอยู่ในเขตที่จดทะเบียน,Exact,https://school.opec.go.th/school/1110700143,"['ก่อนอนุบาล', 'อนุบาล', 'ประถมศึกษา', 'มัธยมศึกษาตอนต้น', 'มัธยมศึกษาตอนปลาย']",ก่อนอนุบาล - มัธยมศึกษาตอนปลาย,0,2,"['Early years foundation stage statutory framework', 'The national Curriculum in England']",,,นายเบน เตชะอุบล,ไม่รับเงินอุดหนุน,,,,,,,,https://pedb.opec.go.th/web/SchoolPdc.htm?mode=showPicture&t=1&id=26266,,,,,2026-09-14 01:07:35,2026-09-29 18:07:04,,,['Overture Maps'],"[{'source': 'overture', 'lat': 13.6855988, 'lon': 100.5433034, 'distance_m': 0, 'label': 'SPGS International School Bangkok', 'score': 3, 'anchor_m': 1188, 'keys': ['name'], 'confidence': 0.761, 'overture_id': '7efc5df7-05a1-4a5f-812d-a8ae5b59e15b', 'category': 'place_of_learning'}]","{'level': 'amphoe', 'label': 'เขตยานนาวา กรุงเทพมหานคร'}",consensus-v2,True,medium,,,,,
126,1110700144,นานาชาติมิดเดิลตัน กรุงเทพ,Middleton International School Bangkok,กรุงเทพมหานคร,บางพลัด,บางบำหรุ,28 ถนน รุ่งประชา แขวงบางบำหรุ เขตบางพลัด กรุงเทพมหานคร 10700,https://middleton.ac.th/,OPEC Profile,https://middleton.ac.th/,https://www.facebook.com/middletonthailand/,0800759882,,,13.7522009,100.494,Overture Maps ชื่อตรงกับโรงเรียน (Middleton International School Bangkok) และอยู่ในเขตที่จดทะเบียน,Exact,https://school.opec.go.th/school/1110700144,"['ก่อนอนุบาล', 'อนุบาล', 'ประถมศึกษา', 'มัธยมศึกษาตอนต้น', 'มัธยมศึกษาตอนปลาย']",ก่อนอนุบาล - มัธยมศึกษาตอนปลาย,26,21,[],,,,ไม่รับเงินอุดหนุน,,,,,,,,https://pedb.opec.go.th/web/SchoolPdc.htm?mode=showPicture&t=1&id=26304,,https://www.instagram.com/middletonthailand/,,,2026-09-14 01:07:36,2026-09-29 18:07:04,,,['Overture Maps'],"[{'source': 'overture', 'lat': 13.7522009, 'lon': 100.494, 'distance_m': 0, 'label': 'Middleton International School Bangkok', 'score': 3, 'anchor_m': 4802, 'keys': ['domain', 'name'], 'confidence': 0.774, 'overture_id': '089e5d8c-1ced-4b2c-8d18-0c918f1df694', 'category': 'place_of_learning'}]","{'level': 'amphoe', 'label': 'เขตบางพลัด กรุงเทพมหานคร'}",consensus-v2,True,medium,,,,,
127,1110700145,นานาชาติ ดัลลิช คอลเลจ กรุงเทพ,Dulwich College International School Bangkok,กรุงเทพมหานคร,ประเวศ,ดอกไม้,99 ถนน รามคำแหง 2 แขวงดอกไม้ เขตประเวศ กรุงเทพมหานคร 10250,,Not Checked,,,,,,13.6695259,100.6852931,Overture Maps ชื่อตรงกับโรงเรียน (Dulwich College International School Ban) และอยู่ในเขตที่จดทะเบียน,Exact,https://school.opec.go.th/school/1110700145,"['อนุบาล', 'ประถมศึกษา', 'มัธยมศึกษาตอนต้น']",อนุบาล - มัธยมศึกษาตอนต้น,0,2,[],,,,ไม่รับเงินอุดหนุน,,,,,,,,https://pedb.opec.go.th/web/SchoolPdc.htm?mode=showPicture&t=1&id=26317,,,,,2026-09-14 01:07:38,2026-09-29 18:07:04,,,['Overture Maps'],"[{'source': 'overture', 'lat': 13.6695259, 'lon': 100.6852931, 'distance_m': 0, 'label': 'Dulwich College International School Bangkok', 'score': 3, 'anchor_m': 5384, 'keys': ['name'], 'confidence': 0.769, 'overture_id': '9fdb11e1-e72f-4eca-878b-2d76598a4366', 'category': 'place_of_learning'}, {'source': 'arcgis_address', 'distance_m': 12234, 'label': 'PointAddress: 99 ถนนรามคำแหง เขตสวนหลวง กรุงเทพมหานคร 10250', 'anchor_m': 10521}]","{'level': 'amphoe', 'label': 'เขตประเวศ กรุงเทพมหานคร'}",consensus-v2,True,medium,,,,,
128,1110700146,นานาชาติ เดอะ ชาตะกะ อุษาคเนย์,The Jataka International School Southeast Asia,กรุงเทพมหานคร,พระโขนง,บางจาก,93 ซอย สุขุมวิท 99 แขวงบางจาก เขตพระโขนง กรุงเทพมหานคร 10260,,Not Checked,,,,,,13.6980566,100.6093477,Overture Maps ชื่อตรงกับโรงเรียน (The Jataka School) และอยู่ในเขตที่จดทะเบียน,Exact,https://school.opec.go.th/school/1110700146,['อนุบาล'],อนุบาล - อนุบาล,3,1,['Early Years Foundation Stage (EYFS)'],,,,ไม่รับเงินอุดหนุน,,,,,,,,https://pedb.opec.go.th/web/SchoolPdc.htm?mode=showPicture&t=1&id=26395,,,,,2026-09-14 01:07:38,2026-09-29 18:07:04,,,['Overture Maps'],"[{'source': 'overture', 'lat': 13.742, 'lon': 100.55257, 'distance_m': 7842, 'label': 'The Jataka School ', 'score': 3, 'anchor_m': 6920, 'keys': ['domain', 'name'], 'confidence': 0.372, 'overture_id': '2c777fcc-dd58-497d-a01f-645df0321a50', 'category': 'place_of_learning'}, {'source': 'overture', 'lat': 13.6980566, 'lon': 100.6093477, 'distance_m': 0, 'label': 'The Jataka School', 'score': 3, 'anchor_m': 937, 'keys': ['domain', 'name'], 'confidence': 0.366, 'overture_id': '450f6037-9c9a-4611-9984-a5cb2520cf66', 'category': 'place_of_learning'}, {'source': 'arcgis_address', 'distance_m': 83, 'label': 'PointAddress: 93 ซอยสุขุมวิท 99 เขตพระโขนง กรุงเทพมหานคร 10260', 'anchor_m': 987}]","{'level': 'amphoe', 'label': 'เขตพระโขนง กรุงเทพมหานคร'}",consensus-v2,True,medium,,,,,
129,1110700147,นานาชาติลิลเบอร์รี่,Lilberry International School,กรุงเทพมหานคร,ยานนาวา,ช่องนนทรี,3 ถนน ยานนาวา แขวงช่องนนทรี เขตยานนาวา กรุงเทพมหานคร 10120,,Not Checked,,,,,,13.6793385,100.5453546,"ยืนยันตรงกันหลายแหล่ง: ArcGIS บ้านเลขที่, OpenStreetMap, Overture Maps (ทุกแหล่งห่างจากจุดนี้ไม่เกิน 300 ม.)",Exact,https://school.opec.go.th/school/1110700147,"['ก่อนอนุบาล', 'อนุบาล']",ก่อนอนุบาล - อนุบาล,0,5,[],,นางปิยนุช ทองทั่ว,,ไม่รับเงินอุดหนุน,,,,,,,,https://pedb.opec.go.th/web/SchoolPdc.htm?mode=showPicture&t=1&id=26403,,,,,2026-09-14 01:07:38,2026-09-29 18:07:04,,,"['ArcGIS บ้านเลขที่', 'OpenStreetMap', 'Overture Maps']","[{'source': 'osm', 'lat': 13.6793385, 'lon': 100.5453546, 'distance_m': 0, 'label': ""โรงเรียนนานาชาติลิลเบอร์รี่ / Li'lberry International Preschool"", 'score': 3, 'osm_id': 'w1499296099', 'anchor_m': 1909}, {'source': 'overture', 'lat': 13.6792513, 'lon': 100.5456996, 'distance_m': 39, 'label': 'lilberry International Preschool', 'score': 3, 'anchor_m': 1925, 'keys': ['domain', 'name'], 'confidence': 0.939, 'overture_id': '26ea0a3f-cb2d-44d6-9f74-0366a8b21c11', 'category': 'preschool'}, {'source': 'arcgis_address', 'distance_m': 300, 'label': 'PointAddress: 3 ถนนยานนาวา เขตยานนาวา กรุงเทพมหานคร 10120', 'anchor_m': 1709}]","{'level': 'amphoe', 'label': 'เขตยานนาวา กรุงเทพมหานคร'}",consensus-v2,True,high,,,,,
130,1110700148,ประถมนานาชาติเซโกญา โนวา,Sequoia Nova International Primary School,กรุงเทพมหานคร,สาทร,ทุ่งมหาเมฆ,14-15 ถนน เชื้อเพลิง แขวงทุ่งมหาเมฆ เขตสาทร กรุงเทพมหานคร 10120,,Not Checked,,,,,,,,ยังไม่มีพิกัดจากแหล่งที่อนุญาตให้เก็บ (มีแต่ ArcGIS ซึ่งใช้ตรวจได้แต่เก็บไม่ได้) — รอแอดมินปักหมุด,None,https://school.opec.go.th/school/1110700148,[],ไม่ระบุ,0,0,[],,,,ไม่รับเงินอุดหนุน,,,,,,,,https://pedb.opec.go.th/web/SchoolPdc.htm?mode=showPicture&t=1&id=26427,,,,,2026-09-14 01:07:38,2026-09-29 18:07:04,,,[],"[{'source': 'arcgis_address', 'distance_m': None, 'label': 'PointAddress: 15 ถนนเชื้อเพลิง เขตคลองเตย กรุงเทพมหานคร 10110', 'anchor_m': 3211}]","{'level': 'amphoe', 'label': 'เขตสาทร กรุงเทพมหานคร'}",consensus-v2,False,low,,,,,
131,1110700149,นานาชาติบี ออลไบร้ท์,Be Albright International School,กรุงเทพมหานคร,บางแค,บางไผ่,138/6 ถนน พุทธมณฑลสาย 3 แขวงบางไผ่ เขตบางแค กรุงเทพมหานคร 10160,,Not Checked,,,,,,,,ยังไม่มีพิกัดจากแหล่งที่อนุญาตให้เก็บ (มีแต่ ArcGIS ซึ่งใช้ตรวจได้แต่เก็บไม่ได้) — รอแอดมินปักหมุด,None,https://school.opec.go.th/school/1110700149,[],ไม่ระบุ,0,7,[],,นางสาวสุรางคนา เสื้อติสอน,,ไม่รับเงินอุดหนุน,,,,,,,,https://pedb.opec.go.th/web/SchoolPdc.htm?mode=showPicture&t=1&id=26434,,,,,2026-09-14 01:07:38,2026-09-29 18:07:13,,,[],[],"{'level': 'amphoe', 'lat': 13.696270699, 'lon': 100.409248749, 'label': 'เขตบางแค กรุงเทพมหานคร', 'extent': [13.655270699, 100.368248749, 13.737270699, 100.450248749]}",consensus-v2,False,low,,,,,
132,1111700001,นานาชาติไทย-สิงคโปร์,THAI - SINGAPORE INTERNATIONAL SCHOOL,สมุทรปราการ,เมืองสมุทรปราการ,สำโรงเหนือ,1000 หมู่ 5 ถนน ศรีนครินทร์  ต.สำโรงเหนือ อ.เมืองสมุทรปราการ จ.สมุทรปราการ 10270,,Not Checked,,,,,,13.6471053,100.6391122,"ยืนยันตรงกันหลายแหล่ง: ArcGIS POI, ArcGIS บ้านเลขที่, OPEC, Overture Maps (ทุกแหล่งห่างจากจุดนี้ไม่เกิน 102 ม.)",Exact,https://school.opec.go.th/school/1111700001,"['ก่อนอนุบาล', 'อนุบาล', 'ประถมศึกษา', 'มัธยมศึกษาตอนต้น', 'มัธยมศึกษาตอนปลาย']",ก่อนอนุบาล - มัธยมศึกษาตอนปลาย,1810,207,"['หลักสูตรสหราชอาณาจักร', 'Cambridge International Curriculum', 'National Curriculum for Primary School']",นางสุภา เม่นมิ่ง,,นางสุภา เม่นมิ่ง,ไม่รับเงินอุดหนุน,,,,,,,,https://pedb.opec.go.th/web/SchoolPdc.htm?mode=showPicture&t=1&id=4828,,,,,2026-09-14 01:07:39,2026-09-29 18:07:04,13.646424,100.639132,"['ArcGIS POI', 'ArcGIS บ้านเลขที่', 'OPEC', 'Overture Maps']","[{'source': 'opec', 'lat': 13.646424, 'lon': 100.639132, 'distance_m': 76, 'label': 'OPEC', 'anchor_m': 3350}, {'source': 'overture', 'lat': 13.6471053, 'lon': 100.6391122, 'distance_m': 0, 'label': 'Thai-Singapore International School', 'score': 2, 'anchor_m': 3363, 'keys': ['domain', 'name'], 'confidence': 0.977, 'overture_id': 'f13ce055-cb02-4cdb-893f-919f23330d5f', 'category': 'place_of_learning'}, {'source': 'overture', 'lat': 13.7702721, 'lon': 100.602801, 'distance_m': 14246, 'label': 'Singapore International School of Bangkok', 'score': 2, 'anchor_m': 14412, 'keys': ['name'], 'confidence': 0.991, 'overture_id': '3bbb3443-1b26-439e-82d6-72998f045c52', 'category': 'place_of_learning'}, {'source': 'overture', 'lat': 13.6167354, 'lon': 100.6635384, 'distance_m': 4286, 'label': 'Singapore International School Suvarnabhumi', 'score': 2, 'anchor_m': 6504, 'keys': ['name'], 'confidence': 0.913, 'overture_id': '488f4d22-9e98-431c-9735-b28594fac8b0', 'category': 'elementary_school'}, {'source': 'arcgis_poi', 'distance_m': 52, 'label': 'Thai-Singapore International School', 'score': 2, 'anchor_m': 3346}, {'source': 'arcgis_poi', 'distance_m': 10787, 'label': 'Singapore International School of Bangkok', 'score': 2, 'anchor_m': 10277}, {'source': 'arcgis_poi', 'distance_m': 14361, 'label': 'Singapore International School of Bangkok', 'score': 2, 'anchor_m': 14512}, {'source': 'arcgis_address', 'distance_m': 102, 'label': 'PointAddress: 1000 หมู่ 5 ถนนศรีนครินทร์ ตำบลสำโรงเหนือ อำเภอเมืองสมุทรปราการ จังหวัดสมุทร', 'anchor_m': 3389}]","{'level': 'tambon', 'label': 'ตำบลสำโรงเหนือ อำเภอเมืองสมุทรปราการ จังหวัดสมุทรปราการ'}",consensus-v2,True,high,True,Thai - Singapore International School,False,2007,['EDT']
133,1111700002,นานาชาติแบงค์คอก-ชิคาโก คริสเตียน,BANGKOK - CHICAGO CHRISTIAN INTERNATIONAL SCHOOL,สมุทรปราการ,เมืองสมุทรปราการ,บางเมือง,99/558 หมู่ 8 ซอย โรงพยาบาลเปาโลเมโมเรียล สมุทรปราการ ถนน ศรีนครินทร์ ต.บางเมือง อ.เมืองสมุทรปราการ จ.สมุทรปราการ,,Not Checked,,,,,,13.5918664,100.6169326,"ยืนยันตรงกันหลายแหล่ง: OPEC, OpenStreetMap, Overture Maps (ทุกแหล่งห่างจากจุดนี้ไม่เกิน 18 ม.)",Exact,https://school.opec.go.th/school/1111700002,"['ก่อนอนุบาล', 'อนุบาล', 'ประถมศึกษา', 'มัธยมศึกษาตอนต้น', 'มัธยมศึกษาตอนปลาย']",ก่อนอนุบาล - มัธยมศึกษาตอนปลาย,23,14,"['หลักสูตรสิงคโปร์', 'Southwest Chicago Christian School']",นางเขมสิริ ประภามนตรีพงศ์,นายอุฬาร ประภามนตรีพงศ์,,ไม่รับเงินอุดหนุน,,,,,,,,https://pedb.opec.go.th/web/SchoolPdc.htm?mode=showPicture&t=1&id=16626,,,,,2026-09-14 01:07:39,2026-09-29 18:07:04,13.591784,100.617024,"['OPEC', 'OpenStreetMap', 'Overture Maps']","[{'source': 'opec', 'lat': 13.591784, 'lon': 100.617024, 'distance_m': 13, 'label': 'OPEC', 'anchor_m': 2525}, {'source': 'osm', 'lat': 13.5918664, 'lon': 100.6169326, 'distance_m': 0, 'label': 'โรงเรียนนานาชาติแบงค์คอก-ชิคาโก คริสเตียน / Bangkok-Chicago Christian International School', 'score': 3, 'osm_id': 'n4954163422', 'anchor_m': 2514}, {'source': 'overture', 'lat': 13.5917056, 'lon': 100.6169492, 'distance_m': 18, 'label': 'Bangkok Chicago Christian International School', 'score': 3, 'anchor_m': 2531, 'keys': ['domain', 'name'], 'confidence': 0.954, 'overture_id': 'f0e27281-53f2-4341-ae49-d808c4f87852', 'category': 'place_of_learning'}]","{'level': 'tambon', 'label': 'ตำบลบางเมือง อำเภอเมืองสมุทรปราการ จังหวัดสมุทรปราการ'}",consensus-v2,True,high,True,Bangkok-Chicago Christian International School,False,2020,[]
134,1111700003,ไทยซิกข์นานาชาติ,THAI SIKH INTERNATIONAL SCHOOL,สมุทรปราการ,เมืองสมุทรปราการ,สำโรงเหนือ,1799/1-2 ถนน ทางรถไฟเก่า ต.สำโรงเหนือ อ.เมืองสมุทรปราการ จ.สมุทรปราการ 10270,,Not Checked,,,,,,13.6596686,100.5959487,"ยืนยันตรงกันหลายแหล่ง: ArcGIS POI, OpenStreetMap, Overture Maps (ทุกแหล่งห่างจากจุดนี้ไม่เกิน 174 ม.) — มีจุดชื่อเดียวกันอีก 5 จุด ห่าง 1.5 กม.ขึ้นไป (วิทยาเขตอื่นหรือย้ายที่ตั้ง?)",Exact,https://school.opec.go.th/school/1111700003,"['ก่อนอนุบาล', 'อนุบาล', 'ประถมศึกษา', 'มัธยมศึกษาตอนต้น', 'มัธยมศึกษาตอนปลาย']",ก่อนอนุบาล - มัธยมศึกษาตอนปลาย,306,8,"['หลักสูตรสหราชอาณาจักร', 'The Early Years Foundation Stage (EYFS)']",,นางจิราพร รอดรังนก,,ไม่รับเงินอุดหนุน,,,,,,,,https://pedb.opec.go.th/web/SchoolPdc.htm?mode=showPicture&t=1&id=4877,,,,,2026-09-14 01:07:39,2026-09-29 18:07:04,13.6592739,100.594643,"['ArcGIS POI', 'OpenStreetMap', 'Overture Maps']","[{'source': 'opec', 'lat': 13.6592739, 'lon': 100.594643, 'distance_m': 148, 'label': 'OPEC', 'anchor_m': 2554, 'shared': True}, {'source': 'osm', 'lat': 13.6596686, 'lon': 100.5959487, 'distance_m': 0, 'label': 'Thai Sikh International School / Thai Sikh International School', 'score': 3, 'osm_id': 'n4596092690', 'anchor_m': 2510}, {'source': 'overture', 'lat': 13.646263, 'lon': 100.599293, 'distance_m': 1534, 'label': 'โรงเรียนไทยซิกข์นานาชาติ', 'score': 3, 'anchor_m': 1183, 'keys': ['name'], 'confidence': 0.684, 'overture_id': '2adc5415-b021-4599-ade5-70ec5dbae9a4', 'category': 'education'}, {'source': 'overture', 'lat': 13.738503, 'lon': 100.465885, 'distance_m': 16561, 'label': 'Thai Sikh International School', 'score': 3, 'anchor_m': 18869, 'keys': ['name'], 'confidence': 0.639, 'overture_id': '18acfcbf-b024-488b-89bd-3ae958ebf561', 'category': 'specialty_school'}, {'source': 'overture', 'lat': 13.7285487, 'lon': 100.4941144, 'distance_m': 13405, 'label': 'โรงเรียนไทยซิกข์นานาชาติ', 'score': 3, 'anchor_m': 15761, 'keys': ['name'], 'confidence': 0.576, 'overture_id': '4243b8bd-4f57-4f67-81d9-3dbaab76824f', 'category': 'education'}, {'source': 'overture', 'lat': 13.6599846, 'lon': 100.5950314, 'distance_m': 105, 'label': 'Thai Sikh International School', 'score': 3, 'anchor_m': 2594, 'keys': ['name'], 'confidence': 0.536, 'overture_id': '7ccc4e48-b77d-4070-baa0-659a4542fed7', 'category': 'high_school'}, {'source': 'overture', 'lat': 13.6471053, 'lon': 100.6391122, 'distance_m': 4869, 'label': 'Thai-Singapore International School', 'score': 0, 'anchor_m': 3363, 'keys': ['domain'], 'confidence': 0.977, 'overture_id': 'f13ce055-cb02-4cdb-893f-919f23330d5f', 'category': 'place_of_learning'}, {'source': 'arcgis_poi', 'distance_m': 174, 'label': 'Thai Sikh International School', 'score': 3, 'anchor_m': 2553}, {'source': 'arcgis_poi', 'distance_m': 365, 'label': 'Thai Sikh International School', 'score': 3, 'anchor_m': 2738}, {'source': 'arcgis_poi', 'distance_m': 154, 'label': 'Thai SiKh International School', 'score': 3, 'anchor_m': 2664}, {'source': 'arcgis_poi', 'distance_m': 13384, 'label': 'Thai Sikh International School Bangkok', 'score': 3, 'anchor_m': 15742}, {'source': 'arcgis_poi', 'distance_m': 13360, 'label': 'Thai Sikh International School Bangkok', 'score': 3, 'anchor_m': 15717}]","{'level': 'tambon', 'label': 'ตำบลสำโรงเหนือ อำเภอเมืองสมุทรปราการ จังหวัดสมุทรปราการ'}",consensus-v2,True,high,True,Thai Sikh International School,False,1985,[]
135,1111700004,นานาชาติไทย-จีน,THAI-CHINESE INTERNATIONAL SCHOOL,สมุทรปราการ,บางพลี,บางพลีใหญ่,101/177 หมู่ 7 ซอย หมู่บ้านบางพลีนิเวศน์ ถนน ประเสริฐศิลป์ ต.บางพลีใหญ่ อ.บางพลี จ.สมุทรปราการ 10540,,Not Checked,,,,,,13.6275147,100.6992142,"ยืนยันตรงกันหลายแหล่ง: ArcGIS POI, ArcGIS บ้านเลขที่, OPEC, OpenStreetMap, Overture Maps, กรมการปกครอง (ทุกแหล่งห่างจากจุดนี้ไม่เกิน 60 ม.)",Exact,https://school.opec.go.th/school/1111700004,"['ก่อนอนุบาล', 'อนุบาล', 'ประถมศึกษา', 'มัธยมศึกษาตอนต้น', 'มัธยมศึกษาตอนปลาย']",ก่อนอนุบาล - มัธยมศึกษาตอนปลาย,670,92,"['หลักสูตรสหรัฐอเมริกัน', 'หลักสูตรอเมริกัน']",,นางเพ็ญพร  แก้วมาก,นายธนัท ธาตุทองแท้,ไม่รับเงินอุดหนุน,,,,,,,,https://pedb.opec.go.th/web/SchoolPdc.htm?mode=showPicture&t=1&id=4879,,,,,2026-09-14 01:07:39,2026-09-29 18:07:04,13.6273659,100.6986833,"['ArcGIS POI', 'ArcGIS บ้านเลขที่', 'OPEC', 'OpenStreetMap', 'Overture Maps', 'กรมการปกครอง']","[{'source': 'opec', 'lat': 13.6273659, 'lon': 100.6986833, 'distance_m': 60, 'label': 'OPEC', 'anchor_m': 2560}, {'source': 'osm', 'lat': 13.6275147, 'lon': 100.6992142, 'distance_m': 0, 'label': 'โรงเรียนนานาชาติ ไทย-จีน / Thai-Chinese International School', 'score': 3, 'osm_id': 'w1458050979', 'anchor_m': 2557}, {'source': 'overture', 'lat': 13.6273658, 'lon': 100.6991546, 'distance_m': 18, 'label': 'Thai-Chinese International School', 'score': 2, 'anchor_m': 2543, 'keys': ['name'], 'confidence': 0.994, 'overture_id': '7a6dabae-af02-4657-9779-9bf1a42dda2a', 'category': 'place_of_learning'}, {'source': 'dopa', 'lat': 13.6278214, 'lon': 100.6990461, 'distance_m': 39, 'label': 'โรงเรียนนานาชาติไทย-จีน', 'score': 3, 'anchor_m': 2595}, {'source': 'arcgis_poi', 'distance_m': 23, 'label': 'Thai-Chinese International School', 'score': 2, 'anchor_m': 2571}, {'source': 'arcgis_poi', 'distance_m': 46, 'label': 'Thai-Chinese International School', 'score': 2, 'anchor_m': 2523}, {'source': 'arcgis_address', 'distance_m': 23, 'label': 'PointAddress: 101/177 ซอยหมู่บ้านบางพลีนิเวศน์ ตำบลบางพลีใหญ่ อำเภอบางพลี จังหวัดสมุทรปราก', 'anchor_m': 2571, 'copy': True}, {'source': 'arcgis_address', 'distance_m': 60, 'label': 'PointAddress: 101/177 ซอยหมู่บ้านบางพลีนิเวศน์ ถนนเทพารักษ์-กิ่งแก้ว ตำบลบางพลีใหญ่ อำเภอบ', 'anchor_m': 2499}]","{'level': 'tambon', 'label': 'ตำบลบางพลีใหญ่ อำเภอบางพลี จังหวัดสมุทรปราการ'}",consensus-v2,True,high,True,Thai - Chinese International School,False,1995,"['ONESQA', 'ACS WASC']"
136,1111700005,ดิ อเมริกัน สคูล ออฟ แบงค็อก,THE AMERICAN SCHOOL OF BANGKOK,สมุทรปราการ,บางพลี,บางโฉลง,900 หมู่ 3 ต.บางโฉลง อ.บางพลี จ.สมุทรปราการ 10540,,Not Checked,,,,,,13.6132163,100.7248067,"ยืนยันตรงกันหลายแหล่ง: ArcGIS POI, ArcGIS บ้านเลขที่, OpenStreetMap, Overture Maps, กรมการปกครอง (ทุกแหล่งห่างจากจุดนี้ไม่เกิน 121 ม.) — มีจุดชื่อเดียวกันอีก 2 จุด ห่าง 1.4 กม.ขึ้นไป (วิทยาเขตอื่นหรือย้ายที่ตั้ง?)",Exact,https://school.opec.go.th/school/1111700005,"['อนุบาล', 'ประถมศึกษา', 'มัธยมศึกษาตอนต้น', 'มัธยมศึกษาตอนปลาย']",อนุบาล - มัธยมศึกษาตอนปลาย,678,42,"['หลักสูตรสหรัฐอเมริกัน', 'American Curriculum']",นางลักขณา ดิษยะศริน,นางสาวปรียา  เสริมแสง,นางลักขณา ดิษยะศริน,ไม่รับเงินอุดหนุน,,,,,,,,https://pedb.opec.go.th/web/SchoolPdc.htm?mode=showPicture&t=1&id=4880,,,,,2026-09-14 01:07:40,2026-09-29 18:07:04,13.5948081,100.8047721,"['ArcGIS POI', 'ArcGIS บ้านเลขที่', 'OpenStreetMap', 'Overture Maps', 'กรมการปกครอง']","[{'source': 'opec', 'lat': 13.5948081, 'lon': 100.8047721, 'distance_m': 8881, 'label': 'OPEC', 'anchor_m': 6138}, {'source': 'osm', 'lat': 13.6132163, 'lon': 100.7248067, 'distance_m': 0, 'label': 'American School of Bangkok - Bangna Campus', 'score': 2, 'osm_id': 'w354438256', 'anchor_m': 2870}, {'source': 'overture', 'lat': 13.613868, 'lon': 100.7248082, 'distance_m': 72, 'label': 'The American School of Bangkok', 'score': 2, 'anchor_m': 2870, 'keys': ['domain', 'name'], 'confidence': 0.77, 'overture_id': '9319af9c-f3d3-4b9b-a658-8bc61d1b5074', 'category': 'education'}, {'source': 'overture', 'lat': 13.727, 'lon': 100.57536, 'distance_m': 20513, 'label': 'โรงเรียนดิ อเมริกัน สคูล ออฟ แบงค็อก สุขุมวิท', 'score': 3, 'anchor_m': 22818, 'keys': ['name'], 'confidence': 0.611, 'overture_id': '4b8906f7-96c6-4011-b85b-cc1da9502167', 'category': 'elementary_school'}, {'source': 'overture', 'lat': 13.7346688, 'lon': 100.5758194, 'distance_m': 21012, 'label': 'The American School of Bangkok', 'score': 2, 'anchor_m': 23259, 'keys': ['name'], 'confidence': 0.992, 'overture_id': '9b18bbd8-3e54-4c6f-8471-5add71927d2e', 'category': 'education'}, {'source': 'overture', 'lat': 13.6136163, 'lon': 100.7246642, 'distance_m': 47, 'label': 'The American School of Bangkok Green Valley', 'score': 2, 'anchor_m': 2886, 'keys': ['name'], 'confidence': 0.966, 'overture_id': 'b18e0515-a7ac-4b11-8da0-23e864914fa8', 'category': 'place_of_learning'}, {'source': 'dopa', 'lat': 13.6136914, 'lon': 100.7246961, 'distance_m': 54, 'label': 'โรงเรียนดิอเมริกันสคูลออฟแบงค็อก', 'score': 3, 'anchor_m': 2882}, {'source': 'arcgis_poi', 'distance_m': 6076, 'label': 'The American School of Bangkok', 'score': 2, 'anchor_m': 8513}, {'source': 'arcgis_poi', 'distance_m': 49, 'label': 'The American School of Bangkok', 'score': 2, 'anchor_m': 2906}, {'source': 'arcgis_poi', 'distance_m': 84, 'label': 'โรงเรียน ดิ อเมริกัน สคูล ออฟ แบงค็อก', 'score': 3, 'anchor_m': 2890}, {'source': 'arcgis_poi', 'distance_m': 1401, 'label': 'โรงเรียนดิ อเมริกัน สคูล ออฟ แบงค็อก', 'score': 3, 'anchor_m': 1973}, {'source': 'arcgis_poi', 'distance_m': 21086, 'label': 'The American School of Bangkok', 'score': 2, 'anchor_m': 23333}, {'source': 'arcgis_poi', 'distance_m': 21078, 'label': 'The American School of Bangkok', 'score': 2, 'anchor_m': 23326}, {'source': 'arcgis_address', 'distance_m': 121, 'label': 'PointAddress: 900 หมู่ 3 ซอยหมู่บ้านกรีนวัลเล่ย์ 4 ถนนบางนา-ตราด ตำบลบางโฉลง อำเภอบางพลี จ', 'anchor_m': 2789}]","{'level': 'tambon', 'label': 'ตำบลบางโฉลง อำเภอบางพลี จังหวัดสมุทรปราการ'}",consensus-v2,True,high,True,The American School of Bangkok,True,1983,['ACS WASC']
137,1111700006,นานาชาติคอนคอร์เดียน,CONCORDIAN INTERNATIONAL SCHOOL,สมุทรปราการ,บางพลี,บางแก้ว,918 หมู่ 8 ถนน บางนา-ตราด ต.บางแก้ว อ.บางพลี จ.สมุทรปราการ 10540,,Not Checked,,,,,,13.6381101,100.6749338,"ยืนยันตรงกันหลายแหล่ง: ArcGIS POI, OPEC, OpenStreetMap, Overture Maps, กรมการปกครอง (ทุกแหล่งห่างจากจุดนี้ไม่เกิน 142 ม.)",Exact,https://school.opec.go.th/school/1111700006,"['ก่อนอนุบาล', 'อนุบาล', 'ประถมศึกษา', 'มัธยมศึกษาตอนต้น', 'มัธยมศึกษาตอนปลาย']",ก่อนอนุบาล - มัธยมศึกษาตอนปลาย,1020,171,"['หลักสูตรประเทศอังกฤษ', 'International Baccalaureate']",,นางวิจิตรวงศ์ ชนะรัตน์,นางวรรณี  เจียรวนนท์ รอสส์,ไม่รับเงินอุดหนุน,,,,,,,,https://pedb.opec.go.th/web/SchoolPdc.htm?mode=showPicture&t=1&id=4881,,,,,2026-09-14 01:07:40,2026-09-29 18:07:04,13.6382728,100.6740613,"['ArcGIS POI', 'OPEC', 'OpenStreetMap', 'Overture Maps', 'กรมการปกครอง']","[{'source': 'opec', 'lat': 13.6382728, 'lon': 100.6740613, 'distance_m': 96, 'label': 'OPEC', 'anchor_m': 1094}, {'source': 'osm', 'lat': 13.6381101, 'lon': 100.6749338, 'distance_m': 0, 'label': 'โรงเรียนนานาชาติคอนคอร์เดียน / Concordian International School', 'score': 3, 'osm_id': 'w334186083', 'anchor_m': 1186}, {'source': 'overture', 'lat': 13.6382835, 'lon': 100.6737233, 'distance_m': 132, 'label': 'Concordian International School', 'score': 3, 'anchor_m': 1058, 'keys': ['domain', 'name'], 'confidence': 0.993, 'overture_id': '965b3770-b4c5-45bc-a2a9-0fbefbb0cf99', 'category': 'place_of_learning'}, {'source': 'dopa', 'lat': 13.6387498, 'lon': 100.6737985, 'distance_m': 142, 'label': 'โรงเรียนนานาชาติคอนคอร์เดียน', 'score': 3, 'anchor_m': 1073}, {'source': 'arcgis_poi', 'distance_m': 128, 'label': 'Concordian International School', 'score': 3, 'anchor_m': 1064}, {'source': 'arcgis_address', 'distance_m': 1951, 'label': 'PointAddress: 8 ถนนบางนา-ตราด ตำบลบางแก้ว อำเภอบางพลี จังหวัดสมุทรปราการ 10540', 'anchor_m': 2159}, {'source': 'arcgis_address', 'distance_m': 781, 'label': 'PointAddress: 8 ถนนบางนา-ตราด ตำบลบางแก้ว อำเภอบางพลี จังหวัดสมุทรปราการ 10540', 'anchor_m': 1682}, {'source': 'arcgis_address', 'distance_m': 659, 'label': 'PointAddress: 8 ถนนบางนา-ตราด ตำบลบางพลีใหญ่ อำเภอบางพลี จังหวัดสมุทรปราการ 10540', 'anchor_m': 1801}]","{'level': 'tambon', 'label': 'ตำบลบางแก้ว อำเภอบางพลี จังหวัดสมุทรปราการ'}",consensus-v2,True,high,True,Concordian International School,False,2001,"['ONESQA', 'CIS', 'NEASC', 'International Baccalaureate']"
138,1111700007,นานาชาติสิงคโปร์สุวรรณภูมิ,Singapore Suvarnabhumi International School,สมุทรปราการ,บางพลี,บางแก้ว,4/5หมู่ที่ 5 ต.บางแก้ว อ.บางพลี จ.สมุทรปราการ 10540,,Not Checked,,,,,,13.6167354,100.6635384,"ยืนยันตรงกันหลายแหล่ง: ArcGIS POI, ArcGIS บ้านเลขที่, OPEC, กรมการปกครอง (ทุกแหล่งห่างจากจุดนี้ไม่เกิน 148 ม.)",Exact,https://school.opec.go.th/school/1111700007,"['ก่อนอนุบาล', 'อนุบาล', 'ประถมศึกษา', 'มัธยมศึกษาตอนต้น', 'มัธยมศึกษาตอนปลาย']",ก่อนอนุบาล - มัธยมศึกษาตอนปลาย,289,54,"['หลักสูตรสหราชอาณาจักรบริเตนใหญ่และไอร์แลนเหนือ', 'หลักสูตรสิงคโปร์', 'Child-Centered Curriculum', 'Singapore National Curriculum']",,,,ไม่รับเงินอุดหนุน,,,,,,,,https://pedb.opec.go.th/web/SchoolPdc.htm?mode=showPicture&t=1&id=4977,,,,,2026-09-14 01:07:40,2026-09-29 18:07:04,13.6167153,100.6635431,"['ArcGIS POI', 'ArcGIS บ้านเลขที่', 'OPEC', 'กรมการปกครอง']","[{'source': 'opec', 'lat': 13.6167153, 'lon': 100.6635431, 'distance_m': 2, 'label': 'OPEC', 'anchor_m': 2272}, {'source': 'overture', 'lat': 13.7702721, 'lon': 100.602801, 'distance_m': 18290, 'label': 'Singapore International School of Bangkok', 'score': 2, 'anchor_m': 16213, 'keys': ['domain', 'name'], 'confidence': 0.991, 'overture_id': '3bbb3443-1b26-439e-82d6-72998f045c52', 'category': 'place_of_learning'}, {'source': 'overture', 'lat': 13.6471053, 'lon': 100.6391122, 'distance_m': 4286, 'label': 'Thai-Singapore International School', 'score': 2, 'anchor_m': 2909, 'keys': ['name'], 'confidence': 0.977, 'overture_id': 'f13ce055-cb02-4cdb-893f-919f23330d5f', 'category': 'place_of_learning'}, {'source': 'overture', 'lat': 13.6167354, 'lon': 100.6635384, 'distance_m': 0, 'label': 'Singapore International School Suvarnabhumi', 'score': 2, 'anchor_m': 2270, 'copy': True, 'keys': ['name'], 'confidence': 0.913, 'overture_id': '488f4d22-9e98-431c-9735-b28594fac8b0', 'category': 'elementary_school'}, {'source': 'overture', 'lat': 13.7551313, 'lon': 100.5009019, 'distance_m': 23357, 'label': 'SISB School', 'score': 0, 'anchor_m': 21968, 'keys': ['domain'], 'confidence': 0.77, 'overture_id': '0d30a06f-0730-45b0-828e-c2dc1284058e', 'category': 'education'}, {'source': 'overture', 'lat': 13.7321119, 'lon': 100.5874557, 'distance_m': 15237, 'label': 'โรงเรียนนานาชาติสิงคโปร์', 'score': 0, 'anchor_m': 13413, 'keys': ['domain'], 'confidence': 0.66, 'overture_id': '2ba57255-07fe-494a-a292-e6b30571c2cc', 'category': 'education'}, {'source': 'dopa', 'lat': 13.617023, 'lon': 100.6636678, 'distance_m': 35, 'label': 'โรงเรียนนานาชาติสิงคโปร์สุวรรณภูมิ', 'score': 3, 'anchor_m': 2238}, {'source': 'arcgis_poi', 'distance_m': 23, 'label': 'Singapore International School Suvarnabhumi', 'score': 2, 'anchor_m': 2258}, {'source': 'arcgis_poi', 'distance_m': 15042, 'label': 'Singapore International School of Bangkok', 'score': 2, 'anchor_m': 13205}, {'source': 'arcgis_poi', 'distance_m': 18408, 'label': 'Singapore International School of Bangkok', 'score': 2, 'anchor_m': 16332}, {'source': 'arcgis_address', 'distance_m': 71, 'label': 'PointAddress: 4/5 หมู่ 5 ซอยไปรษณีย์ฯ ถนนบางพลี-ตำหรุ ตำบลบางแก้ว อำเภอบางพลี จังหวัดสมุทร', 'anchor_m': 2282}, {'source': 'arcgis_address', 'distance_m': 148, 'label': 'PointAddress: 4 หมู่ 5 ซอยวัดหนามแดง คลองหนองบัว ถนนหนามแดง-บางพลี ตำบลบางแก้ว อำเภอบางพลี', 'anchor_m': 2147}, {'source': 'arcgis_address', 'distance_m': 217, 'label': 'PointAddress: 5 หมู่ 5 ซอยก่อนถึงสะพานศาลเจ้าริมคลองสำโรง ถนนหนามแดง-บางพลี ตำบลบางแก้ว อำ', 'anchor_m': 2487}]","{'level': 'tambon', 'label': 'ตำบลบางแก้ว อำเภอบางพลี จังหวัดสมุทรปราการ'}",consensus-v2,True,high,True,Singapore International School Suvarnabhumi,False,2013,['CIS']
139,1111700008,นานาชาติราฟเฟิลส์อเมริกัน,Raffles American International School,สมุทรปราการ,บางพลี,บางแก้ว,15/4 หมู่ 15 ถนน บางนา-ตราด37 ต.บางแก้ว อ.บางพลี จ.สมุทรปราการ 10540,,Not Checked,,,,,,13.6652339,100.6591748,"ยืนยันตรงกันหลายแหล่ง: ArcGIS POI, OPEC, OpenStreetMap, Overture Maps, กรมการปกครอง (ทุกแหล่งห่างจากจุดนี้ไม่เกิน 108 ม.) — มีจุดชื่อเดียวกันอีก 1 จุด ห่าง 15.1 กม.ขึ้นไป (วิทยาเขตอื่นหรือย้ายที่ตั้ง?)",Exact,https://school.opec.go.th/school/1111700008,"['ก่อนอนุบาล', 'อนุบาล', 'ประถมศึกษา', 'มัธยมศึกษาตอนต้น', 'มัธยมศึกษาตอนปลาย']",ก่อนอนุบาล - มัธยมศึกษาตอนปลาย,572,113,"['หลักสูตรสหรัฐอเมริกัน', 'California Department of Education', 'International Baccalaureate Diploma Programme (IBDP)']",,นางกชณัช นวลนิศาชล,นางกชณัช นวลนิศาชล,ไม่รับเงินอุดหนุน,,โรงเรียนนานาชาติราฟเฟิลส์อเมริกัน มุ่งเน้นให้โรงเรียนเป็นที่ยอมรับตามมาตรฐานสากลและเป็นโรงเรียนนานาชาติระดับชั้นนำ ส่งเสริมสนับสนุนให้ผู้เรียนมีความคิดสร้างสรรค์และสร้างนวัตกรรมใหม่เหมาะสมกับศักยภาพของแต่ละบุคคลให้ประสบผลสำเร็จสูงสุด,1. ส่งเสริมผู้เรียนให้สามารถไตร่ตรองเหตุผลตามบริบทสถานการณ์ พัฒนาตนจนบรรลุเป้าหมายที่มุ่งหวัง และอยู่ร่วมกับผู้อื่นด้อย่างสมานฉันท์ 2. ส่งเสริมครูและบุคลากรให้มีจรรยาบรรณวิชาชีพเป็นแบบอย่างที่ดีตามประเพณี 3. ส่งเสริมสถานศึกษาเชิงระบบแบบมีส่วนร่วม,,,,"Pre-School,High-School,Pre-School to High-School",https://pedb.opec.go.th/web/SchoolPdc.htm?mode=showPicture&t=1&id=19089,,,,,2026-09-14 01:07:40,2026-09-29 18:07:04,13.6645989,100.6594577,"['ArcGIS POI', 'OPEC', 'OpenStreetMap', 'Overture Maps', 'กรมการปกครอง']","[{'source': 'opec', 'lat': 13.6645989, 'lon': 100.6594577, 'distance_m': 77, 'label': 'OPEC', 'anchor_m': 3092}, {'source': 'osm', 'lat': 13.6646657, 'lon': 100.6590161, 'distance_m': 65, 'label': 'Raffles American School Bangkok', 'score': 3, 'osm_id': 'n8784893472', 'anchor_m': 3107}, {'source': 'osm', 'lat': 13.6645783, 'lon': 100.6597753, 'distance_m': 98, 'label': 'Raffles International College', 'score': 3, 'osm_id': 'n8784893473', 'anchor_m': 3085}, {'source': 'osm', 'lat': 13.6652339, 'lon': 100.6591748, 'distance_m': 0, 'label': 'โรงเรียนนานาชาติราฟเฟิลส์อเมริกัน', 'score': 3, 'osm_id': 'w1237308440', 'anchor_m': 3167}, {'source': 'overture', 'lat': 13.6646523, 'lon': 100.65917, 'distance_m': 65, 'label': 'Raffles American School', 'score': 3, 'anchor_m': 3103, 'keys': ['domain', 'name'], 'confidence': 0.916, 'overture_id': 'fc7b5bda-7728-4a1e-9ea2-808cf03065e5', 'category': 'place_of_learning'}, {'source': 'overture', 'lat': 13.6647206, 'lon': 100.6596594, 'distance_m': 77, 'label': 'Raffles International College Bangkok', 'score': 3, 'anchor_m': 3102, 'keys': ['name'], 'confidence': 0.976, 'overture_id': '182a0a65-45de-4858-acf7-3edb07f54bf3', 'category': 'fashion_and_apparel_store'}, {'source': 'overture', 'lat': 13.6651698, 'lon': 100.6601715, 'distance_m': 108, 'label': 'Raffles International College (วิทยาลัยนานาชาติราฟเฟิลส์)', 'score': 3, 'anchor_m': 3144, 'keys': ['name'], 'confidence': 0.77, 'overture_id': '56190b71-e7e5-4fe1-bccd-cfe7b8f7fc65', 'category': 'college_university'}, {'source': 'overture', 'lat': 13.7294112, 'lon': 100.5358846, 'distance_m': 15111, 'label': 'Raffles International College', 'score': 3, 'anchor_m': 17230, 'keys': ['name'], 'confidence': 0.607, 'overture_id': '0e6f9046-158d-4acc-ba70-858fca3965a8', 'category': 'college_university'}, {'source': 'dopa', 'lat': 13.6648167, 'lon': 100.6590222, 'distance_m': 49, 'label': 'โรงเรียนนานาชาติราฟเฟิลส์อเมริกัน', 'score': 3, 'anchor_m': 3124}, {'source': 'arcgis_poi', 'distance_m': 49, 'label': 'Raffles American School Bangkok', 'score': 3, 'anchor_m': 3122}, {'source': 'arcgis_address', 'distance_m': 3844, 'label': 'PointAddress: 15 ถนนบางนา-ตราด ตำบลบางแก้ว อำเภอบางพลี จังหวัดสมุทรปราการ 10540', 'anchor_m': 1819}, {'source': 'arcgis_address', 'distance_m': 3706, 'label': 'PointAddress: 15 ถนนบางนา-ตราด ตำบลบางพลีใหญ่ อำเภอบางพลี จังหวัดสมุทรปราการ 10540', 'anchor_m': 2084}, {'source': 'arcgis_address', 'distance_m': 14096, 'label': 'PointAddress: 15 ถนนบางนา-ตราด ตำบลบางโฉลง อำเภอบางพลี จังหวัดสมุทรปราการ 10540', 'anchor_m': 12484}]","{'level': 'tambon', 'label': 'ตำบลบางแก้ว อำเภอบางพลี จังหวัดสมุทรปราการ'}",consensus-v2,True,high,True,Raffles American International School,False,2017,"['ONESQA', 'ACS WASC']"
140,1111700009,นานาชาติดีเพร็พ,D-PREP International School,สมุทรปราการ,บางพลี,บางแก้ว,"38,38/1-3,39 หมู่ 6 ต.บางแก้ว อ.บางพลี จ.สมุทรปราการ 10540",,Not Checked,,,,,,13.6434577,100.6781606,"ยืนยันตรงกันหลายแหล่ง: OpenStreetMap, Overture Maps (ทุกแหล่งห่างจากจุดนี้ไม่เกิน 41 ม.)",Exact,https://school.opec.go.th/school/1111700009,"['อนุบาล', 'ประถมศึกษา', 'มัธยมศึกษาตอนต้น', 'มัธยมศึกษาตอนปลาย']",อนุบาล - มัธยมศึกษาตอนปลาย,336,57,"['หลักสูตรประเทศอังกฤษ', 'Common Core State Standards', 'International Baccalaureate (IB) Primary Year Programe (PYP)']",นางธินา สิงห์ สัจจะ,,,ไม่รับเงินอุดหนุน,,,,,,,,https://pedb.opec.go.th/web/SchoolPdc.htm?mode=showPicture&t=1&id=19715,,,,,2026-09-14 01:07:40,2026-09-29 18:07:04,13.5990961,100.5998319,"['OpenStreetMap', 'Overture Maps']","[{'source': 'opec', 'lat': 13.5990961, 'lon': 100.5998319, 'distance_m': 9797, 'label': 'OPEC', 'anchor_m': 8124}, {'source': 'osm', 'lat': 13.7153955, 'lon': 100.6016685, 'distance_m': 11501, 'label': 'Bangkok Prep Campus', 'score': 3, 'osm_id': 'w515847769', 'anchor_m': 11003}, {'source': 'osm', 'lat': 13.6434577, 'lon': 100.6781606, 'distance_m': 0, 'label': 'โรงเรียนนานาชาติ ดี-เพร็พ / D-PREP International School', 'score': 3, 'osm_id': 'w915890942', 'anchor_m': 1683}, {'source': 'osm', 'lat': 13.6448355, 'lon': 100.6850199, 'distance_m': 757, 'label': 'D-PREP International school (Secondary Campus) / D-PREP International school (Secondary Ca', 'score': 3, 'osm_id': 'w1306643441', 'anchor_m': 2426}, {'source': 'overture', 'lat': 13.6448805, 'lon': 100.6853887, 'distance_m': 797, 'label': 'D-PREP International School (Secondary Campus)', 'score': 3, 'anchor_m': 2465, 'keys': ['domain', 'name'], 'confidence': 0.85, 'overture_id': '7d383703-e77d-41f5-af8a-c0c9c939d8ce', 'category': 'place_of_learning'}, {'source': 'overture', 'lat': 13.643553, 'lon': 100.6783796, 'distance_m': 26, 'label': 'D-PREP International School', 'score': 3, 'anchor_m': 1709, 'keys': ['name'], 'confidence': 0.998, 'overture_id': '955ecb9c-a182-42f3-8787-ac2bcb1fcef8', 'category': 'place_of_learning'}, {'source': 'overture', 'lat': 13.782661, 'lon': 100.6087074, 'distance_m': 17201, 'label': 'Prep International Kindergarten', 'score': 3, 'anchor_m': 17248, 'keys': ['name'], 'confidence': 0.936, 'overture_id': 'b3fdb122-675b-43a9-b6a9-6384a239d654', 'category': 'preschool'}, {'source': 'overture', 'lat': 13.7143433, 'lon': 100.6016585, 'distance_m': 11421, 'label': 'Bangkok Prep International School', 'score': 3, 'anchor_m': 10912, 'keys': ['name'], 'confidence': 0.85, 'overture_id': '39eed951-f8b6-45f4-9c97-60b81e7d012c'}, {'source': 'overture', 'lat': 13.74594, 'lon': 100.70048, 'distance_m': 11648, 'label': 'EA Prep สถานรับเลี้ยงเด็ก นานาชาติ อีเอ เพรพ เนอร์สเซอรี่', 'score': 3, 'anchor_m': 12723, 'keys': ['name'], 'confidence': 0.679, 'overture_id': 'eeb282e3-6c97-4626-8053-951a25b98d2f', 'category': 'home_service'}, {'source': 'overture', 'lat': 13.6431076, 'lon': 100.6782665, 'distance_m': 41, 'label': 'D-PREP Weekend School', 'score': 0, 'anchor_m': 1677, 'keys': ['domain'], 'confidence': 0.866, 'overture_id': '26169fa4-888c-4a41-9db2-6600b35dd93c', 'category': 'education'}, {'source': 'arcgis_poi', 'distance_m': 19128, 'label': 'Prep International Kindergarten', 'score': 3, 'anchor_m': 18987}, {'source': 'arcgis_address', 'distance_m': 1952, 'label': 'PointAddress: 3 หมู่ 6 ถนนบางนา-ตราด ตำบลบางแก้ว อำเภอบางพลี จังหวัดสมุทรปราการ 10540', 'anchor_m': 1703}, {'source': 'arcgis_address', 'distance_m': 5371, 'label': 'PointAddress: 39 หมู่ 1 ซอยฉิมพูลสุข 2 ถนนบางแก้ว ตำบลบางแก้ว อำเภอบางพลี จังหวัดสมุทรปราก', 'anchor_m': 3706}, {'source': 'arcgis_address', 'distance_m': 3846, 'label': 'PointAddress: 39 หมู่ 3 ซอยหนามแดง-บางพลี 38 ถนนเทพารักษ์ ตำบลบางแก้ว อำเภอบางพลี จังหวัดส', 'anchor_m': 2286}]","{'level': 'tambon', 'label': 'ตำบลบางแก้ว อำเภอบางพลี จังหวัดสมุทรปราการ'}",consensus-v2,True,high,True,D-PREP International School,False,2018,"['ONESQA', 'ACS WASC']"
141,1111700011,นานาชาติเวอร์โซ,Verso International School,สมุทรปราการ,บางพลี,บางโฉลง,198 หมู่ 4 ซอย สารเศรษฐศิริ ถนน สุวรรณภูมิ 3 ต.บางโฉลง อ.บางพลี จ.สมุทรปราการ 10540,https://www.verso.ac.th/,OPEC Profile,https://www.verso.ac.th/,https://www.facebook.com/versoschool,020806200,,,13.5570573,100.6390572,Overture Maps อยู่ห่างจากจุดกลางตำบลที่จดทะเบียน 13.7 กม. (พิกัดประมาณการ),Approximate,https://school.opec.go.th/school/1111700011,"['ก่อนอนุบาล', 'อนุบาล', 'ประถมศึกษา', 'มัธยมศึกษาตอนต้น', 'มัธยมศึกษาตอนปลาย']",ก่อนอนุบาล - มัธยมศึกษาตอนปลาย,0,2,"['หลักสูตรสหรัฐอเมริกัน', 'หลักสูตรอเมริกัน']",,,,ไม่รับเงินอุดหนุน,"The word VERSO means the left-hand side of the page of an open book. To us, this represents the start of something new. New possibilities, new wonders, new adventures, and new questions. VERSO is challenging our fundamental beliefs about the school experience. As the pace of change intensifies, our educational systems are failing to evolve quickly enough. At VERSO we prepare our young people with the skills and mindsets necessary to confidently and competently navigate this change. The World Economic Forum lists innovation, critical thinking, creativity, and complex problem-solving as future-ready skills. That is what VERSO brings to Thailand and the world.

VERSO is a home for passionate, positive, and brave educators and students prepared to disrupt the status quo and create a future-focused school. We continue to be inspired by what tomorrow might bring and to build a school that gives learners from around the world the opportunity to develop their human potential, their empathy, and a space where they can be their authentic selves.",To inspire everyone to be Future Ready,To build a global community of Citizen Designers,"Identity , Engagement , Confidence",SCHOOL OF THE FUTURE WITH A FUTURE-READY CURRICULUM.,"Curious to Explore, Inspried to Connect, Driven to Contribute, Equipped to Transition",At VERSO we prepare our young people with the skills and mindsets necessary to confidently and competently navigate the ever-changing world around them.,https://pedb.opec.go.th/web/SchoolPdc.htm?mode=showPicture&t=1&id=24300,https://twitter.com/i/flow/login?redirect_after_login=%2Fversoschool%2F,https://www.instagram.com/versoschool/,,https://www.youtube.com/channel/UCoYOs5fYaXFv_LDAgX4VKYQ,2026-09-14 01:07:40,2026-09-29 18:07:04,,,[],"[{'source': 'overture', 'lat': 13.5570573, 'lon': 100.6390572, 'distance_m': 0, 'label': 'VERSO International School', 'score': 3, 'anchor_m': 13670, 'keys': ['domain', 'name', 'phone'], 'confidence': 0.852, 'overture_id': 'de6a585a-6a45-4b6e-8cae-3b0670d7a5a2', 'category': 'place_of_learning'}, {'source': 'arcgis_poi', 'distance_m': 13103, 'label': 'Verso International School', 'score': 3, 'anchor_m': 2930}]","{'level': 'tambon', 'label': 'ตำบลบางโฉลง อำเภอบางพลี จังหวัดสมุทรปราการ'}",consensus-v2,False,low,,,,,
142,1111700012,นานาชาติ วิคคอมบ์ แอบบี้ แบงคอก,Wycombe Abbey International School Bangkok,สมุทรปราการ,บางพลี,บางโฉลง,198/9 หมู่ 4 ซอย สารเศรษฐศิริ ถนน สุวรรณภูมิ 3 ต.บางโฉลง อ.บางพลี จ.สมุทรปราการ 10540,,Not Checked,,,,,,13.63817,100.74175,Overture Maps ชื่อตรงกับโรงเรียน (Wycombe Abbey International School Bangk) และอยู่ในตำบลที่จดทะเบียน,Exact,https://school.opec.go.th/school/1111700012,"['ก่อนอนุบาล', 'อนุบาล', 'ประถมศึกษา', 'มัธยมศึกษาตอนต้น', 'มัธยมศึกษาตอนปลาย']",ก่อนอนุบาล - มัธยมศึกษาตอนปลาย,0,17,[],,นายสุรินทร์ มั่นประสงค์,นางสาวพิชญ์วดี กิตติปัญญางาม,ไม่รับเงินอุดหนุน,,,,,,,,https://pedb.opec.go.th/web/SchoolPdc.htm?mode=showPicture&t=1&id=26267,,,,,2026-09-14 01:07:40,2026-09-29 18:07:04,,,['Overture Maps'],"[{'source': 'overture', 'lat': 13.63817, 'lon': 100.74175, 'distance_m': 0, 'label': 'Wycombe Abbey International School Bangkok', 'score': 4, 'anchor_m': 2924, 'keys': ['name'], 'confidence': 0.679, 'overture_id': '12aa2e47-2f12-421d-baf1-2bd955c9ff8a', 'category': 'place_of_learning'}]","{'level': 'tambon', 'label': 'ตำบลบางโฉลง อำเภอบางพลี จังหวัดสมุทรปราการ'}",consensus-v2,True,medium,,,,,
143,1112700001,นานาชาติแฮมพ์ตั้น,Hampton International School,นนทบุรี,ปากเกร็ด,บางตลาด,51/8 หมู่2 ถนน ติวานนท์ ต.บางตลาด อ.ปากเกร็ด จ.นนทบุรี 11120,,Not Checked,,,,,,13.8990982,100.5285335,"ยืนยันตรงกันหลายแหล่ง: ArcGIS POI, OPEC, Overture Maps, กรมการปกครอง (ทุกแหล่งห่างจากจุดนี้ไม่เกิน 38 ม.) — มีจุดชื่อเดียวกันอีก 1 จุด ห่าง 19.7 กม.ขึ้นไป (วิทยาเขตอื่นหรือย้ายที่ตั้ง?)",Exact,https://school.opec.go.th/school/1112700001,"['ก่อนอนุบาล', 'อนุบาล', 'ประถมศึกษา']",ก่อนอนุบาล - ประถมศึกษา,21,10,"['หลักสูตรสหรัฐอเมริกัน', 'California Department of Education CDE']",นางสาวอันวิดา อภิจารี,,นายศกลภพ กิตติวราวุฒิ,ไม่รับเงินอุดหนุน,,,,,,,,https://pedb.opec.go.th/web/SchoolPdc.htm?mode=showPicture&t=1&id=5182,,,,,2026-09-14 01:07:40,2026-09-29 18:07:04,13.8989333,100.528517,"['ArcGIS POI', 'OPEC', 'Overture Maps', 'กรมการปกครอง']","[{'source': 'opec', 'lat': 13.8989333, 'lon': 100.528517, 'distance_m': 18, 'label': 'OPEC', 'anchor_m': 345}, {'source': 'osm', 'lat': 13.7225543, 'lon': 100.5452539, 'distance_m': 19714, 'label': 'โรงเรียนอนุบาลนานาชาติแฮมป์ตัน / Hampton International Pre-School', 'score': 3, 'osm_id': 'w1217986609', 'anchor_m': 20010}, {'source': 'overture', 'lat': 13.8990982, 'lon': 100.5285335, 'distance_m': 0, 'label': 'Hampton International School', 'score': 3, 'anchor_m': 330, 'keys': ['domain', 'name'], 'confidence': 0.957, 'overture_id': '9542d45b-dd88-468e-8706-b317c2cbe3c3', 'category': 'preschool'}, {'source': 'overture', 'lat': 13.7223797, 'lon': 100.5451765, 'distance_m': 19732, 'label': 'Hampton International Preschool Sathon', 'score': 0, 'anchor_m': 20028, 'keys': ['domain'], 'confidence': 0.977, 'overture_id': '9b4b7f8b-6d9b-400e-a7f0-d76610db883f', 'category': 'preschool'}, {'source': 'dopa', 'lat': 13.8992418, 'lon': 100.5283919, 'distance_m': 22, 'label': 'Hampton International school', 'score': 3, 'anchor_m': 309}, {'source': 'arcgis_poi', 'distance_m': 38, 'label': 'Hampton International School', 'score': 3, 'anchor_m': 363}, {'source': 'arcgis_address', 'distance_m': 1945, 'label': 'PointAddress: 2 ถนนติวานนท์ ตำบลบางตลาด อำเภอปากเกร็ด จังหวัดนนทบุรี 11120', 'anchor_m': 1766}, {'source': 'arcgis_address', 'distance_m': 6043, 'label': 'PointAddress: 2 ถนนติวานนท์ ตำบลบ้านใหม่ อำเภอปากเกร็ด จังหวัดนนทบุรี 11120', 'anchor_m': 5836}, {'source': 'arcgis_address', 'distance_m': 5057, 'label': 'PointAddress: 8 ถนนติวานนท์ ตำบลบางพูด อำเภอปากเกร็ด จังหวัดนนทบุรี 11120', 'anchor_m': 4734}]","{'level': 'tambon', 'label': 'ตำบลบางตลาด อำเภอปากเกร็ด จังหวัดนนทบุรี'}",consensus-v2,True,high,True,Hampton International School,False,2010,[]
144,1112700002,สถานศึกษานานาชาติ,INTERNATIONAL SCHOOL BANGKOK (ISB),นนทบุรี,ปากเกร็ด,บางตลาด,39/7 ซอย นิชดาธานี   ถนน สามัคคี ต.บางตลาด อ.ปากเกร็ด จ.นนทบุรี 11120,,Not Checked,,,,,,13.893529,100.5270454,"ยืนยันตรงกันหลายแหล่ง: OPEC, OpenStreetMap, Overture Maps, กรมการปกครอง (ทุกแหล่งห่างจากจุดนี้ไม่เกิน 199 ม.)",Exact,https://school.opec.go.th/school/1112700002,"['ก่อนอนุบาล', 'อนุบาล', 'ประถมศึกษา', 'มัธยมศึกษาตอนต้น', 'มัธยมศึกษาตอนปลาย']",ก่อนอนุบาล - มัธยมศึกษาตอนปลาย,1037,189,"['หลักสูตรสหรัฐอเมริกัน', 'International Curriculum']",,,นางอุษา สมบูรณ์,ไม่รับเงินอุดหนุน,,,,,,,,https://pedb.opec.go.th/web/SchoolPdc.htm?mode=showPicture&t=1&id=5219,,,,,2026-09-14 01:07:41,2026-09-29 18:07:04,13.8934369,100.5262061,"['OPEC', 'OpenStreetMap', 'Overture Maps', 'กรมการปกครอง']","[{'source': 'opec', 'lat': 13.8934369, 'lon': 100.5262061, 'distance_m': 91, 'label': 'OPEC', 'anchor_m': 914}, {'source': 'osm', 'lat': 13.893529, 'lon': 100.5270454, 'distance_m': 0, 'label': 'โรงเรียนสถานศึกษานานาชาติ / International School Bangkok', 'score': 3, 'osm_id': 'w151975332', 'anchor_m': 900}, {'source': 'overture', 'lat': 13.8925556, 'lon': 100.5255027, 'distance_m': 199, 'label': 'International School Bangkok', 'score': 0, 'anchor_m': 1020, 'keys': ['domain'], 'confidence': 0.994, 'overture_id': 'ba6a9da4-3c85-42f1-89c2-4a369926403f', 'category': 'place_of_learning'}, {'source': 'overture', 'lat': 13.89014, 'lon': 100.53739, 'distance_m': 1178, 'label': 'ISB Golf Center', 'score': 0, 'anchor_m': 1705, 'keys': ['domain'], 'confidence': 0.879, 'overture_id': '563e6dbe-59fa-46a3-ad2f-972992ac16a2', 'category': 'sport_or_fitness_facility'}, {'source': 'overture', 'lat': 13.8893849, 'lon': 100.5242213, 'distance_m': 553, 'label': 'ISBangkok Dance Department', 'score': 0, 'anchor_m': 1392, 'keys': ['domain'], 'confidence': 0.784, 'overture_id': '419e681b-a73d-4a23-901c-30e5580572f6', 'category': 'sport_or_fitness_facility'}, {'source': 'overture', 'lat': 13.8935939, 'lon': 100.5272769, 'distance_m': 26, 'label': 'ISB Main Library', 'score': 0, 'anchor_m': 894, 'keys': ['domain'], 'confidence': 0.68, 'overture_id': 'e972c06c-70e9-49a3-9da0-b18c0faed576', 'category': 'library'}, {'source': 'dopa', 'lat': 13.8930502, 'lon': 100.5256695, 'distance_m': 158, 'label': 'มูลนิธิโรงเรียนสถานศึกษานานาชาติ', 'score': 3, 'anchor_m': 963}, {'source': 'arcgis_address', 'distance_m': 1296, 'label': 'PointAddress: 39/7 ถนนสามัคคี ตำบลท่าทราย อำเภอเมืองนนทบุรี จังหวัดนนทบุรี 11000', 'anchor_m': 2162}]","{'level': 'tambon', 'label': 'ตำบลบางตลาด อำเภอปากเกร็ด จังหวัดนนทบุรี'}",consensus-v2,True,high,True,International School Bangkok,False,1951,"['ONESQA', 'ACS WASC']"
145,1112700003,นานาชาติแมจิกเยียร์ส,Magic Years International Kindergarten,นนทบุรี,ปากเกร็ด,บางตลาด,22/122 หมู่ 3 ซอย ประเสริฐอิสลาม ต.บางตลาด อ.ปากเกร็ด จ.นนทบุรี 11120,,Not Checked,,,,,,13.88673,100.5330632,"ยืนยันตรงกันหลายแหล่ง: OPEC, Overture Maps, กรมการปกครอง (ทุกแหล่งห่างจากจุดนี้ไม่เกิน 22 ม.) — มีจุดชื่อเดียวกันอีก 4 จุด ห่าง 1.9 กม.ขึ้นไป (วิทยาเขตอื่นหรือย้ายที่ตั้ง?)",Exact,https://school.opec.go.th/school/1112700003,"['ก่อนอนุบาล', 'อนุบาล', 'ประถมศึกษา', 'มัธยมศึกษาตอนต้น', 'มัธยมศึกษาตอนปลาย']",ก่อนอนุบาล - มัธยมศึกษาตอนปลาย,146,24,"['โรงเรียนนานาชาติซีสเต็มส์ ลิตเทิลเฮ้าส์', 'Common Core State Standarts (CCSS)', 'International Baccalaureate (IB) Middle Years Programme (MYP)', 'International Baccalaureate (IB) Primary Year Programe (PYP)']",นางสาวอรสา  กาญจนชูศักดิ์,นางสาวสพิณดา  สุวรุจิพร,นางสาวอรสา  กาญจนชูศักดิ์,ไม่รับเงินอุดหนุน,,,,,,,,https://pedb.opec.go.th/web/SchoolPdc.htm?mode=showPicture&t=1&id=5341,,,,,2026-09-14 01:07:41,2026-09-29 18:07:04,13.886627,100.532945,"['OPEC', 'Overture Maps', 'กรมการปกครอง']","[{'source': 'opec', 'lat': 13.886627, 'lon': 100.532945, 'distance_m': 17, 'label': 'OPEC', 'anchor_m': 1790}, {'source': 'overture', 'lat': 13.9063145, 'lon': 100.5337, 'distance_m': 2179, 'label': 'Magic Years International School', 'score': 3, 'anchor_m': 899, 'keys': ['name'], 'confidence': 0.77, 'overture_id': '9c88c2a1-adf4-4bb4-ae95-1e18c2c19bce', 'category': 'education'}, {'source': 'overture', 'lat': 13.9034601, 'lon': 100.5340267, 'distance_m': 1863, 'label': 'My Magic Years International School', 'score': 3, 'anchor_m': 794, 'keys': ['name'], 'confidence': 0.565, 'overture_id': '93faf356-3ea8-4cd6-aef4-69876dce2b0a', 'category': 'place_of_learning'}, {'source': 'overture', 'lat': 14.0450314, 'lon': 100.6479203, 'distance_m': 21528, 'label': 'The Magic Academy', 'score': 3, 'anchor_m': 20609, 'keys': ['name'], 'confidence': 0.394, 'overture_id': 'dcf99561-570e-4e97-bab4-f8cb85df6bd3', 'category': 'place_of_learning'}, {'source': 'overture', 'lat': 13.88673, 'lon': 100.5330632, 'distance_m': 0, 'label': 'MYIS International School', 'score': 0, 'anchor_m': 1784, 'keys': ['domain'], 'confidence': 0.956, 'overture_id': '6aadab9f-6540-40f9-a390-d534db03ab7e', 'category': 'place_of_learning'}, {'source': 'dopa', 'lat': 13.8865329, 'lon': 100.5330831, 'distance_m': 22, 'label': 'Magic year international school', 'score': 3, 'anchor_m': 1805}, {'source': 'arcgis_poi', 'distance_m': 2183, 'label': 'Magic Years International Kindergarten', 'score': 3, 'anchor_m': 885}]","{'level': 'tambon', 'label': 'ตำบลบางตลาด อำเภอปากเกร็ด จังหวัดนนทบุรี'}",consensus-v2,True,high,True,Magic Years International School,False,1990,['ONESQA']
146,1112700004,นานาชาติ เซนต์ แอนดูรว์ส สามัคคี,St. Andrews International School Samakee,นนทบุรี,เมืองนนทบุรี,ท่าทราย,43 หมู่ที่ 2 ซอยติวานนท์ 48 ถนน ติวานนท์ ต.ท่าทราย อ.เมืองนนทบุรี จ.นนทบุรี 11000,,Not Checked,,,,,,13.8824854,100.5191917,"ยืนยันตรงกันหลายแหล่ง: ArcGIS POI, OPEC, Overture Maps (ทุกแหล่งห่างจากจุดนี้ไม่เกิน 35 ม.)",Exact,https://school.opec.go.th/school/1112700004,"['ก่อนอนุบาล', 'อนุบาล', 'ประถมศึกษา', 'มัธยมศึกษาตอนต้น']",ก่อนอนุบาล - มัธยมศึกษาตอนต้น,120,47,"['หลักสูตรสหราชอาณาจักร', 'National Curriculum for England and Wales', 'หลักสูตรเคมบริดจ์']",,,,ไม่รับเงินอุดหนุน,,,,,,,,https://pedb.opec.go.th/web/SchoolPdc.htm?mode=showPicture&t=1&id=5343,,,,,2026-09-14 01:07:41,2026-09-29 18:07:04,13.8825692,100.5192516,"['ArcGIS POI', 'OPEC', 'Overture Maps']","[{'source': 'opec', 'lat': 13.8825692, 'lon': 100.5192516, 'distance_m': 11, 'label': 'OPEC', 'anchor_m': 920}, {'source': 'osm', 'lat': 13.7237591, 'lon': 100.5978566, 'distance_m': 19587, 'label': 'โรงเรียนนานาชาติเซนต์แอนดรูวส์ / St. Andrews International School', 'score': 3, 'osm_id': 'w335064293', 'anchor_m': 19279}, {'source': 'osm', 'lat': 13.7172537, 'lon': 100.5874184, 'distance_m': 19795, 'label': 'โรงเรียนนานาชาติเซนต์แอนดรูว์ส / St. Andrews International School', 'score': 3, 'osm_id': 'w560431783', 'anchor_m': 19546}, {'source': 'overture', 'lat': 13.8824854, 'lon': 100.5191917, 'distance_m': 0, 'label': 'St. Andrews Samakee International School', 'score': 3, 'anchor_m': 927, 'keys': ['domain', 'name'], 'confidence': 0.968, 'overture_id': '89c066d4-2a7a-4402-84a4-65175d70b600', 'category': 'place_of_learning'}, {'source': 'overture', 'lat': 13.7242709, 'lon': 100.5968049, 'distance_m': 19487, 'label': 'St Andrews International School Bangkok', 'score': 3, 'anchor_m': 19182, 'keys': ['name'], 'confidence': 1.0, 'overture_id': 'f3859eb3-460c-4d90-9d43-12ee8ed79753', 'category': 'elementary_school'}, {'source': 'overture', 'lat': 13.8825598, 'lon': 100.518874, 'distance_m': 35, 'label': ""Saint Andrew's International School"", 'score': 0, 'anchor_m': 960, 'keys': ['domain'], 'confidence': 0.77, 'overture_id': 'd8a8dc4b-ee8d-48b3-823b-18d81d87f32c', 'category': 'education'}, {'source': 'arcgis_poi', 'distance_m': 35, 'label': 'St. Andrews International School', 'score': 3, 'anchor_m': 958}, {'source': 'arcgis_poi', 'distance_m': 17589, 'label': 'St. Andrews International School', 'score': 3, 'anchor_m': 17601}, {'source': 'arcgis_poi', 'distance_m': 19593, 'label': 'St. Andrews International School', 'score': 3, 'anchor_m': 19285}, {'source': 'arcgis_address', 'distance_m': 2864, 'label': 'PointAddress: 48 ถนนติวานนท์ ตำบลท่าทราย อำเภอเมืองนนทบุรี จังหวัดนนทบุรี 11000', 'anchor_m': 3709}, {'source': 'arcgis_address', 'distance_m': 2215, 'label': 'PointAddress: 48 ถนนติวานนท์ ตำบลบางตลาด อำเภอปากเกร็ด จังหวัดนนทบุรี 11120', 'anchor_m': 2672}, {'source': 'arcgis_address', 'distance_m': 3217, 'label': 'PointAddress: 48 ถนนติวานนท์ ตำบลปากเกร็ด อำเภอปากเกร็ด จังหวัดนนทบุรี 11120', 'anchor_m': 3826}]","{'level': 'tambon', 'label': 'ตำบลท่าทราย อำเภอเมืองนนทบุรี จังหวัดนนทบุรี'}",consensus-v2,True,high,True,"St. Andrews International School, Samakee",False,2000,"['ONESQA', 'EDT']"
147,1112700005,นานาชาติ ดราก้อน,DRAGON INTERNATIONAL SCHOOL,นนทบุรี,บางกรวย,บางคูเวียง,189 หมู่ 3 ต.บางคูเวียง อ.บางกรวย จ.นนทบุรี 11130,,Not Checked,,,,,,13.8263674,100.4239859,"ยืนยันตรงกันหลายแหล่ง: ArcGIS POI, OPEC, Overture Maps, กรมการปกครอง (ทุกแหล่งห่างจากจุดนี้ไม่เกิน 123 ม.)",Exact,https://school.opec.go.th/school/1112700005,"['อนุบาล', 'ประถมศึกษา']",อนุบาล - ประถมศึกษา,157,26,"['หลักสูตรสิงคโปร์', 'Singapore Primary School Curriculum', 'หลักสูตรก่อนประถมศึกษา กระทรวงศึกษาธิการ แห่งสาธารณรัฐสิงค์โปร์']",นางสาวสุมณฑา บุญฟู,,นางสาวสุมณฑา บุญฟู,ไม่รับเงินอุดหนุน,,,,,,,,https://pedb.opec.go.th/web/SchoolPdc.htm?mode=showPicture&t=1&id=5355,,,,,2026-09-14 01:07:41,2026-09-29 18:07:04,13.8264792,100.4240248,"['ArcGIS POI', 'OPEC', 'Overture Maps', 'กรมการปกครอง']","[{'source': 'opec', 'lat': 13.8264792, 'lon': 100.4240248, 'distance_m': 13, 'label': 'OPEC', 'anchor_m': 1315}, {'source': 'overture', 'lat': 13.8263674, 'lon': 100.4239859, 'distance_m': 0, 'label': 'Dragon International School', 'score': 3, 'anchor_m': 1307, 'keys': ['domain', 'name'], 'confidence': 0.975, 'overture_id': '3a275a7a-d053-488c-b028-77de84f15144', 'category': 'place_of_learning'}, {'source': 'dopa', 'lat': 13.8264277, 'lon': 100.4241988, 'distance_m': 24, 'label': 'โรงเรียนนานาชาติดราก้อน', 'score': 3, 'anchor_m': 1331}, {'source': 'arcgis_poi', 'distance_m': 99, 'label': 'Little Dragons International Kindergarten', 'score': 3, 'anchor_m': 1403}, {'source': 'arcgis_poi', 'distance_m': 114, 'label': 'Little Dragons International School', 'score': 3, 'anchor_m': 1421}, {'source': 'arcgis_poi', 'distance_m': 123, 'label': 'Little Dragons International Kindergarten', 'score': 3, 'anchor_m': 1423}]","{'level': 'tambon', 'label': 'ตำบลบางคูเวียง อำเภอบางกรวย จังหวัดนนทบุรี'}",consensus-v2,True,high,True,Dragon International School,False,2009,['EDT']
148,1112700006,นานาชาติเด่นหล้า บริติช,Denla British International School,นนทบุรี,ปากเกร็ด,อ้อมเกร็ด,58 หมู่ 2 ต.อ้อมเกร็ด อ.ปากเกร็ด จ.นนทบุรี 11120,https://dbsbangkok.ac.th,OPEC Profile,https://dbsbangkok.ac.th,https://www.facebook.com/DBSBangkok,026661933,,,13.9116296,100.4508782,"ยืนยันตรงกันหลายแหล่ง: ArcGIS POI, OPEC, Overture Maps (ทุกแหล่งห่างจากจุดนี้ไม่เกิน 135 ม.)",Exact,https://school.opec.go.th/school/1112700006,"['ก่อนอนุบาล', 'อนุบาล', 'ประถมศึกษา', 'มัธยมศึกษาตอนต้น', 'มัธยมศึกษาตอนปลาย']",ก่อนอนุบาล - มัธยมศึกษาตอนปลาย,1000,84,"['หลักสูตรสหราชอาณาจักร', 'อังกฤษและเวลส์']",นายอารย์ ปาลเดชพงศ์,นายอารย์ ปาลเดชพงศ์,,ไม่รับเงินอุดหนุน,โรงเรียนนานาชาติ เด่นหล้าบริติช (Denla British International School) เป็นสถาบันการศึกษาที่มีชื่อเสียง โดยใช้หลักสูตรของประเทศอังกฤษเพื่อพัฒนาศักยภาพของนักเรียนให้มีทักษะที่สำคัญในโลกปัจจุบัน ไม่ว่าจะเป็นทางด้านวิชาการ กีฬา ศิลปะ หรือการสร้างคุณค่าทางสังคม เรามุ่งเน้นการสร้างสภาพแวดล้อมที่เหมาะสมสำหรับการเรียนรู้และการเติบโตทั้งในด้านร่างกายและจิตใจ,เป็นโรงเรียนชั้นนำระดับโลกที่สร้างนักเรียนที่มีศักยภาพสูง สามารถแข่งขันในระดับสากล พร้อมทั้งมีคุณธรรมและจิตสำนึกต่อสังคม,พัฒนานักเรียนให้มีความสามารถทางวิชาการในระดับสากล ส่งเสริมการคิดอย่างมีวิจารณญาณและการแก้ไขปัญหา สร้างสรรค์บรรยากาศการเรียนรู้ที่กระตุ้นการพัฒนาทางจิตใจ ร่างกาย และจิตวิญญาณ,"""เรียนรู้ สร้างสรรค์ เติบโตอย่างยั่งยืน""",โรงเรียนที่มีสภาพแวดล้อมการเรียนการสอนที่เน้นความร่วมมือและการเติบโตทางความคิดแบบองค์รวม,นักเรียนที่มีทักษะครบถ้วนทั้งทางวิชาการและจริยธรรม สามารถนำความรู้ที่ได้รับไปใช้เพื่อประโยชน์ต่อสังคมและโลก,"โรงเรียนนานาชาติ, หลักสูตรอังกฤษ, โรงเรียนคุณภาพ, การศึกษานานาชาติ, Denla British School",https://pedb.opec.go.th/web/SchoolPdc.htm?mode=showPicture&t=1&id=19332,,https://www.instagram.com/denlabritishschool.dbs/,,,2026-09-14 01:07:42,2026-09-29 18:07:04,13.9115895,100.4510185,"['ArcGIS POI', 'OPEC', 'Overture Maps']","[{'source': 'opec', 'lat': 13.9115895, 'lon': 100.4510185, 'distance_m': 16, 'label': 'OPEC', 'anchor_m': 711}, {'source': 'overture', 'lat': 13.9116296, 'lon': 100.4508782, 'distance_m': 0, 'label': 'DBS Denla British School', 'score': 0, 'anchor_m': 726, 'keys': ['domain', 'phone'], 'confidence': 0.994, 'overture_id': '936ca8f9-6d53-48e2-8ddf-c18007055d14', 'category': 'place_of_learning'}, {'source': 'overture', 'lat': 13.7831072, 'lon': 100.6250331, 'distance_m': 23617, 'label': 'Denla Rama 5 School', 'score': 3, 'anchor_m': 23056, 'keys': ['name'], 'confidence': 0.922, 'overture_id': 'd82573b9-54cf-4a5b-bf8f-a1052a8dba52', 'category': 'place_of_learning'}, {'source': 'overture', 'lat': 13.9116597, 'lon': 100.4509538, 'distance_m': 9, 'label': 'Tổng Kho HN 23', 'score': 0, 'anchor_m': 718, 'keys': ['phone'], 'confidence': 0.764, 'overture_id': '4a786e19-d227-4e76-ae61-5d93e44c1360', 'category': 'specialty_school'}, {'source': 'overture', 'lat': 13.90865, 'lon': 100.45886, 'distance_m': 923, 'label': 'DBS ASA Centre', 'score': 0, 'anchor_m': 378, 'keys': ['domain'], 'confidence': 0.577, 'overture_id': '93d6a150-3907-46bc-a94c-ec8547cac40d', 'category': 'education'}, {'source': 'arcgis_poi', 'distance_m': 135, 'label': 'Denla British School', 'score': 3, 'anchor_m': 696}, {'source': 'arcgis_address', 'distance_m': 1182, 'label': 'PointAddress: 5/8 หมู่ 2 ซอยท่าอิฐ ถนนบ้านวังข่า-วัดสิงห์ทอง ตำบลอ้อมเกร็ด อำเภอปากเกร็ด จ', 'anchor_m': 1304}]","{'level': 'tambon', 'label': 'ตำบลอ้อมเกร็ด อำเภอปากเกร็ด จังหวัดนนทบุรี'}",consensus-v2,True,high,True,Denla British International School,False,,"['ONESQA', 'CIS', 'COBIS']"
149,1112700007,ร่วมฤดีวิเทศศึกษา ราชพฤกษ์ แคมปัส,Ruamrudee International school ratchapruek campus,นนทบุรี,เมืองนนทบุรี,บางกร่าง,999 หมู่ 4 ต.บางกร่าง อ.เมืองนนทบุรี จ.นนทบุรี 11000,,Not Checked,,,,,,13.8405469,100.4557668,"ยืนยันตรงกันหลายแหล่ง: ArcGIS บ้านเลขที่, OPEC, OpenStreetMap, Overture Maps (ทุกแหล่งห่างจากจุดนี้ไม่เกิน 593 ม.)",Exact,https://school.opec.go.th/school/1112700007,"['ก่อนอนุบาล', 'อนุบาล', 'ประถมศึกษา', 'มัธยมศึกษาตอนต้น', 'มัธยมศึกษาตอนปลาย']",ก่อนอนุบาล - มัธยมศึกษาตอนปลาย,373,36,"['หลักสูตรสหรัฐอเมริกัน', 'American Education Reaches Out (AERO)', 'Pre-School follows the District of Columbia Common Core Learning Standard and Upper Grades follow th']",-,,,ไม่รับเงินอุดหนุน,,,,,,,,https://pedb.opec.go.th/web/SchoolPdc.htm?mode=showPicture&t=1&id=23857,,,,,2026-09-14 01:07:42,2026-09-29 18:07:04,13.8394235,100.4553922,"['ArcGIS บ้านเลขที่', 'OPEC', 'OpenStreetMap', 'Overture Maps']","[{'source': 'opec', 'lat': 13.8394235, 'lon': 100.4553922, 'distance_m': 131, 'label': 'OPEC', 'anchor_m': 822}, {'source': 'osm', 'lat': 13.8405469, 'lon': 100.4557668, 'distance_m': 0, 'label': 'Ruamrudee International School Ratchapruek Campus / Ruamrudee International School Ratchap', 'score': 3, 'osm_id': 'w684786905', 'anchor_m': 715}, {'source': 'overture', 'lat': 13.8815252, 'lon': 100.4929182, 'distance_m': 6070, 'label': 'Ruamrudee International School Ratchapruek Campus', 'score': 3, 'anchor_m': 5381, 'keys': ['domain', 'name'], 'confidence': 0.95, 'overture_id': '8b00f0fd-dafe-41d6-b108-8bb02f8432ac', 'category': 'place_of_learning'}, {'source': 'overture', 'lat': 13.8393989, 'lon': 100.4554357, 'distance_m': 133, 'label': 'Ruamrudee International School Ratchapruek', 'score': 3, 'anchor_m': 821, 'keys': ['name'], 'confidence': 0.936, 'overture_id': '39a2ccc4-990a-46b4-805c-f83ab11ef315', 'category': 'place_of_learning'}, {'source': 'arcgis_address', 'distance_m': 593, 'label': 'PointAddress: 99/9 หมู่ 4 ซอยนพสุวรรณ 1 ถนนบางกรวย-ไทรน้อย ตำบลบางกร่าง อำเภอเมืองนนทบุรี ', 'anchor_m': 1050}]","{'level': 'tambon', 'label': 'ตำบลบางกร่าง อำเภอเมืองนนทบุรี จังหวัดนนทบุรี'}",consensus-v2,True,high,True,Ruamrudee International School Ratchapruek Campus,False,2019,"['ONESQA', 'ACS WASC']"
150,1112700008,นานาชาติสาธิตคริสเตียนนนทบุรี,INTERNATIONAL CHRISTIAN SCHOOL NONTHABURI,นนทบุรี,เมืองนนทบุรี,ตลาดขวัญ,145/1 หมู่ - ซอย - ถนน ประชาราษฎร์ ต.ตลาดขวัญ อ.เมืองนนทบุรี จ.นนทบุรี 11000,,Not Checked,,,,,,13.8610468,100.4924144,Overture Maps ขัดกับ OpenStreetMap (ห่างกัน 15.9 กม.) (พิกัดประมาณการ),Approximate,https://school.opec.go.th/school/1112700008,"['ก่อนอนุบาล', 'อนุบาล', 'ประถมศึกษา', 'มัธยมศึกษาตอนต้น', 'มัธยมศึกษาตอนปลาย']",ก่อนอนุบาล - มัธยมศึกษาตอนปลาย,572,76,['Massachusetts Curriculum Frameworks'],นายอาทิตย์ เอกตระกูล,,,ไม่รับเงินอุดหนุน,,,,,,,,https://pedb.opec.go.th/web/SchoolPdc.htm?mode=showPicture&t=1&id=24528,,,,,2026-09-14 01:07:45,2026-09-29 18:07:04,,,[],"[{'source': 'osm', 'lat': 13.7209439, 'lon': 100.5226896, 'distance_m': 15918, 'label': 'โรงเรียนกรุงเทพคริสเตียนวิทยาลัย / Bangkok Christian College', 'score': 2, 'osm_id': 'r20425793', 'anchor_m': 15672}, {'source': 'overture', 'lat': 13.8437201, 'lon': 100.5013737, 'distance_m': 2156, 'label': 'International Christian School', 'score': 2, 'anchor_m': 1937, 'keys': ['domain', 'name'], 'confidence': 0.97, 'overture_id': '5106e185-9d6d-4eab-a928-5ac2f68a42f7', 'category': 'place_of_learning'}, {'source': 'overture', 'lat': 13.8610468, 'lon': 100.4924144, 'distance_m': 0, 'label': 'Nonthaburi Christian Academy', 'score': 2, 'anchor_m': 254, 'keys': ['name'], 'confidence': 0.986, 'overture_id': '40ca79a2-e7ee-4ca9-8e8f-a720a6e35fe0', 'category': 'place_of_learning'}, {'source': 'overture', 'lat': 13.7341766, 'lon': 100.63145, 'distance_m': 20602, 'label': 'Bangkok Christian International School', 'score': 2, 'anchor_m': 20436, 'keys': ['name'], 'confidence': 0.985, 'overture_id': 'd9cfbaef-16e7-4e30-b991-50781f94f662', 'category': 'place_of_learning'}, {'source': 'overture', 'lat': 13.7207598, 'lon': 100.5225491, 'distance_m': 15935, 'label': 'Bangkok Christian College', 'score': 2, 'anchor_m': 15689, 'keys': ['name'], 'confidence': 0.984, 'overture_id': '61788b26-4d81-4687-a7f7-71c0c0af1ff0', 'category': 'campus_building'}, {'source': 'overture', 'lat': 13.841666, 'lon': 100.5001921, 'distance_m': 2313, 'label': 'ICSN Sports Center', 'score': 0, 'anchor_m': 2082, 'keys': ['domain'], 'confidence': 0.975, 'overture_id': 'baf7956f-968a-4cc5-a096-17d0f9c70abc', 'category': 'gym'}, {'source': 'arcgis_poi', 'distance_m': 20626, 'label': 'Bangkok Christian International School', 'score': 2, 'anchor_m': 20460}, {'source': 'arcgis_address', 'distance_m': 2184, 'label': 'PointAddress: 1 ถนนประชาราษฎร์ ตำบลสวนใหญ่ อำเภอเมืองนนทบุรี จังหวัดนนทบุรี 11000', 'anchor_m': 1931}]","{'level': 'tambon', 'label': 'ตำบลตลาดขวัญ อำเภอเมืองนนทบุรี จังหวัดนนทบุรี'}",consensus-v2,False,low,True,International Christian School Nonthaburi,False,2020,['ACS WASC']
151,1112700009,นานาชาติสิงคโปร์นนทบุรี,SINGAPORE INTERNAIONAL SCHOOL NONTHABURI,นนทบุรี,ปากเกร็ด,คลองพระอุดม,98 หมู่ 4 ต.คลองพระอุดม อ.ปากเกร็ด จ.นนทบุรี 11120,,Not Checked,,,,,,13.7551313,100.5009019,Overture Maps อยู่ห่างจากจุดกลางตำบลที่จดทะเบียน 19.3 กม. (พิกัดประมาณการ),Approximate,https://school.opec.go.th/school/1112700009,"['ก่อนอนุบาล', 'อนุบาล', 'ประถมศึกษา', 'มัธยมศึกษาตอนต้น', 'มัธยมศึกษาตอนปลาย']",ก่อนอนุบาล - มัธยมศึกษาตอนปลาย,626,109,"['Cambridge', 'Early Year Foundation Stage', 'National Curriculum for Primary School']",,,,ไม่รับเงินอุดหนุน,,,,,,,,https://pedb.opec.go.th/web/SchoolPdc.htm?mode=showPicture&t=1&id=25248,,,,,2026-09-14 01:07:42,2026-09-29 18:07:04,,,[],"[{'source': 'overture', 'lat': 13.7702721, 'lon': 100.602801, 'distance_m': 11133, 'label': 'Singapore International School of Bangkok', 'score': 2, 'anchor_m': 21965, 'keys': ['domain', 'name'], 'confidence': 0.991, 'overture_id': '3bbb3443-1b26-439e-82d6-72998f045c52', 'category': 'place_of_learning'}, {'source': 'overture', 'lat': 13.7323539, 'lon': 100.4204287, 'distance_m': 9053, 'label': 'Singapore International School Thonburi', 'score': 0, 'anchor_m': 22655, 'keys': ['domain'], 'confidence': 0.991, 'overture_id': 'fa8af65e-6d1a-491e-9ba8-b7abe918c380', 'category': 'place_of_learning'}, {'source': 'overture', 'lat': 13.7551313, 'lon': 100.5009019, 'distance_m': 0, 'label': 'SISB School', 'score': 0, 'anchor_m': 19325, 'keys': ['domain'], 'confidence': 0.77, 'overture_id': '0d30a06f-0730-45b0-828e-c2dc1284058e', 'category': 'education'}, {'source': 'overture', 'lat': 13.7321119, 'lon': 100.5874557, 'distance_m': 9693, 'label': 'โรงเรียนนานาชาติสิงคโปร์', 'score': 0, 'anchor_m': 24655, 'keys': ['domain'], 'confidence': 0.66, 'overture_id': '2ba57255-07fe-494a-a292-e6b30571c2cc', 'category': 'education'}, {'source': 'arcgis_poi', 'distance_m': 20036, 'label': 'Singapore International School Nonthaburi', 'score': 2, 'anchor_m': 776}, {'source': 'arcgis_poi', 'distance_m': 9935, 'label': 'Singapore International School of Bangkok', 'score': 2, 'anchor_m': 24839}, {'source': 'arcgis_poi', 'distance_m': 9000, 'label': 'Singapore International School of Bangkok', 'score': 2, 'anchor_m': 22586}, {'source': 'arcgis_poi', 'distance_m': 11074, 'label': 'Singapore International School of Bangkok', 'score': 2, 'anchor_m': 21842}]","{'level': 'tambon', 'label': 'ตำบลคลองพระอุดม อำเภอปากเกร็ด จังหวัดนนทบุรี'}",consensus-v2,False,low,True,Singapore International School Nonthaburi,False,2023,[]
152,1112700010,นานาชาติ ทีเอชเอ็ม,THM International School,นนทบุรี,ปากเกร็ด,บางตลาด,39/932 หมู่ 3 ต.บางตลาด อ.ปากเกร็ด จ.นนทบุรี 11120,,Not Checked,,,0647959926,,,13.8919111,100.5400959,OPEC ยังไม่มีแหล่งอื่นยืนยัน (พิกัดประมาณการ),Approximate,https://school.opec.go.th/school/1112700010,['อนุบาล'],อนุบาล - อนุบาล,5,5,['Massachusetts Curriculum Frameworks'],,,,ไม่รับเงินอุดหนุน,,,,,,,,https://pedb.opec.go.th/web/SchoolPdc.htm?mode=showPicture&t=1&id=25259,thm_school,,,,2026-09-14 01:07:44,2026-09-29 18:07:04,13.891911127119888,100.54009589082526,[],"[{'source': 'opec', 'lat': 13.8919111, 'lon': 100.5400959, 'distance_m': 0, 'label': 'OPEC', 'anchor_m': 1786}, {'source': 'arcgis_address', 'distance_m': 1823, 'label': 'PointAddress: 39 หมู่ 3 ซอยเรวดี ถนนติวานนท์ ตำบลบางตลาด อำเภอปากเกร็ด จังหวัดนนทบุรี 1112', 'anchor_m': 1572}]","{'level': 'tambon', 'label': 'ตำบลบางตลาด อำเภอปากเกร็ด จังหวัดนนทบุรี'}",consensus-v2,False,low,True,THM International School,False,2024,[]
153,1112700011,เด่นหล้า พระราม 5,Denla Rama V School,นนทบุรี,บางกรวย,บางขุนกอง,8 หมู่ 6 ต.บางขุนกอง อ.บางกรวย จ.นนทบุรี 11130,,Not Checked,,,,,,13.82368,100.45972,Overture Maps ขัดกับ ArcGIS POI (ห่างกัน 9.7 กม.) (พิกัดประมาณการ),Approximate,https://school.opec.go.th/school/1112700011,"['ก่อนอนุบาล', 'อนุบาล', 'ประถมศึกษา', 'มัธยมศึกษาตอนต้น', 'มัธยมศึกษาตอนปลาย']",ก่อนอนุบาล - มัธยมศึกษาตอนปลาย,0,1,['The New Jersey Student Learning Standards'],,,,ไม่รับเงินอุดหนุน,,,,,,,,https://pedb.opec.go.th/web/SchoolPdc.htm?mode=showPicture&t=1&id=25505,,,,,2026-09-14 01:07:44,2026-09-29 18:07:04,,,[],"[{'source': 'overture', 'lat': 13.823515, 'lon': 100.432257, 'distance_m': 2965, 'label': 'โรงเรียนเด่นหล้า พระราม 5', 'score': 3, 'anchor_m': 1874, 'keys': ['name'], 'confidence': 0.948, 'overture_id': '9bd8974a-93b3-43d2-a80e-fa2e0d68597d', 'category': 'preschool'}, {'source': 'overture', 'lat': 13.7831072, 'lon': 100.6250331, 'distance_m': 18412, 'label': 'Denla Rama 5 School', 'score': 3, 'anchor_m': 19532, 'keys': ['name'], 'confidence': 0.922, 'overture_id': 'd82573b9-54cf-4a5b-bf8f-a1052a8dba52', 'category': 'place_of_learning'}, {'source': 'overture', 'lat': 13.82368, 'lon': 100.45972, 'distance_m': 0, 'label': 'เด่นหล้าพระราม5 สายอนุบาล2', 'score': 3, 'anchor_m': 1122, 'keys': ['name'], 'confidence': 0.851, 'overture_id': 'e94de83b-ca74-4a6a-990f-8a1c05126641', 'category': 'place_of_learning'}, {'source': 'overture', 'lat': 13.9132957, 'lon': 100.3685152, 'distance_m': 14009, 'label': 'โรงเรียนอนุบาลเด่นหล้า พระราม5', 'score': 3, 'anchor_m': 13106, 'keys': ['name'], 'confidence': 0.842, 'overture_id': '88abfe5f-1ea1-48f4-b929-2ae5af57208a', 'category': 'place_of_learning'}, {'source': 'overture', 'lat': 13.83507, 'lon': 100.59506, 'distance_m': 14668, 'label': 'โรงเรียนเด่นหล้า พระราม 5', 'score': 3, 'anchor_m': 15753, 'keys': ['name'], 'confidence': 0.699, 'overture_id': '404f8740-a45c-4276-8fcd-721f267da552', 'category': 'place_of_learning'}, {'source': 'arcgis_poi', 'distance_m': 9841, 'label': 'Denla British School', 'score': 3, 'anchor_m': 9596}, {'source': 'arcgis_poi', 'distance_m': 9695, 'label': 'Denla British School', 'score': 3, 'anchor_m': 9454}]","{'level': 'tambon', 'label': 'ตำบลบางขุนกอง อำเภอบางกรวย จังหวัดนนทบุรี'}",consensus-v2,False,low,,,,,
154,1112700012,นานาชาติไนทส์บริดจ์เฮ้าส์ นนทบุรี,Knightsbridge House International School Nonthaburi,นนทบุรี,ปากเกร็ด,บางพูด,94/9 หมู่ 8 ต.บางพูด อ.ปากเกร็ด จ.นนทบุรี 11120,,Not Checked,,,,,,13.9292,100.51972,Overture Maps ชื่อตรงกับโรงเรียน (Knightsbridge House International School) และอยู่ในตำบลที่จดทะเบียน,Exact,https://school.opec.go.th/school/1112700012,"['ประถมศึกษา', 'มัธยมศึกษาตอนต้น']",ประถมศึกษา - มัธยมศึกษาตอนต้น,207,16,[],,,,ไม่รับเงินอุดหนุน,,,,,,,,https://pedb.opec.go.th/web/SchoolPdc.htm?mode=showPicture&t=1&id=25912,,,,,2026-09-14 01:07:45,2026-09-29 18:07:04,,,['Overture Maps'],"[{'source': 'overture', 'lat': 13.9292, 'lon': 100.51972, 'distance_m': 0, 'label': 'Knightsbridge House International School Nonthaburi', 'score': 4, 'anchor_m': 1211, 'keys': ['name'], 'confidence': 0.824, 'overture_id': '2fe5ca50-3e13-4926-83b4-144d11a65ab3', 'category': 'place_of_learning'}, {'source': 'arcgis_address', 'distance_m': 280, 'label': 'PointAddress: 94 หมู่ 8 ซอยรร.อัมพรไพศาล ถนนสุขาประชาสรรค์ 3 ตำบลบางพูด อำเภอปากเกร็ด จังห', 'anchor_m': 1460}, {'source': 'arcgis_address', 'distance_m': 921, 'label': 'PointAddress: 9 หมู่ 8 ถนนสุขาประชาสรรค์ ตำบลบางพูด อำเภอปากเกร็ด จังหวัดนนทบุรี 11120', 'anchor_m': 1112}]","{'level': 'tambon', 'label': 'ตำบลบางพูด อำเภอปากเกร็ด จังหวัดนนทบุรี'}",consensus-v2,True,medium,True,Knightsbridge House International School Nonthaburi,False,2025,[]
155,1112700014,นานาชาตินิวอเมริกันไชนีส,New American Chinese International School,นนทบุรี,เมืองนนทบุรี,ตลาดขวัญ,18/1 ซอย เลี่ยงเมืองนนทบุรี 2 ต.ตลาดขวัญ อ.เมืองนนทบุรี จ.นนทบุรี 11000,,Not Checked,,,,,,,,ยังไม่มีพิกัดจากแหล่งที่อนุญาตให้เก็บ (มีแต่ ArcGIS ซึ่งใช้ตรวจได้แต่เก็บไม่ได้) — รอแอดมินปักหมุด,None,https://school.opec.go.th/school/1112700014,['มัธยมศึกษาตอนต้น'],มัธยมศึกษาตอนต้น - มัธยมศึกษาตอนต้น,0,1,[],,,,ไม่รับเงินอุดหนุน,,,,,,,,https://pedb.opec.go.th/web/SchoolPdc.htm?mode=showPicture&t=1&id=26404,,,,,2026-09-14 01:07:45,2026-09-29 18:07:13,,,[],[],"{'level': 'tambon', 'lat': 13.858767668, 'lon': 100.492329067, 'label': 'ตำบลตลาดขวัญ อำเภอเมืองนนทบุรี จังหวัดนนทบุรี', 'extent': [13.838767668, 100.472329067, 13.878767668, 100.512329067]}",consensus-v2,False,low,,,,,
156,1113700001,นานาชาติสยาม,SIAM INTERNATIONAL SCHOOL,ปทุมธานี,ธัญบุรี,บึงยี่โถ,55/5 ถนน รังสิต-นครนายก ต.บึงยี่โถ อ.ธัญบุรี จ.ปทุมธานี 12110,,Not Checked,,,,,,13.9956087,100.6719454,"ยืนยันตรงกันหลายแหล่ง: ArcGIS POI, OPEC, Overture Maps, กรมการปกครอง (ทุกแหล่งห่างจากจุดนี้ไม่เกิน 45 ม.)",Exact,https://school.opec.go.th/school/1113700001,"['อนุบาล', 'ประถมศึกษา', 'มัธยมศึกษาตอนต้น', 'มัธยมศึกษาตอนปลาย']",อนุบาล - มัธยมศึกษาตอนปลาย,28,7,"['หลักสูตรแคนนาดา', 'หลักสูตรสหรัฐอเมริกัน', 'California Curriculum']",,,นายธนินพัฒน์ จันทรเรือง,ไม่รับเงินอุดหนุน,,,,,,,,https://pedb.opec.go.th/web/SchoolPdc.htm?mode=showPicture&t=1&id=5518,,,,,2026-09-14 01:07:46,2026-09-29 18:07:04,13.995894,100.672243,"['ArcGIS POI', 'OPEC', 'Overture Maps', 'กรมการปกครอง']","[{'source': 'opec', 'lat': 13.995894, 'lon': 100.672243, 'distance_m': 45, 'label': 'OPEC', 'anchor_m': 389}, {'source': 'overture', 'lat': 13.9956087, 'lon': 100.6719454, 'distance_m': 0, 'label': 'Siam International School', 'score': 3, 'anchor_m': 349, 'keys': ['domain', 'name'], 'confidence': 0.976, 'overture_id': 'd771f624-5840-423a-9cff-53e2667eaf27', 'category': 'place_of_learning'}, {'source': 'dopa', 'lat': 13.9958543, 'lon': 100.6722267, 'distance_m': 41, 'label': 'โรงเรียนนานาชาติสยาม (SIAM International school)', 'score': 3, 'anchor_m': 386}, {'source': 'arcgis_poi', 'distance_m': 29, 'label': 'Siam International School', 'score': 3, 'anchor_m': 322}]","{'level': 'tambon', 'label': 'ตำบลบึงยี่โถ อำเภอธัญบุรี จังหวัดปทุมธานี'}",consensus-v2,True,high,,,,,
157,1113700002,สาธิตปทุม,SATHIT PATHUM DEMONSTRATION SCHOOL,ปทุมธานี,เมืองปทุมธานี,บางคูวัด,99/38 ซอย สุวรรณตรา ถนน 345 ต.บางคูวัด อ.เมืองปทุมธานี จ.ปทุมธานี 12000,,Not Checked,,,,,,13.9587679,100.5162646,"ยืนยันตรงกันหลายแหล่ง: ArcGIS POI, OPEC, Overture Maps (ทุกแหล่งห่างจากจุดนี้ไม่เกิน 193 ม.)",Exact,https://school.opec.go.th/school/1113700002,"['อนุบาล', 'ประถมศึกษา', 'มัธยมศึกษาตอนต้น', 'มัธยมศึกษาตอนปลาย']",อนุบาล - มัธยมศึกษาตอนปลาย,96,9,"['The Early Years Foundation Stage', 'Cambridge Assessment International Education', 'Cambridge Assessment International Education (Cambridge Lower Secondary)', 'วิชาภาษาไทย  วัฒนธรรมไทย  และประวัติศาสตร์ไทย สำหรับโรงเรียนในระบบ ประเภทนานาชาติ']",นางประชุมพร  สุวรรณตรา,,,ไม่รับเงินอุดหนุน,,,,,,,,https://pedb.opec.go.th/web/SchoolPdc.htm?mode=showPicture&t=1&id=24175,,,,,2026-09-14 01:07:45,2026-09-29 18:07:04,13.959523546971191,100.51683755250957,"['ArcGIS POI', 'OPEC', 'Overture Maps']","[{'source': 'opec', 'lat': 13.9595235, 'lon': 100.5168376, 'distance_m': 104, 'label': 'OPEC', 'anchor_m': 2880}, {'source': 'overture', 'lat': 13.9587679, 'lon': 100.5162646, 'distance_m': 0, 'label': 'Sathitpathum Demonstration School', 'score': 0, 'anchor_m': 2813, 'keys': ['domain'], 'confidence': 0.958, 'overture_id': 'ecc386e9-dc5e-4bca-82a6-7369a1197877', 'category': 'place_of_learning'}, {'source': 'arcgis_poi', 'distance_m': 193, 'label': 'Sathit Pathum Demonstration School', 'score': 3, 'anchor_m': 2946}, {'source': 'arcgis_address', 'distance_m': 193, 'label': 'PointAddress: 99/38 ซอยสุวรรณตรา ตำบลบางคูวัด อำเภอเมืองปทุมธานี จังหวัดปทุมธานี 12000', 'anchor_m': 2946, 'copy': True}]","{'level': 'tambon', 'label': 'ตำบลบางคูวัด อำเภอเมืองปทุมธานี จังหวัดปทุมธานี'}",consensus-v2,True,high,True,Sathit Pathum Demonstration School,False,,['ONESQA']
158,1113700003,โกลบอลอินเดียนนานาชาติ,GLOBAL INDIAN INTERNATIONAL SCHOOL,ปทุมธานี,เมืองปทุมธานี,บางขะแยง,39/39 หมู่ที่ 1 ซอยวัดชินวราราม ต.บางขะแยง อ.เมืองปทุมธานี จ.ปทุมธานี 12000,,Not Checked,,,,,,13.9694513,100.5274007,"ยืนยันตรงกันหลายแหล่ง: ArcGIS POI, ArcGIS บ้านเลขที่, OPEC, Overture Maps (ทุกแหล่งห่างจากจุดนี้ไม่เกิน 437 ม.) — มีจุดชื่อเดียวกันอีก 1 จุด ห่าง 2.4 กม.ขึ้นไป (วิทยาเขตอื่นหรือย้ายที่ตั้ง?)",Exact,https://school.opec.go.th/school/1113700003,"['อนุบาล', 'ประถมศึกษา', 'มัธยมศึกษาตอนต้น', 'มัธยมศึกษาตอนปลาย']",อนุบาล - มัธยมศึกษาตอนปลาย,141,16,['Central Board of Secondary Education'],นางสาวอริสรา พรหมเงิน,นางสาวอริสรา พรหมเงิน,นางสาวอริสรา พรหมเงิน,ไม่รับเงินอุดหนุน,,,,,,,,https://pedb.opec.go.th/web/SchoolPdc.htm?mode=showPicture&t=1&id=5651,,,,,2026-09-14 01:07:45,2026-09-29 18:07:04,13.9694066,100.5274773,"['ArcGIS POI', 'ArcGIS บ้านเลขที่', 'OPEC', 'Overture Maps']","[{'source': 'opec', 'lat': 13.9694066, 'lon': 100.5274773, 'distance_m': 10, 'label': 'OPEC', 'anchor_m': 1664}, {'source': 'overture', 'lat': 13.9907193, 'lon': 100.5274806, 'distance_m': 2365, 'label': 'Global Indian International School Thailand', 'score': 3, 'anchor_m': 3934, 'keys': ['domain', 'name'], 'confidence': 0.936, 'overture_id': '62c4de87-f865-46ea-8b43-e95e9b973faa', 'category': 'place_of_learning'}, {'source': 'overture', 'lat': 13.9694513, 'lon': 100.5274007, 'distance_m': 0, 'label': 'Global Indian International School', 'score': 3, 'anchor_m': 1672, 'keys': ['name'], 'confidence': 0.718, 'overture_id': 'aa7f1619-a850-48fd-987c-97b9bdd452c4', 'category': 'place_of_learning'}, {'source': 'arcgis_poi', 'distance_m': 204, 'label': 'Global Indian International School', 'score': 3, 'anchor_m': 1628}, {'source': 'arcgis_address', 'distance_m': 437, 'label': 'PointAddress: 1 ซอยวัดชินวราราม ตำบลบางขะแยง อำเภอเมืองปทุมธานี จังหวัดปทุมธานี 12000', 'anchor_m': 1289}]","{'level': 'tambon', 'label': 'ตำบลบางขะแยง อำเภอเมืองปทุมธานี จังหวัดปทุมธานี'}",consensus-v2,True,high,True,Global Indian International School,False,2007,[]
159,1113700004,ไทยอินเตอร์เนชั่นแนลสกูล,THAI INTERNATIONAL SCHOOL,ปทุมธานี,เมืองปทุมธานี,บ้านกลาง,456 หมู่ 5 ถนน รังสิต-ปทุมธานี ต.บ้านกลาง อ.เมืองปทุมธานี จ.ปทุมธานี 12000,,Not Checked,,,,,,14.0235935,100.5418392,"ยืนยันตรงกันหลายแหล่ง: OPEC, กรมการปกครอง (ทุกแหล่งห่างจากจุดนี้ไม่เกิน 74 ม.)",Exact,https://school.opec.go.th/school/1113700004,"['ก่อนอนุบาล', 'อนุบาล', 'ประถมศึกษา']",ก่อนอนุบาล - ประถมศึกษา,75,24,"['หลักสูตรที่จัดทำขึ้นโดยใช้ Common Core State Standards, Next Generation Science Standards']",นางมัลลิการ์ ธรรมวัฒนะ,,,ไม่รับเงินอุดหนุน,,,,,,,,https://pedb.opec.go.th/web/SchoolPdc.htm?mode=showPicture&t=1&id=19364,,,,,2026-09-14 01:07:45,2026-09-29 18:07:04,14.024008,100.5423702,"['OPEC', 'กรมการปกครอง']","[{'source': 'opec', 'lat': 14.024008, 'lon': 100.5423702, 'distance_m': 74, 'label': 'OPEC', 'anchor_m': 2250}, {'source': 'dopa', 'lat': 14.0235935, 'lon': 100.5418392, 'distance_m': 0, 'label': 'โรงเรียนไทยอินเตอร์เนชั่นแนลสกูล', 'score': 3, 'anchor_m': 2206}]","{'level': 'tambon', 'label': 'ตำบลบ้านกลาง อำเภอเมืองปทุมธานี จังหวัดปทุมธานี'}",consensus-v2,True,high,True,Thai International School,False,2017,"['ONESQA', 'ACS WASC']"
160,1113700005,นานาชาติเคไอเอสเรนวูดปาร์ค,KIS International School Reignwood Park,ปทุมธานี,ลำลูกกา,ลำไทร,888/99 หมู่ 8 ต.ลำไทร อ.ลำลูกกา จ.ปทุมธานี 12150,,Not Checked,,,,,,13.9593104,100.8488897,"ยืนยันตรงกันหลายแหล่ง: ArcGIS POI, Overture Maps (ทุกแหล่งห่างจากจุดนี้ไม่เกิน 139 ม.)",Exact,https://school.opec.go.th/school/1113700005,"['ก่อนอนุบาล', 'อนุบาล', 'ประถมศึกษา', 'มัธยมศึกษาตอนต้น', 'มัธยมศึกษาตอนปลาย']",ก่อนอนุบาล - มัธยมศึกษาตอนปลาย,247,44,"['The Early Years Foundation Stage', 'Diploma Programme (DP)', 'International Baccalaureate (IB) Middle Years Programme (MYP)', 'Primary Year Programe (PYP)', 'หลักสูตรประกาศนียบัตรขั้นพื้นฐานของโรงเรียน KIS Reignwood Park International School']",,,นายพริษฐ์ รักตพงศ์ไพศาล,ไม่รับเงินอุดหนุน,,,,,,,,https://pedb.opec.go.th/web/SchoolPdc.htm?mode=showPicture&t=1&id=25437,,,,,2026-09-14 01:07:46,2026-09-29 18:07:04,,,"['ArcGIS POI', 'Overture Maps']","[{'source': 'overture', 'lat': 13.9593104, 'lon': 100.8488897, 'distance_m': 0, 'label': 'KIS International School Reignwood Park', 'score': 3, 'anchor_m': 971, 'keys': ['name'], 'confidence': 0.932, 'overture_id': '609176c3-8ca0-42f0-bdca-7b565d7c3271', 'category': 'place_of_learning'}, {'source': 'arcgis_poi', 'distance_m': 139, 'label': 'Kis International School Reignwood Park', 'score': 3, 'anchor_m': 863}]","{'level': 'tambon', 'label': 'ตำบลลำไทร อำเภอลำลูกกา จังหวัดปทุมธานี'}",consensus-v2,True,high,True,KIS International School Reignwood Park,True,2024,[]
161,1116700001,นานาชาติเครสท์วิว,Crestview International School,ลพบุรี,เมืองลพบุรี,พรหมมาสตร์,110 หมู่ 1 ซอย - ถนน - ต.พรหมมาสตร์ อ.เมืองลพบุรี จ.ลพบุรี 15000,,Not Checked,,,,,,14.7993718,100.6053763,"ยืนยันตรงกันหลายแหล่ง: ArcGIS POI, Overture Maps (ทุกแหล่งห่างจากจุดนี้ไม่เกิน 27 ม.)",Exact,https://school.opec.go.th/school/1116700001,"['ก่อนอนุบาล', 'อนุบาล', 'ประถมศึกษา']",ก่อนอนุบาล - ประถมศึกษา,92,15,"['Carson - Dellosa American Curriculum PRESCHOOL', 'International Preschool Curriculum (IPC)']",,,,ไม่รับเงินอุดหนุน,,,,,,,,https://pedb.opec.go.th/web/SchoolPdc.htm?mode=showPicture&t=1&id=24426,,,,,2026-09-14 01:07:46,2026-09-29 18:07:04,14.145859374807095,100.61068339915663,"['ArcGIS POI', 'Overture Maps']","[{'source': 'overture', 'lat': 14.7993718, 'lon': 100.6053763, 'distance_m': 0, 'label': 'Crestview International School', 'score': 3, 'anchor_m': 455, 'keys': ['domain', 'name'], 'confidence': 0.987, 'overture_id': '344677a0-94fc-4f41-b4d5-03db8fa8808c', 'category': 'place_of_learning'}, {'source': 'arcgis_poi', 'distance_m': 27, 'label': 'Crestview International School', 'score': 3, 'anchor_m': 477}]","{'level': 'tambon', 'label': 'ตำบลพรหมมาสตร์ อำเภอเมืองลพบุรี จังหวัดลพบุรี'}",consensus-v2,True,high,True,Crestview International School,False,2020,[]
162,1118700001,คริสเตียนมโนรมย์นานาชาติ,Manorom International Chiristian School,ชัยนาท,มโนรมย์,คุ้งสำเภา,164 หมู่ที่ 3 ถนน มโนรมย์ - อุทัยธานี ต.คุ้งสำเภา อ.มโนรมย์ จ.ชัยนาท 17110,,Not Checked,,,,,,15.2997704,100.0924895,"ยืนยันตรงกันหลายแหล่ง: OPEC, Overture Maps, กรมการปกครอง (ทุกแหล่งห่างจากจุดนี้ไม่เกิน 71 ม.)",Exact,https://school.opec.go.th/school/1118700001,"['อนุบาล', 'ประถมศึกษา', 'มัธยมศึกษาตอนต้น', 'มัธยมศึกษาตอนปลาย']",อนุบาล - มัธยมศึกษาตอนปลาย,137,23,"['หลักสูตรสหรัฐอเมริกัน', 'A.C.E. (Accelerated Christian Education)']",นายวีระ  พงศ์รุจิกร,นางวิไล  พงศ์รุจิกร,นางสาวสิริกานต์  พลึก,ไม่รับเงินอุดหนุน,,,,,,,,https://pedb.opec.go.th/web/SchoolPdc.htm?mode=showPicture&t=1&id=16940,,,,,2026-09-14 01:07:47,2026-09-29 18:07:04,15.299576,100.09311560000003,"['OPEC', 'Overture Maps', 'กรมการปกครอง']","[{'source': 'opec', 'lat': 15.299576, 'lon': 100.0931156, 'distance_m': 71, 'label': 'OPEC', 'anchor_m': 1687}, {'source': 'overture', 'lat': 15.2997704, 'lon': 100.0924895, 'distance_m': 0, 'label': 'โรงเรียนคริสเตียนมโนรมย์นานาชาติ', 'score': 3, 'anchor_m': 1624, 'keys': ['name'], 'confidence': 0.695, 'overture_id': 'f44bb027-0782-469d-b692-fedb475a2616', 'category': 'elementary_school'}, {'source': 'overture', 'lat': 15.30312, 'lon': 100.08744, 'distance_m': 657, 'label': 'Manorom International Christian School - MICS', 'score': 0, 'anchor_m': 989, 'keys': ['domain'], 'confidence': 0.713, 'overture_id': '760d8fa5-0142-4d49-9ace-55b2fd159180', 'category': 'place_of_learning'}, {'source': 'dopa', 'lat': 15.2996038, 'lon': 100.0931244, 'distance_m': 71, 'label': 'โรงเรียนคริสเตียนมโนรมย์นานาชาติ', 'score': 3, 'anchor_m': 1685}]","{'level': 'tambon', 'label': 'ตำบลคุ้งสำเภา อำเภอมโนรมย์ จังหวัดชัยนาท'}",consensus-v2,True,high,True,Manorom International Christian School,False,2014,"['ONESQA', 'AI']"
163,1119700001,นานาชาติแคลิฟอร์เนีย เพรพ,California Prep International School,สระบุรี,แก่งคอย,บ้านป่า,9 หมู่ 11 ถนน มิตรภาพ ต.บ้านป่า อ.แก่งคอย จ.สระบุรี 18110,,Not Checked,,,,,,14.5863969,101.0192494,"ยืนยันตรงกันหลายแหล่ง: ArcGIS POI, OPEC, Overture Maps, กรมการปกครอง (ทุกแหล่งห่างจากจุดนี้ไม่เกิน 23 ม.)",Exact,https://school.opec.go.th/school/1119700001,"['อนุบาล', 'ประถมศึกษา', 'มัธยมศึกษาตอนต้น', 'มัธยมศึกษาตอนปลาย']",อนุบาล - มัธยมศึกษาตอนปลาย,276,43,"['หลักสูตรประเทศอังกฤษ', 'California Curriculum ของ California Department of Education']",นายภักดี มั่งมีวัฒนา,นายภักดี มั่งมีวัฒนา,นางสาวหนึ่งนลิน ตาวิณโณ,ไม่รับเงินอุดหนุน,,,,,,,,https://pedb.opec.go.th/web/SchoolPdc.htm?mode=showPicture&t=1&id=6147,,,,,2026-09-14 01:07:47,2026-09-29 18:07:04,14.586293,101.019276,"['ArcGIS POI', 'OPEC', 'Overture Maps', 'กรมการปกครอง']","[{'source': 'opec', 'lat': 14.586293, 'lon': 101.019276, 'distance_m': 12, 'label': 'OPEC', 'anchor_m': 2506}, {'source': 'overture', 'lat': 14.5863969, 'lon': 101.0192494, 'distance_m': 0, 'label': 'California Prep International School', 'score': 4, 'anchor_m': 2494, 'keys': ['domain', 'name'], 'confidence': 0.979, 'overture_id': 'cef00a4c-2c4a-4a33-9ce0-4a91da5ed687', 'category': 'place_of_learning'}, {'source': 'dopa', 'lat': 14.586398, 'lon': 101.019332, 'distance_m': 9, 'label': 'โรงเรียนนานาชาติแคลิฟอร์เนีย เพรพ', 'score': 3, 'anchor_m': 2496}, {'source': 'arcgis_poi', 'distance_m': 23, 'label': 'California Prep International School', 'score': 4, 'anchor_m': 2511}, {'source': 'arcgis_address', 'distance_m': 2223, 'label': 'PointAddress: 9 ถนนมิตรภาพ ตำบลแก่งคอย อำเภอแก่งคอย จังหวัดสระบุรี 18110', 'anchor_m': 3579}]","{'level': 'tambon', 'label': 'ตำบลบ้านป่า อำเภอแก่งคอย จังหวัดสระบุรี'}",consensus-v2,True,high,True,California Prep International School,True,2011,"['ONESQA', 'ACS WASC']"
164,1119700002,นานาชาติเซนต์จอห์นแมรี,SAINT JOHN MARY INTERNATIONAL SCHOOL,สระบุรี,เมืองสระบุรี,หนองยาว,131 ถนน พหลโยธิน ต.หนองยาว อ.เมืองสระบุรี จ.สระบุรี 18000,,Not Checked,,,,,,14.4641899,100.9095834,"ยืนยันตรงกันหลายแหล่ง: ArcGIS POI, OPEC, OpenStreetMap, Overture Maps (ทุกแหล่งห่างจากจุดนี้ไม่เกิน 266 ม.)",Exact,https://school.opec.go.th/school/1119700002,"['อนุบาล', 'ประถมศึกษา', 'มัธยมศึกษาตอนต้น', 'มัธยมศึกษาตอนปลาย']",อนุบาล - มัธยมศึกษาตอนปลาย,509,56,"['หลักสูตรสหรัฐอเมริกัน', 'Californian Common Core']",,ดร.ปุณณรัตน์ ชินะผา,ดร.ปุณณรัตน์ ชินะผา,ไม่รับเงินอุดหนุน,,,,,,,,https://pedb.opec.go.th/web/SchoolPdc.htm?mode=showPicture&t=1&id=6165,,,,,2026-09-14 01:07:48,2026-09-29 18:07:04,14.464811,100.9071964,"['ArcGIS POI', 'OPEC', 'OpenStreetMap', 'Overture Maps']","[{'source': 'opec', 'lat': 14.464811, 'lon': 100.9071964, 'distance_m': 266, 'label': 'OPEC', 'anchor_m': 242}, {'source': 'osm', 'lat': 14.4641899, 'lon': 100.9095834, 'distance_m': 0, 'label': 'โรงเรียนนานาชาติเซนต์จอห์นแมรี / Saint John Mary International School', 'score': 5, 'osm_id': 'w386503104', 'anchor_m': 508}, {'source': 'overture', 'lat': 14.4650287, 'lon': 100.9075748, 'distance_m': 236, 'label': 'Saint John Mary International School', 'score': 5, 'anchor_m': 277, 'keys': ['domain', 'name'], 'confidence': 0.984, 'overture_id': '66c29d2d-c211-4a06-92a3-b830a61f08f8', 'category': 'place_of_learning'}, {'source': 'overture', 'lat': 14.5267239, 'lon': 100.9110403, 'distance_m': 6955, 'label': 'Phoem Witthaya School', 'score': 0, 'anchor_m': 6847, 'keys': ['domain'], 'confidence': 0.934, 'overture_id': 'f1cd0c0a-d89c-4634-80e7-018829de8c89', 'category': 'place_of_learning'}, {'source': 'arcgis_poi', 'distance_m': 193, 'label': 'Saint John Mary International School', 'score': 5, 'anchor_m': 327}]","{'level': 'tambon', 'label': 'ตำบลหนองยาว อำเภอเมืองสระบุรี จังหวัดสระบุรี'}",consensus-v2,True,high,True,Saint John Mary International School,True,2004,"['ONESQA', 'ACS WASC']"
165,1119700003,นานาชาติ จอห์น ไวแอท มอนเตสซอรี,John Wyatt Montessori International School,สระบุรี,หนองโดน,หนองโดน,388 หมู่ 1 ต.หนองโดน อ.หนองโดน จ.สระบุรี 18190,,Not Checked,,,,,,14.6850299,100.7081026,"ยืนยันตรงกันหลายแหล่ง: ArcGIS POI, OPEC, Overture Maps (ทุกแหล่งห่างจากจุดนี้ไม่เกิน 19 ม.)",Exact,https://school.opec.go.th/school/1119700003,"['ก่อนอนุบาล', 'อนุบาล', 'ประถมศึกษา', 'มัธยมศึกษาตอนต้น', 'มัธยมศึกษาตอนปลาย']",ก่อนอนุบาล - มัธยมศึกษาตอนปลาย,11,4,['Modern Montessori International Preschool MMIP (London)'],,,,ไม่รับเงินอุดหนุน,,,,,,,,https://pedb.opec.go.th/web/SchoolPdc.htm?mode=showPicture&t=1&id=17020,,,,,2026-09-14 01:07:47,2026-09-29 18:07:04,14.68501,100.708129,"['ArcGIS POI', 'OPEC', 'Overture Maps']","[{'source': 'opec', 'lat': 14.68501, 'lon': 100.708129, 'distance_m': 4, 'label': 'OPEC', 'anchor_m': 472}, {'source': 'overture', 'lat': 14.6850299, 'lon': 100.7081026, 'distance_m': 0, 'label': 'John Wyatt Montessori International School', 'score': 4, 'anchor_m': 475, 'keys': ['name'], 'confidence': 0.911, 'overture_id': 'c904a18c-ec19-4fa4-9bbb-d1db93ecc5a2', 'category': 'place_of_learning'}, {'source': 'arcgis_poi', 'distance_m': 19, 'label': 'John Wyatt Montessori International School', 'score': 4, 'anchor_m': 455}]","{'level': 'tambon', 'label': 'ตำบลหนองโดน อำเภอหนองโดน จังหวัดสระบุรี'}",consensus-v2,True,high,,,,,
166,1119700004,นานาชาติแอ๊ดเวนติสมิชชัน,Adventist International Mission School,สระบุรี,มวกเหล็ก,มวกเหล็ก,195 หมู่ 3 ต.มวกเหล็ก อ.มวกเหล็ก จ.สระบุรี 18180,,Not Checked,,,,,,14.6773509,101.1808847,"ยืนยันตรงกันหลายแหล่ง: ArcGIS POI, OpenStreetMap, Overture Maps, กรมการปกครอง (ทุกแหล่งห่างจากจุดนี้ไม่เกิน 38 ม.)",Exact,https://school.opec.go.th/school/1119700004,"['ก่อนอนุบาล', 'อนุบาล', 'ประถมศึกษา', 'มัธยมศึกษาตอนต้น', 'มัธยมศึกษาตอนปลาย']",ก่อนอนุบาล - มัธยมศึกษาตอนปลาย,356,70,"['หลักสูตรสหรัฐอเมริกัน', 'สหรัฐอเมริกา']",,นางเจลจิรา จรูญแสง,นายวีระศักดิ์ ฤทธิไตรภพ,ไม่รับเงินอุดหนุน,,,,,,,,https://pedb.opec.go.th/web/SchoolPdc.htm?mode=showPicture&t=1&id=6117,,,,,2026-09-14 01:07:49,2026-09-29 18:07:04,14.9314315,102.0256221,"['ArcGIS POI', 'OpenStreetMap', 'Overture Maps', 'กรมการปกครอง']","[{'source': 'osm', 'lat': 14.6773509, 'lon': 101.1808847, 'distance_m': 0, 'label': 'Adventist International Mission School / AIMS', 'score': 4, 'osm_id': 'w1104546871', 'anchor_m': 3032}, {'source': 'overture', 'lat': 14.6771778, 'lon': 101.1805851, 'distance_m': 38, 'label': 'Adventist International Mission School', 'score': 4, 'anchor_m': 3038, 'keys': ['domain', 'name'], 'confidence': 0.968, 'overture_id': 'f6ee3abc-c2cb-4c48-91a2-9d3798572c7c', 'category': 'place_of_learning'}, {'source': 'dopa', 'lat': 14.6774649, 'lon': 101.1805589, 'distance_m': 37, 'label': 'Adventist International Mission School', 'score': 4, 'anchor_m': 3064}, {'source': 'arcgis_poi', 'distance_m': 24, 'label': 'Adventist Mission International School', 'score': 4, 'anchor_m': 3041}, {'source': 'arcgis_poi', 'distance_m': 35, 'label': 'Adventist International Mission School', 'score': 4, 'anchor_m': 3050}, {'source': 'arcgis_address', 'distance_m': 10529, 'label': 'PointAddress: 195 หมู่ 3 ตำบลมิตรภาพ อำเภอมวกเหล็ก จังหวัดสระบุรี 18180', 'anchor_m': 7974}]","{'level': 'tambon', 'label': 'ตำบลมวกเหล็ก อำเภอมวกเหล็ก จังหวัดสระบุรี'}",consensus-v2,True,high,True,Adventist International Mission School,False,2002,['ACS WASC']
167,1120700001,นานาชาติธาราพัฒนา,Tara Pattana International School,ชลบุรี,บางละมุง,หนองปรือ,88 หมู่ 13 ต.หนองปรือ อ.บางละมุง จ.ชลบุรี 20150,https://www.tpis.ac.th,OPEC Profile,https://www.tpis.ac.th,https://www.facebook.com/tpispattaya,038224511,0633834222,,12.9065222,100.9243898,"ยืนยันตรงกันหลายแหล่ง: ArcGIS POI, OPEC, OpenStreetMap, Overture Maps, กรมการปกครอง (ทุกแหล่งห่างจากจุดนี้ไม่เกิน 225 ม.)",Exact,https://school.opec.go.th/school/1120700001,"['ก่อนอนุบาล', 'อนุบาล', 'ประถมศึกษา', 'มัธยมศึกษาตอนต้น', 'มัธยมศึกษาตอนปลาย']",ก่อนอนุบาล - มัธยมศึกษาตอนปลาย,331,52,['British National Curriculum'],นางสุธินี    ศรีพธูราษฎร์,นางสุพรรณี ดิคซอน-สมิธ,นางสุพรรณี ดิคซอน-สมิธ,ไม่รับเงินอุดหนุน,ที่ TPIS เราเชื่อว่านักเรียนทุกคนมีสิทธิ์เข้าถึงหลักสูตรที่กว้างขวางและสมดุล ซึ่งอุดมไปด้วยความรู้และมีแนวทางที่ครอบคลุม,ความคาดหวังสูงสุดในการสอนและการเรียนรู้ที่สร้างแรงบันดาลใจให้นักเรียนบรรลุศักยภาพที่ดีที่สุดในแบบของตนด้วยความเอาใจใส่ของชุมชนนานาชาติ,โรงเรียนมีความมุ่งมั่นในการจัดการเรียนรู้เพื่อเสริมสร้างแรงบันดาลใจให้แก่นักเรียนในการค้นพบ ศักยภาพที่แท้จริงแล้วนํามาใช้ให้เกิดประโยชน์สูงสุดในการดํารงชีวิต,“Expect the best : มุ่งมั่นให้ดีที่สุด”,นักเรียนทุกคนของโรงเรียนนานาชาติธาราพัฒนาจะต้องมีความรู้ความสามารถ ในด้านวิชาการทุกสาขาวิชา รู้จักการใช้การตั้งคําถามตามความสําคัญเพื่อนําไปสู่การแก้ปัญหาอย่างมีเป้าหมาย โดยสามารถใช้เหตุและผลรวมถึงความอิสระในการคิดวิเคราะห์ในแง่มุมที่แตกต่างกัน,อัตลักษณ์ส่วนบุคคล แผนการจัดการเรียนการสอนและจัดการบ้านโดยคํานึงถึงความแตกต่างกันระหว่าง บุคคลเพื่อตอบสนองความต้องการของแต่ละบุคคลอย่างมีขอบเขตให้แก่นักเรียนตามหลักวิชาการและบรรลุเป้าหมายตามหลักสูตร อัตลักษณ์ท้องถิ่น ภาษาไทยยังเป็นปัจจัยที่สําคัญของห,Expect the best : มุ่งมั่นให้ดีที่สุด,https://pedb.opec.go.th/web/SchoolPdc.htm?mode=showPicture&t=1&id=6403,@tarapattana,@tpis_pattaya,,,2026-09-14 01:07:48,2026-09-29 18:07:04,12.9070517,100.92364829999997,"['ArcGIS POI', 'OPEC', 'OpenStreetMap', 'Overture Maps', 'กรมการปกครอง']","[{'source': 'opec', 'lat': 12.9070517, 'lon': 100.9236483, 'distance_m': 100, 'label': 'OPEC', 'anchor_m': 2323}, {'source': 'osm', 'lat': 12.9065222, 'lon': 100.9243898, 'distance_m': 0, 'label': 'Tara Pattana International School', 'score': 4, 'osm_id': 'w259178198', 'anchor_m': 2319}, {'source': 'overture', 'lat': 12.9068634, 'lon': 100.9239459, 'distance_m': 61, 'label': 'Tara Pattana International School', 'score': 4, 'anchor_m': 2319, 'keys': ['domain', 'name', 'phone'], 'confidence': 0.992, 'overture_id': '8ef0a003-68b7-4e35-8b06-8665ef7c2b7e', 'category': 'place_of_learning'}, {'source': 'overture', 'lat': 12.90853, 'lon': 100.924141, 'distance_m': 225, 'label': 'Big C Mini โรงเรียน นานาชาติ ธาราพัฒนา', 'score': 3, 'anchor_m': 2164, 'keys': ['name'], 'confidence': 0.8, 'overture_id': '242e85e4-2063-43b9-b949-c0f070638a7e', 'category': 'convenience_store'}, {'source': 'dopa', 'lat': 12.9067301, 'lon': 100.9230374, 'distance_m': 148, 'label': 'โรงเรียนนานาชาติ ธาราพัฒนา', 'score': 3, 'anchor_m': 2394}, {'source': 'arcgis_poi', 'distance_m': 60, 'label': 'Tara Pattana International School', 'score': 4, 'anchor_m': 2362}, {'source': 'arcgis_poi', 'distance_m': 115, 'label': 'Tara Pattana International School', 'score': 4, 'anchor_m': 2312}]","{'level': 'tambon', 'label': 'ตำบลหนองปรือ อำเภอบางละมุง จังหวัดชลบุรี'}",consensus-v2,True,high,True,Tara Pattana International School,False,2011,"['ONESQA', 'EDT']"
168,1120700002,นานาชาติรีเจ้นท์ พัทยา,Regents International School Pattaya,ชลบุรี,บางละมุง,โป่ง,33/3 หมู่ 1 ถนน บายพาส 36 ต.โป่ง อ.บางละมุง จ.ชลบุรี 20150,,Not Checked,,,,,,12.9673259,100.9735047,"ยืนยันตรงกันหลายแหล่ง: ArcGIS POI, OPEC, OpenStreetMap, Overture Maps, กรมการปกครอง (ทุกแหล่งห่างจากจุดนี้ไม่เกิน 239 ม.)",Exact,https://school.opec.go.th/school/1120700002,"['ก่อนอนุบาล', 'อนุบาล', 'ประถมศึกษา', 'มัธยมศึกษาตอนต้น', 'มัธยมศึกษาตอนปลาย']",ก่อนอนุบาล - มัธยมศึกษาตอนปลาย,1090,90,"['Cambridge A level และ Pearson Edexcel', 'Cambridge IGCSE', 'Early years foundation stage statutory framework', 'International Baccalaureate Diploma Programme (IBDP)', 'International Primary Curriculum (IPC)', 'Peason Edexcel International GCSEs', 'The English National Curriculum', 'The national Curriculum in England']",นายวีระชัย  เตชะวิจิตร์,นายวีระชัย  เตชะวิจิตร์,นายวีระชัย  เตชะวิจิตร์,ไม่รับเงินอุดหนุน,,,,,,,,https://pedb.opec.go.th/web/SchoolPdc.htm?mode=showPicture&t=1&id=6458,,,,,2026-09-14 01:07:47,2026-09-29 18:07:04,12.968673,100.97337900000002,"['ArcGIS POI', 'OPEC', 'OpenStreetMap', 'Overture Maps', 'กรมการปกครอง']","[{'source': 'opec', 'lat': 12.968673, 'lon': 100.973379, 'distance_m': 150, 'label': 'OPEC', 'anchor_m': 2285}, {'source': 'osm', 'lat': 12.9673259, 'lon': 100.9735047, 'distance_m': 0, 'label': ""Regent's School"", 'score': 3, 'osm_id': 'w226667014', 'anchor_m': 2135}, {'source': 'overture', 'lat': 12.9689466, 'lon': 100.9739584, 'distance_m': 187, 'label': 'Regents International School Pattaya', 'score': 3, 'anchor_m': 2312, 'keys': ['name'], 'confidence': 0.999, 'overture_id': '8fe77438-1a77-46f1-94ba-b1c150324cc0', 'category': 'place_of_learning'}, {'source': 'overture', 'lat': 12.9653573, 'lon': 100.9726264, 'distance_m': 239, 'label': 'โรงเรียนนานาชาติ รีเจ้นท์พัทยา', 'score': 3, 'anchor_m': 1926, 'keys': ['name'], 'confidence': 0.733, 'overture_id': '54a247b5-ea60-42bd-8337-2fd970ac47f2', 'category': 'place_of_learning'}, {'source': 'dopa', 'lat': 12.969123, 'lon': 100.97395, 'distance_m': 206, 'label': 'โรงเรียนนานาชาติรีเจ้นท์ พัทยา', 'score': 3, 'anchor_m': 2331}, {'source': 'arcgis_poi', 'distance_m': 178, 'label': 'Regents International School Pattaya', 'score': 3, 'anchor_m': 2306}, {'source': 'arcgis_poi', 'distance_m': 95, 'label': ""The Regent's International School"", 'score': 3, 'anchor_m': 2045}, {'source': 'arcgis_address', 'distance_m': 1150, 'label': 'PointAddress: 3/6 หมู่ 1 ตำบลโป่ง อำเภอบางละมุง จังหวัดชลบุรี 20150', 'anchor_m': 1833}, {'source': 'website', 'lat': 12.96867, 'lon': 100.97338, 'distance_m': 150, 'label': 'https://www.nordangliaeducation.com/risp-pattaya', 'pin': 'place', 'origin': 'school', 'anchor_m': 2285, 'copy': True}]","{'level': 'tambon', 'label': 'ตำบลโป่ง อำเภอบางละมุง จังหวัดชลบุรี'}",consensus-v2,True,high,True,Regents International School Pattaya,True,1995,[]
169,1120700003,นานาชาติภาคตะวันออก,INTERNATIONAL SCHOOL EASTERN SEABOARD,ชลบุรี,ศรีราชา,บ่อวิน,282 ต.บ่อวิน อ.ศรีราชา จ.ชลบุรี 20230,,Not Checked,,,,,,13.0397805,101.0473458,OPEC ยังไม่มีแหล่งอื่นยืนยัน (พิกัดประมาณการ),Approximate,https://school.opec.go.th/school/1120700003,"['อนุบาล', 'ประถมศึกษา', 'มัธยมศึกษาตอนต้น', 'มัธยมศึกษาตอนปลาย']",อนุบาล - มัธยมศึกษาตอนปลาย,152,21,"['หลักสูตรประเทศอังกฤษ', 'American Curriculum', 'IB / International Baccalaureate Programme', 'หลักสูตรอเมริกัน']",,หม่อมหลวงภาว์รัตน์  จารุจินดา,นางสาวจิตรา มนูญวงศ์,ไม่รับเงินอุดหนุน,,,,,,,,https://pedb.opec.go.th/web/SchoolPdc.htm?mode=showPicture&t=1&id=6459,,,,,2026-09-14 01:07:47,2026-09-29 18:07:04,13.0397805,101.04734580000002,[],"[{'source': 'opec', 'lat': 13.0397805, 'lon': 101.0473458, 'distance_m': 0, 'label': 'OPEC', 'anchor_m': 5839}]","{'level': 'tambon', 'label': 'ตำบลบ่อวิน อำเภอศรีราชา จังหวัดชลบุรี'}",consensus-v2,False,low,True,International School Eastern Seaboard,False,1994,"['ONESQA', 'ACS WASC']"
170,1120700004,สมาคมไทย-ญี่ปุ่น ศรีราชา,Thai Japanese Association School Sriracha,ชลบุรี,ศรีราชา,สุรศักดิ์,312/10 หมู่ 5 ต.สุรศักดิ์ อ.ศรีราชา จ.ชลบุรี 20110,,Not Checked,,,,,,13.161233,100.9866072,"ยืนยันตรงกันหลายแหล่ง: ArcGIS POI, OPEC, OpenStreetMap, Overture Maps, กรมการปกครอง (ทุกแหล่งห่างจากจุดนี้ไม่เกิน 180 ม.)",Exact,https://school.opec.go.th/school/1120700004,"['ประถมศึกษา', 'มัธยมศึกษาตอนต้น']",ประถมศึกษา - มัธยมศึกษาตอนต้น,401,43,['หลักสูตรแกนกลางของประเทศญี่ปุ่น'],นางผาสุข  ประกาศสุขการ,,นางสาวนิอร  อกนิษฐ์พรหม,ไม่รับเงินอุดหนุน,,,,,,,,https://pedb.opec.go.th/web/SchoolPdc.htm?mode=showPicture&t=1&id=6581,,,,,2026-09-14 01:07:48,2026-09-29 18:07:04,13.161539,100.98664499999995,"['ArcGIS POI', 'OPEC', 'OpenStreetMap', 'Overture Maps', 'กรมการปกครอง']","[{'source': 'opec', 'lat': 13.161539, 'lon': 100.986645, 'distance_m': 34, 'label': 'OPEC', 'anchor_m': 4799}, {'source': 'osm', 'lat': 13.161233, 'lon': 100.9866072, 'distance_m': 0, 'label': 'โรงเรียนสมาคมไทย-ญี่ปุ่นศรีราชา / Thai Japanese Association School Sriracha', 'score': 3, 'osm_id': 'w715592708', 'anchor_m': 4804}, {'source': 'overture', 'lat': 13.1614611, 'lon': 100.9849645, 'distance_m': 180, 'label': 'โรงเรียนสมาคมไทย ญี่ปุ่น ศรีราชา', 'score': 3, 'anchor_m': 4625, 'keys': ['name'], 'confidence': 0.834, 'overture_id': '1a60c566-ec76-46ce-815a-27737d5ed92d', 'category': 'place_of_learning'}, {'source': 'overture', 'lat': 13.3736292, 'lon': 100.9916404, 'distance_m': 23624, 'label': 'Kulsirisart School', 'score': 0, 'anchor_m': 23006, 'keys': ['domain'], 'confidence': 0.989, 'overture_id': '77a6e50c-7d50-4f2b-bd55-a65f310ec561', 'category': 'place_of_learning'}, {'source': 'overture', 'lat': 13.1612295, 'lon': 100.9320656, 'distance_m': 5905, 'label': 'โรงเรียนสอนดนตรีคีตะศิลป์', 'score': 0, 'anchor_m': 1740, 'keys': ['domain'], 'confidence': 0.988, 'overture_id': 'ad4324d6-6c61-4340-b1e8-431f17096231', 'category': 'specialty_school'}, {'source': 'overture', 'lat': 12.9758503, 'lon': 100.9087157, 'distance_m': 22273, 'label': 'โรงเรียนอนุบาลบุญพึ่ง', 'score': 0, 'anchor_m': 22145, 'keys': ['domain'], 'confidence': 0.986, 'overture_id': '9c199b3f-a5cf-408f-ad2c-eba02799f248', 'category': 'place_of_learning'}, {'source': 'overture', 'lat': 13.4744702, 'lon': 101.0071228, 'distance_m': 34901, 'label': 'โรงเรียนคลองพานทอง', 'score': 0, 'anchor_m': 34319, 'keys': ['domain'], 'confidence': 0.977, 'overture_id': '560a15ea-3f7d-4cf5-87da-ada6de91d18a', 'category': 'place_of_learning'}, {'source': 'dopa', 'lat': 13.1620495, 'lon': 100.9870738, 'distance_m': 104, 'label': 'โรงเรียนสมาคมไทย-ญี่ปุ่น ศรีราชา', 'score': 3, 'anchor_m': 4831}, {'source': 'arcgis_poi', 'distance_m': 62, 'label': 'Thai-Japanese Association School Si Racha', 'score': 3, 'anchor_m': 4771}]","{'level': 'tambon', 'label': 'ตำบลสุรศักดิ์ อำเภอศรีราชา จังหวัดชลบุรี'}",consensus-v2,True,high,True,Thai - Japanese Association School Sriracha,False,2009,"['ONESQA', 'Ministry of Education', 'Culture', 'Sports', 'Science and Technology JAPAN']"
171,1120700005,นานาชาติมูลตรีภักดี,Mooltripakdee International School,ชลบุรี,บางละมุง,หนองปรือ,77 หมู่ 3 ถนน ถนนชัยพรวิถี 25 ต.หนองปรือ อ.บางละมุง จ.ชลบุรี,,Not Checked,,,,,,12.9483224,100.9495444,"ยืนยันตรงกันหลายแหล่ง: OPEC, Overture Maps (ทุกแหล่งห่างจากจุดนี้ไม่เกิน 62 ม.)",Exact,https://school.opec.go.th/school/1120700005,"['ก่อนอนุบาล', 'อนุบาล', 'ประถมศึกษา', 'มัธยมศึกษาตอนต้น', 'มัธยมศึกษาตอนปลาย']",ก่อนอนุบาล - มัธยมศึกษาตอนปลาย,1019,161,"['Early Years Foundation Stage (EYFS)', 'The national Curriculum in England', 'The National Curriculum of England (Key Stage 3)', 'หลักสูตรแคมบริดจ์ระดับมัธยมศึกษาตอนปลาย (IGCSE)', 'หลักสูตรแคมบริดจ์ระดับสูง (AS & A Level)']",นางสาววิราวรรณ มูลตรีภักดี,นางสันทยา ศุภกระนสาร,นางกรรณิการ์ คุ้มไพโรจน์,ไม่รับเงินอุดหนุน,,,,,,,,https://pedb.opec.go.th/web/SchoolPdc.htm?mode=showPicture&t=1&id=16623,,,,,2026-09-14 01:07:48,2026-09-29 18:07:04,12.9478254,100.94979639999997,"['OPEC', 'Overture Maps']","[{'source': 'opec', 'lat': 12.9478254, 'lon': 100.9497964, 'distance_m': 62, 'label': 'OPEC', 'anchor_m': 3065}, {'source': 'overture', 'lat': 12.9483224, 'lon': 100.9495444, 'distance_m': 0, 'label': 'Mooltripakdee International School', 'score': 3, 'anchor_m': 3103, 'keys': ['domain', 'name'], 'confidence': 0.986, 'overture_id': '0aa97d0a-dcfe-4e46-8db2-151c82c3fd00', 'category': 'elementary_school'}]","{'level': 'tambon', 'label': 'ตำบลหนองปรือ อำเภอบางละมุง จังหวัดชลบุรี'}",consensus-v2,True,high,True,Mooltripakdee International School,False,,['EDT']
172,1120700007,อนุบาลนานาชาติต้นหลิว,Tonlew International Kindergarten,ชลบุรี,เมืองชลบุรี,เหมือง,127 หมู่ที่ 5 ต.เหมือง อ.เมืองชลบุรี จ.ชลบุรี 20130,,Not Checked,,,,,,13.283402,100.9701225,"ยืนยันตรงกันหลายแหล่ง: OPEC, Overture Maps, กรมการปกครอง (ทุกแหล่งห่างจากจุดนี้ไม่เกิน 76 ม.)",Exact,https://school.opec.go.th/school/1120700007,"['ก่อนอนุบาล', 'อนุบาล', 'ประถมศึกษา']",ก่อนอนุบาล - ประถมศึกษา,203,10,"['Cambridge International Curriculum', 'หลักสูตรกลางของประเทศอังกฤษ']",,,,ไม่รับเงินอุดหนุน,,,,,,,,https://pedb.opec.go.th/web/SchoolPdc.htm?mode=showPicture&t=1&id=18932,,,,,2026-09-14 01:07:48,2026-09-29 18:07:04,13.283489,100.97015239999996,"['OPEC', 'Overture Maps', 'กรมการปกครอง']","[{'source': 'opec', 'lat': 13.283489, 'lon': 100.9701524, 'distance_m': 10, 'label': 'OPEC', 'anchor_m': 1731}, {'source': 'overture', 'lat': 13.283402, 'lon': 100.9701225, 'distance_m': 0, 'label': 'Tonlew International Kindergarten', 'score': 3, 'anchor_m': 1721, 'keys': ['name'], 'confidence': 0.988, 'overture_id': '8d4250db-6250-4778-a1d0-0aecc4eb7683', 'category': 'education'}, {'source': 'overture', 'lat': 13.2827567, 'lon': 100.970358, 'distance_m': 76, 'label': 'โรงเรียนอนุบาลนานาชาติต้นหลิว', 'score': 3, 'anchor_m': 1653, 'keys': ['name'], 'confidence': 0.843, 'overture_id': 'c5efaceb-82a0-45e1-9cf9-09b60173526e', 'category': 'place_of_learning'}, {'source': 'dopa', 'lat': 13.2834212, 'lon': 100.9700418, 'distance_m': 9, 'label': 'โรงเรียนอนุบาลนานาชาติต้นหลิว', 'score': 3, 'anchor_m': 1722}]","{'level': 'tambon', 'label': 'ตำบลเหมือง อำเภอเมืองชลบุรี จังหวัดชลบุรี'}",consensus-v2,True,high,True,Tonlew International Kindergarten,False,2016,[]
173,1120700008,นานาชาติ ชลบุรี,International school og Chonburi,ชลบุรี,บางละมุง,บางละมุง,315 หมู่ 1 ซอย ซอยบางละมุง 39 ต.บางละมุง อ.บางละมุง จ.ชลบุรี 20150,,Not Checked,,,,,,13.0053252,100.9329095,"ยืนยันตรงกันหลายแหล่ง: OPEC, Overture Maps (ทุกแหล่งห่างจากจุดนี้ไม่เกิน 37 ม.)",Exact,https://school.opec.go.th/school/1120700008,"['ก่อนอนุบาล', 'อนุบาล', 'ประถมศึกษา']",ก่อนอนุบาล - ประถมศึกษา,93,6,['National Curriculum in England'],นายดีปาค แดงมณีรัตน์,,นายดีปาค แดงมณีรัตน์,ไม่รับเงินอุดหนุน,,,,,,,,https://pedb.opec.go.th/web/SchoolPdc.htm?mode=showPicture&t=1&id=6314,,,,,2026-09-14 01:07:49,2026-09-29 18:07:04,13.005017,100.93304799999999,"['OPEC', 'Overture Maps']","[{'source': 'opec', 'lat': 13.005017, 'lon': 100.933048, 'distance_m': 37, 'label': 'OPEC', 'anchor_m': 1459}, {'source': 'overture', 'lat': 13.0053252, 'lon': 100.9329095, 'distance_m': 0, 'label': 'ISC - Pattaya', 'score': 0, 'anchor_m': 1422, 'keys': ['domain'], 'confidence': 0.981, 'overture_id': '8a3cdbc6-7b01-40e0-a8d0-b9914370e6de', 'category': 'place_of_learning'}, {'source': 'overture', 'lat': 13.0232992, 'lon': 100.931375, 'distance_m': 2006, 'label': 'HR ISCschool', 'score': 0, 'anchor_m': 652, 'keys': ['domain'], 'confidence': 0.606, 'overture_id': '4cc4327b-3134-4c37-a72d-f08ce9503fa7', 'category': 'place_of_learning'}]","{'level': 'tambon', 'label': 'ตำบลบางละมุง อำเภอบางละมุง จังหวัดชลบุรี'}",consensus-v2,True,high,True,International School of Chonburi,False,2009,"['ONESQA', 'NEASC']"
174,1120700009,นานาชาติรักบี้,RUGBY SCHOOL THAILAND,ชลบุรี,บางละมุง,เขาไม้แก้ว,7/2 หมู่ 2 ต.เขาไม้แก้ว อ.บางละมุง จ.ชลบุรี 20150,,Not Checked,,,,,,12.9504437,101.0213846,"ยืนยันตรงกันหลายแหล่ง: ArcGIS POI, OPEC, กรมการปกครอง (ทุกแหล่งห่างจากจุดนี้ไม่เกิน 340 ม.) — มีจุดชื่อเดียวกันอีก 2 จุด ห่าง 16.7 กม.ขึ้นไป (วิทยาเขตอื่นหรือย้ายที่ตั้ง?)",Exact,https://school.opec.go.th/school/1120700009,"['ก่อนอนุบาล', 'อนุบาล', 'ประถมศึกษา', 'มัธยมศึกษาตอนต้น', 'มัธยมศึกษาตอนปลาย']",ก่อนอนุบาล - มัธยมศึกษาตอนปลาย,1222,160,['หลักสูตรจากระบบอังกฤษ (IGCSE and A-Level)'],นางทยา ทีปสุวรรณ,นางสาวภคณัชธ์ ธาตุรักษ์,นายกมลพัฒน์ ทีปสุวรรณ,ไม่รับเงินอุดหนุน,,,,,,,,https://pedb.opec.go.th/web/SchoolPdc.htm?mode=showPicture&t=1&id=19565,,,,,2026-09-14 01:07:49,2026-09-29 18:07:04,12.9509487,101.02171069999997,"['ArcGIS POI', 'OPEC', 'กรมการปกครอง']","[{'source': 'opec', 'lat': 12.9509487, 'lon': 101.0217107, 'distance_m': 66, 'label': 'OPEC', 'anchor_m': 2600}, {'source': 'overture', 'lat': 12.947033, 'lon': 101.0224478, 'distance_m': 396, 'label': 'Rugby School Thailand', 'score': 3, 'anchor_m': 2559, 'keys': ['domain', 'name'], 'confidence': 0.798, 'overture_id': '6219362b-0b1d-46a8-a190-d1b980fdadd8', 'category': 'education'}, {'source': 'overture', 'lat': 12.8649294, 'lon': 100.8947254, 'distance_m': 16700, 'label': 'Rugby International School', 'score': 3, 'anchor_m': 18960, 'keys': ['domain', 'name'], 'confidence': 0.787, 'overture_id': 'ff8ab1c6-31f1-4173-94c3-ffd7a3814379', 'category': 'place_of_learning'}, {'source': 'overture', 'lat': 13.07739, 'lon': 100.93725, 'distance_m': 16803, 'label': 'Rugby School Thailand', 'score': 3, 'anchor_m': 18314, 'keys': ['name'], 'confidence': 0.451, 'overture_id': '3a56c80a-3ba6-41c9-9211-f1ae3885c29f', 'category': 'campus_building'}, {'source': 'overture', 'lat': 12.9462886, 'lon': 101.0223234, 'distance_m': 473, 'label': 'โรงเรียนนานาชาติ รักบี้ ชลบุรี', 'score': 0, 'anchor_m': 2588, 'keys': ['domain'], 'confidence': 0.726, 'overture_id': '1ab15006-e1a7-4859-8838-97f305d1f1a5', 'category': 'place_of_learning'}, {'source': 'dopa', 'lat': 12.9504437, 'lon': 101.0213846, 'distance_m': 0, 'label': 'โรงเรียนนานาชาติรักบี้', 'score': 3, 'anchor_m': 2636}, {'source': 'arcgis_poi', 'distance_m': 340, 'label': 'Rugby School Thailand', 'score': 3, 'anchor_m': 2565}, {'source': 'arcgis_address', 'distance_m': 2187, 'label': 'PointAddress: 2 หมู่ 2 ตำบลเขาไม้แก้ว อำเภอบางละมุง จังหวัดชลบุรี 20150', 'anchor_m': 2378}]","{'level': 'tambon', 'label': 'ตำบลเขาไม้แก้ว อำเภอบางละมุง จังหวัดชลบุรี'}",consensus-v2,True,high,True,Rugby School Thailand,True,2017,"['ONESQA', 'EDT', 'COBIS']"
175,1120700010,นานาชาติบูรพาพัฒนศาสตร์,Burapha Phatthanasart International School,ชลบุรี,บางละมุง,หนองปรือ,253/17 หมู่ 13 ซอย 81 ต.หนองปรือ อ.บางละมุง จ.ชลบุรี 20150,,Not Checked,,,,,,12.9132077,100.8977302,"ยืนยันตรงกันหลายแหล่ง: ArcGIS POI, Overture Maps (ทุกแหล่งห่างจากจุดนี้ไม่เกิน 19 ม.)",Exact,https://school.opec.go.th/school/1120700010,"['ประถมศึกษา', 'มัธยมศึกษาตอนต้น', 'มัธยมศึกษาตอนปลาย']",ประถมศึกษา - มัธยมศึกษาตอนปลาย,78,4,['หลักสูตรประเทศอังกฤษ'],นางวัฒนา ณัฏฐโสภณ,นายรุุ่งโรจน์ ตรงสกุล,,ไม่รับเงินอุดหนุน,,,,,,,,https://pedb.opec.go.th/web/SchoolPdc.htm?mode=showPicture&t=1&id=19673,,,,,2026-09-14 01:07:51,2026-09-29 18:07:04,13.2800377,100.9240173,"['ArcGIS POI', 'Overture Maps']","[{'source': 'opec', 'lat': 13.2800377, 'lon': 100.9240173, 'distance_m': 40889, 'label': 'OPEC', 'anchor_m': 39726}, {'source': 'overture', 'lat': 12.9132077, 'lon': 100.8977302, 'distance_m': 0, 'label': 'โรงเรียนบูรพาพัฒนศาสตร์', 'score': 3, 'anchor_m': 4444, 'keys': ['name'], 'confidence': 0.943, 'overture_id': 'e2957817-422b-4350-9d1e-7fbe21ecdd28', 'category': 'education'}, {'source': 'overture', 'lat': 12.93515, 'lon': 100.90119, 'distance_m': 2469, 'label': 'BPIS_Thailand', 'score': 0, 'anchor_m': 4158, 'keys': ['domain'], 'confidence': 0.888, 'overture_id': 'ec68eea8-001e-48fb-abc4-1bd0d75604f1', 'category': 'place_of_learning'}, {'source': 'arcgis_poi', 'distance_m': 19, 'label': 'Burapha Phatthanasat International School', 'score': 3, 'anchor_m': 4456}, {'source': 'arcgis_address', 'distance_m': 3895, 'label': 'PointAddress: 8/1 หมู่ 13 ตำบลหนองปรือ อำเภอบางละมุง จังหวัดชลบุรี 20150', 'anchor_m': 697}]","{'level': 'tambon', 'label': 'ตำบลหนองปรือ อำเภอบางละมุง จังหวัดชลบุรี'}",consensus-v2,True,high,,,,,
176,1120700011,อนุบาลนานาชาติคิดส์อะเวนิว,KIDS AVENUE INTERNATIONAL KINDERGARTEN SCHOOL,ชลบุรี,ศรีราชา,สุรศักดิ์,194/38 หมู่ 5 ต.สุรศักดิ์ อ.ศรีราชา จ.ชลบุรี 20110,,Not Checked,,,,,,13.1715302,100.9760538,"ยืนยันตรงกันหลายแหล่ง: OPEC, OpenStreetMap, Overture Maps, กรมการปกครอง, เว็บไซต์โรงเรียน (ทุกแหล่งห่างจากจุดนี้ไม่เกิน 41 ม.)",Exact,https://school.opec.go.th/school/1120700011,"['ก่อนอนุบาล', 'อนุบาล']",ก่อนอนุบาล - อนุบาล,146,11,"['หลักสูตรประเทศอังกฤษ', 'Early Year Foundation Stage']",นายอภิชา มนต์วิเศษ,นายเสนาะ มนต์วิเศษ,นางสาวนภชนก ฐานวาณิชกุล,ไม่รับเงินอุดหนุน,,,,,,,,https://pedb.opec.go.th/web/SchoolPdc.htm?mode=showPicture&t=1&id=19890,,,,,2026-09-14 01:07:51,2026-09-29 18:07:04,13.1713687,100.97639049999998,"['OPEC', 'OpenStreetMap', 'Overture Maps', 'กรมการปกครอง', 'เว็บไซต์โรงเรียน']","[{'source': 'opec', 'lat': 13.1713687, 'lon': 100.9763905, 'distance_m': 41, 'label': 'OPEC', 'anchor_m': 3545}, {'source': 'osm', 'lat': 13.1715302, 'lon': 100.9760538, 'distance_m': 0, 'label': 'โรงเรียนอนุบาลนานาชาติคิดส์อะเวนิว / Kids Avenue International Kindergarten School', 'score': 3, 'osm_id': 'w715532361', 'anchor_m': 3508}, {'source': 'overture', 'lat': 13.1714227, 'lon': 100.9763491, 'distance_m': 34, 'label': 'Kids Avenue International Kindergarten', 'score': 3, 'anchor_m': 3540, 'keys': ['domain', 'name'], 'confidence': 0.983, 'overture_id': '8064feba-a21b-445c-aa28-68104395e737', 'category': 'place_of_learning'}, {'source': 'dopa', 'lat': 13.1714229, 'lon': 100.9764147, 'distance_m': 41, 'label': 'โรงเรียนอนุบาลนานาชาติคิดส์อะเวนิว', 'score': 3, 'anchor_m': 3547}, {'source': 'arcgis_poi', 'distance_m': 3, 'label': 'Kids Avenue International Kindergarten School', 'score': 3, 'anchor_m': 3510, 'copy': True}, {'source': 'website', 'lat': 13.171437, 'lon': 100.976313, 'distance_m': 30, 'label': 'https://www.kidsavenue.ac.th', 'pin': 'place', 'origin': 'school', 'anchor_m': 3536}]","{'level': 'tambon', 'label': 'ตำบลสุรศักดิ์ อำเภอศรีราชา จังหวัดชลบุรี'}",consensus-v2,True,high,True,Kids Avenue International Kindergarten,False,2017,['ONESQA']
177,1120700012,นานาชาติ อีเอฟไอพี,EFIP INTERNATIONAL SCHOOL,ชลบุรี,บางละมุง,ห้วยใหญ่,58/31 หมู่ 3 ต.ห้วยใหญ่ อ.บางละมุง จ.ชลบุรี 20150,,Not Checked,,,,,,12.868442,100.9442269,"ยืนยันตรงกันหลายแหล่ง: ArcGIS POI, Overture Maps (ทุกแหล่งห่างจากจุดนี้ไม่เกิน 186 ม.)",Exact,https://school.opec.go.th/school/1120700012,['อนุบาล'],อนุบาล - อนุบาล,217,1,['French National Curriculum'],,,,ไม่รับเงินอุดหนุน,,,,,,,,https://pedb.opec.go.th/web/SchoolPdc.htm?mode=showPicture&t=1&id=24438,,,,,2026-09-14 01:07:51,2026-09-29 18:07:04,12.867948427625862,100.94324755442558,"['ArcGIS POI', 'Overture Maps']","[{'source': 'overture', 'lat': 12.868442, 'lon': 100.9442269, 'distance_m': 0, 'label': 'Ecole Française Internationale de Pattaya', 'score': 0, 'anchor_m': 221, 'keys': ['domain'], 'confidence': 0.988, 'overture_id': 'bb48c119-9187-4c7a-bae3-43c021d54ce8', 'category': 'place_of_learning'}, {'source': 'arcgis_poi', 'distance_m': 186, 'label': 'Efip French International School of Pattaya', 'score': 3, 'anchor_m': 258}, {'source': 'arcgis_address', 'distance_m': 797, 'label': 'PointAddress: 31 หมู่ 3 ตำบลห้วยใหญ่ อำเภอบางละมุง จังหวัดชลบุรี 20150', 'anchor_m': 728}]","{'level': 'tambon', 'label': 'ตำบลห้วยใหญ่ อำเภอบางละมุง จังหวัดชลบุรี'}",consensus-v2,True,high,,,,,
178,1120700013,นานาชาติเวลล์ส ชลบุรี,Well International School Chonburi,ชลบุรี,บ้านบึง,บ้านบึง,88/8 หมู่ 2 ต.บ้านบึง อ.บ้านบึง จ.ชลบุรี 20170,,Not Checked,,,,,,13.3282157,101.0951286,"ยืนยันตรงกันหลายแหล่ง: ArcGIS POI, Overture Maps (ทุกแหล่งห่างจากจุดนี้ไม่เกิน 72 ม.)",Exact,https://school.opec.go.th/school/1120700013,"['ก่อนอนุบาล', 'อนุบาล', 'ประถมศึกษา', 'มัธยมศึกษาตอนต้น', 'มัธยมศึกษาตอนปลาย']",ก่อนอนุบาล - มัธยมศึกษาตอนปลาย,145,23,['California Department of Education'],,,นายเย่า ล่าง จาง,ไม่รับเงินอุดหนุน,,,,,,,,https://pedb.opec.go.th/web/SchoolPdc.htm?mode=showPicture&t=1&id=24996,,,,,2026-09-14 01:07:51,2026-09-29 18:07:04,,,"['ArcGIS POI', 'Overture Maps']","[{'source': 'overture', 'lat': 13.3282157, 'lon': 101.0951286, 'distance_m': 0, 'label': 'Wells International School Chonburi Campus', 'score': 3, 'anchor_m': 2363, 'keys': ['domain', 'name'], 'confidence': 0.91, 'overture_id': '9fae4496-aad6-4a6a-b480-cfe54436cce0', 'category': 'education'}, {'source': 'arcgis_poi', 'distance_m': 72, 'label': 'Wells International School', 'score': 3, 'anchor_m': 2351}, {'source': 'arcgis_address', 'distance_m': 6355, 'label': 'PointAddress: 88 หมู่ 2 ตำบลหนองชาก อำเภอบ้านบึง จังหวัดชลบุรี 20170', 'anchor_m': 4122}]","{'level': 'tambon', 'label': 'ตำบลบ้านบึง อำเภอบ้านบึง จังหวัดชลบุรี'}",consensus-v2,True,high,,,,,
179,1120700014,นานาชาติเลิฟเวลล์,LOVELL INTERNATIONAL SCHOOL,ชลบุรี,บางละมุง,นาเกลือ,159 หมู่ 5 ซอย นาเกลือ ถนน พัทยา-นาเกลือ ต.นาเกลือ อ.บางละมุง จ.ชลบุรี 20150,,Not Checked,,,,,,12.961711,100.8911061,"ยืนยันตรงกันหลายแหล่ง: OpenStreetMap, Overture Maps (ทุกแหล่งห่างจากจุดนี้ไม่เกิน 34 ม.)",Exact,https://school.opec.go.th/school/1120700014,"['ก่อนอนุบาล', 'อนุบาล', 'ประถมศึกษา']",ก่อนอนุบาล - ประถมศึกษา,12,6,"['Early Year Foundation Stage', 'National Curriculum in England']",,นายไพฑูรย์ จันทร์กระจ่าง,นางสาวพัทธมน เมฆะวรากุล,ไม่รับเงินอุดหนุน,,,,,,,,https://pedb.opec.go.th/web/SchoolPdc.htm?mode=showPicture&t=1&id=25185,,,,,2026-09-14 01:07:51,2026-09-29 18:07:04,,,"['OpenStreetMap', 'Overture Maps']","[{'source': 'osm', 'lat': 12.961711, 'lon': 100.8911061, 'distance_m': 0, 'label': 'Lovell International School', 'score': 3, 'osm_id': 'w1202105891', 'anchor_m': 2953}, {'source': 'overture', 'lat': 12.9615681, 'lon': 100.8908323, 'distance_m': 34, 'label': 'Lovell International School', 'score': 3, 'anchor_m': 2986, 'keys': ['domain', 'name'], 'confidence': 0.986, 'overture_id': '2fb89966-b5ba-47f7-8f2f-4f5cdea095a8', 'category': 'preschool'}]","{'level': 'tambon', 'label': 'ตำบลนาเกลือ อำเภอบางละมุง จังหวัดชลบุรี'}",consensus-v2,True,high,True,Lovell International School,False,2022,[]
180,1120700015,นานาชาติเอลดรีมคริสเตียน,EL DREAM CHRISTIAN INTERNATIONAL SCHOOL,ชลบุรี,บางละมุง,หนองปลาไหล,19/3 หมู่ 5 ต.หนองปลาไหล อ.บางละมุง จ.ชลบุรี 20150,,Not Checked,,,,,,,,ยังไม่มีพิกัดจากแหล่งที่อนุญาตให้เก็บ (มีแต่ ArcGIS ซึ่งใช้ตรวจได้แต่เก็บไม่ได้) — รอแอดมินปักหมุด,None,https://school.opec.go.th/school/1120700015,"['อนุบาล', 'ประถมศึกษา', 'มัธยมศึกษาตอนต้น', 'มัธยมศึกษาตอนปลาย']",อนุบาล - มัธยมศึกษาตอนปลาย,22,7,['A.C.E. (Accelerated Christian Education)'],,,นายนครินทร์ สุขเรือง,ไม่รับเงินอุดหนุน,,,,,,,,https://pedb.opec.go.th/web/SchoolPdc.htm?mode=showPicture&t=1&id=25439,,,,,2026-09-14 01:07:52,2026-09-29 18:07:04,,,[],"[{'source': 'arcgis_address', 'distance_m': None, 'label': 'PointAddress: 3 หมู่ 5 ตำบลหนองปลาไหล อำเภอบางละมุง จังหวัดชลบุรี 20150', 'anchor_m': 2620}]","{'level': 'tambon', 'label': 'ตำบลหนองปลาไหล อำเภอบางละมุง จังหวัดชลบุรี'}",consensus-v2,False,low,,,,,
181,1120700016,นานาชาติหัสดิน,Hastin International School,ชลบุรี,บางละมุง,โป่ง,16/5-6 หมู่ 9 ต.โป่ง อ.บางละมุง จ.ชลบุรี 20150,,Not Checked,,,,,,12.9182818,100.9735083,Overture Maps ชื่อตรงกับโรงเรียน (Hastin School) และอยู่ในตำบลที่จดทะเบียน,Exact,https://school.opec.go.th/school/1120700016,"['ก่อนอนุบาล', 'อนุบาล', 'ประถมศึกษา', 'มัธยมศึกษาตอนต้น']",ก่อนอนุบาล - มัธยมศึกษาตอนต้น,331,44,['The Oxford International Curriculum'],นางอรัณัฐ ตันตราภรณ์,,นางอรัณัฐ ตันตราภรณ์,ไม่รับเงินอุดหนุน,,,,,,,,https://pedb.opec.go.th/web/SchoolPdc.htm?mode=showPicture&t=1&id=25789,,,,,2026-09-14 01:07:52,2026-09-29 18:07:04,,,['Overture Maps'],"[{'source': 'osm', 'lat': 12.9362081, 'lon': 100.9303452, 'distance_m': 5085, 'label': 'Hastin Kindergarten', 'score': 3, 'osm_id': 'n1886644497', 'anchor_m': 5007}, {'source': 'overture', 'lat': 12.9182818, 'lon': 100.9735083, 'distance_m': 0, 'label': 'Hastin School', 'score': 3, 'anchor_m': 3327, 'keys': ['domain', 'name'], 'confidence': 0.988, 'overture_id': 'a18f1c14-ce83-4415-932b-ab5d15322896', 'category': 'place_of_learning'}, {'source': 'arcgis_address', 'distance_m': 60, 'label': 'PointAddress: 16 หมู่ 9 ตำบลโป่ง อำเภอบางละมุง จังหวัดชลบุรี 20150', 'anchor_m': 3343}, {'source': 'arcgis_address', 'distance_m': 14423, 'label': 'PointAddress: 9 หมู่ 5 ตำบลตะเคียนเตี้ย อำเภอบางละมุง จังหวัดชลบุรี 20150', 'anchor_m': 12214}]","{'level': 'tambon', 'label': 'ตำบลโป่ง อำเภอบางละมุง จังหวัดชลบุรี'}",consensus-v2,True,medium,,,,,
182,1120700017,นานาชาติไฮเกต ประเทศไทย,Highgate International School Thailand,ชลบุรี,บางละมุง,โป่ง,50/28 หมู่ 9 ต.โป่ง อ.บางละมุง จ.ชลบุรี 20150,,Not Checked,,,,,,,,ยังไม่มีพิกัดจากแหล่งที่อนุญาตให้เก็บ (มีแต่ ArcGIS ซึ่งใช้ตรวจได้แต่เก็บไม่ได้) — รอแอดมินปักหมุด,None,https://school.opec.go.th/school/1120700017,"['อนุบาล', 'ประถมศึกษา']",อนุบาล - ประถมศึกษา,0,6,[],,,,ไม่รับเงินอุดหนุน,,,,,,,,https://pedb.opec.go.th/web/SchoolPdc.htm?mode=showPicture&t=1&id=26333,,,,,2026-09-14 01:07:52,2026-09-29 18:07:04,,,[],"[{'source': 'arcgis_address', 'distance_m': None, 'label': 'PointAddress: 2/8 หมู่ 9 ตำบลโป่ง อำเภอบางละมุง จังหวัดชลบุรี 20150', 'anchor_m': 2815}]","{'level': 'tambon', 'label': 'ตำบลโป่ง อำเภอบางละมุง จังหวัดชลบุรี'}",consensus-v2,False,low,,,,,
183,1121700001,นานาชาติเซนต์แอนดรูว์ส กรีนวัลเล่ย์,ST.ANDREWS INTERNATIONAL SCHOOL GREENVALLEY,ระยอง,บ้านฉาง,สำนักท้อน,1   หมู่ที่ 7 ถนน บ้านฉาง-มะขามคู่ ต.สำนักท้อน อ.บ้านฉาง จ.ระยอง 21130,,Not Checked,,,,,,12.7994269,101.0656714,"ยืนยันตรงกันหลายแหล่ง: OpenStreetMap, Overture Maps (ทุกแหล่งห่างจากจุดนี้ไม่เกิน 53 ม.)",Exact,https://school.opec.go.th/school/1121700001,"['ก่อนอนุบาล', 'อนุบาล', 'ประถมศึกษา', 'มัธยมศึกษาตอนต้น', 'มัธยมศึกษาตอนปลาย']",ก่อนอนุบาล - มัธยมศึกษาตอนปลาย,294,63,"['หลักสูตร International Baccalaureate (IB)', 'หลักสูตรประเทศอังกฤษ', 'International Baccalaureate', 'International Baccalaureate (IB)', 'UK National Curriculum']",,นางสาวภัคธินันท์ จตุธนินท์วัชร์,นางสาวเสาคนธ์ ลิมอักษร,ไม่รับเงินอุดหนุน,,,,,,,,https://pedb.opec.go.th/web/SchoolPdc.htm?mode=showPicture&t=1&id=6734,,,,,2026-09-14 01:07:52,2026-09-29 18:07:04,12.8382386,100.9822284,"['OpenStreetMap', 'Overture Maps']","[{'source': 'opec', 'lat': 12.8382386, 'lon': 100.9822284, 'distance_m': 10024, 'label': 'OPEC', 'anchor_m': 9824}, {'source': 'osm', 'lat': 12.7994269, 'lon': 101.0656714, 'distance_m': 0, 'label': 'โรงเรียนนานาชาติเซนต์แอนดรูว์ส กรีนวัลเล่ย์ / St. Andrews International School, Green Vall', 'score': 3, 'osm_id': 'w1300276779', 'anchor_m': 7221}, {'source': 'overture', 'lat': 12.7353497, 'lon': 101.0482414, 'distance_m': 7372, 'label': 'St. Andrews International School, Green Valley', 'score': 3, 'anchor_m': 4203, 'keys': ['domain', 'name'], 'confidence': 0.85, 'overture_id': 'fa3619ab-7195-4e24-88db-3b6d54244fc2', 'category': 'place_of_learning'}, {'source': 'overture', 'lat': 12.7989967, 'lon': 101.0658866, 'distance_m': 53, 'label': 'St. Andrews International School, Green Valley', 'score': 3, 'anchor_m': 7207, 'keys': ['name'], 'confidence': 0.981, 'overture_id': '68dc8c2c-496c-45e5-bdb1-ee8b60d6ca12', 'category': 'place_of_learning'}]","{'level': 'tambon', 'label': 'ตำบลสำนักท้อน อำเภอบ้านฉาง จังหวัดระยอง'}",consensus-v2,True,high,True,"St. Andrews International School, Green Valley",False,1996,"['ONESQA', 'EDT', 'LPPA', 'FOBISIA', 'ISQM']"
184,1121700002,นานาชาติสวนระยอง,GARDEN INTERNATIONAL SCHOOL,ระยอง,บ้านฉาง,พลา,188/24 ถนน พลา-บ้างฉาง ต.พลา อ.บ้านฉาง จ.ระยอง 21130,,Not Checked,,,,,,12.6929755,101.0472975,"ยืนยันตรงกันหลายแหล่ง: ArcGIS POI, OpenStreetMap, Overture Maps, กรมการปกครอง (ทุกแหล่งห่างจากจุดนี้ไม่เกิน 160 ม.)",Exact,https://school.opec.go.th/school/1121700002,"['อนุบาล', 'ประถมศึกษา', 'มัธยมศึกษาตอนต้น', 'มัธยมศึกษาตอนปลาย']",อนุบาล - มัธยมศึกษาตอนปลาย,493,67,"['หลักสูตร IGCSE', 'หลักสูตรประเทศอังกฤษ', 'IGCSE (The International Generat Certificate of Secondary Education)', 'หลักสูตรการศึกษาระดับประกาศนียบัตรนานาชาติ', 'หลักสูตรสหราชอาณาจักร', 'หลักสูตรแห่งชาติของสหราชอาณาจักร']",,นางลลิตา พลพงษ์,นางสาวจุฑารัตน์ ดอกจันกลาง,ไม่รับเงินอุดหนุน,,,,,,,,https://pedb.opec.go.th/web/SchoolPdc.htm?mode=showPicture&t=1&id=6735,,,,,2026-09-14 01:07:53,2026-09-29 18:07:04,12.6787166,101.0248171,"['ArcGIS POI', 'OpenStreetMap', 'Overture Maps', 'กรมการปกครอง']","[{'source': 'opec', 'lat': 12.6787166, 'lon': 101.0248171, 'distance_m': 2909, 'label': 'OPEC', 'anchor_m': 1929}, {'source': 'osm', 'lat': 12.6929755, 'lon': 101.0472975, 'distance_m': 0, 'label': 'Garden International School', 'score': 3, 'osm_id': 'n11935443396', 'anchor_m': 3398}, {'source': 'overture', 'lat': 12.6930998, 'lon': 101.0474501, 'distance_m': 22, 'label': 'Garden International School', 'score': 3, 'anchor_m': 3417, 'keys': ['domain', 'name'], 'confidence': 0.909, 'overture_id': 'ea2bb662-c2ea-4fbb-bded-1d3996e0db62', 'category': 'place_of_learning'}, {'source': 'dopa', 'lat': 12.6919665, 'lon': 101.0483515, 'distance_m': 160, 'label': 'Garden international school', 'score': 3, 'anchor_m': 3341}, {'source': 'arcgis_poi', 'distance_m': 12, 'label': 'Rayong Garden International School, Thailand', 'score': 3, 'anchor_m': 3405}, {'source': 'arcgis_poi', 'distance_m': 64, 'label': 'Garden International School', 'score': 3, 'anchor_m': 3425}]","{'level': 'tambon', 'label': 'ตำบลพลา อำเภอบ้านฉาง จังหวัดระยอง'}",consensus-v2,True,high,True,"Garden International School, Rayong",True,1994,['CIS']
185,1121700003,นานาชาติเบลฟริย์,BELFRY INTERNATIONAL SCHOOL,ระยอง,บ้านค่าย,หนองตะพาน,99/99 หมู่ 1 ต.หนองตะพาน อ.บ้านค่าย จ.ระยอง 21120,,Not Checked,,,,,,12.741966,101.2850384,"ยืนยันตรงกันหลายแหล่ง: OpenStreetMap, Overture Maps (ทุกแหล่งห่างจากจุดนี้ไม่เกิน 23 ม.)",Exact,https://school.opec.go.th/school/1121700003,"['ก่อนอนุบาล', 'อนุบาล', 'ประถมศึกษา']",ก่อนอนุบาล - ประถมศึกษา,65,8,['The Early Years Foundation Stage'],,นางสาวธิติดา  ลีลาปัญญาเลิศ,,ไม่รับเงินอุดหนุน,,,,,,,,https://pedb.opec.go.th/web/SchoolPdc.htm?mode=showPicture&t=1&id=25249,,,,,2026-09-14 01:07:52,2026-09-29 18:07:04,,,"['OpenStreetMap', 'Overture Maps']","[{'source': 'osm', 'lat': 12.741966, 'lon': 101.2850384, 'distance_m': 0, 'label': 'Belfry International School / Belfry International School', 'score': 3, 'osm_id': 'w1558623860', 'anchor_m': 2528}, {'source': 'overture', 'lat': 12.741763, 'lon': 101.2850656, 'distance_m': 23, 'label': 'Belfry International School', 'score': 3, 'anchor_m': 2536, 'keys': ['domain', 'name'], 'confidence': 0.986, 'overture_id': 'b2a9a3aa-6011-4fd4-8f43-4299fc69f707', 'category': 'place_of_learning'}, {'source': 'arcgis_address', 'distance_m': 673, 'label': 'PointAddress: 99 หมู่ 1 ตำบลหนองตะพาน อำเภอบ้านค่าย จังหวัดระยอง 20190', 'anchor_m': 2157}]","{'level': 'tambon', 'label': 'ตำบลหนองตะพาน อำเภอบ้านค่าย จังหวัดระยอง'}",consensus-v2,True,high,True,Belfry International School,False,2023,[]
186,1121700004,นานาชาติสิงคโปร์ระยอง,SINGAPORE INTERNATIONAL SCHOOL RAYONG,ระยอง,บ้านค่าย,หนองตะพาน,111 หมู่ 1 ต.หนองตะพาน อ.บ้านค่าย จ.ระยอง 21120,,Not Checked,,,,,,12.7351949,101.280365,"ยืนยันตรงกันหลายแหล่ง: ArcGIS POI, Overture Maps (ทุกแหล่งห่างจากจุดนี้ไม่เกิน 127 ม.)",Exact,https://school.opec.go.th/school/1121700004,"['ก่อนอนุบาล', 'อนุบาล', 'ประถมศึกษา', 'มัธยมศึกษาตอนต้น', 'มัธยมศึกษาตอนปลาย']",ก่อนอนุบาล - มัธยมศึกษาตอนปลาย,124,25,[],,,,ไม่รับเงินอุดหนุน,,,,,,,,https://pedb.opec.go.th/web/SchoolPdc.htm?mode=showPicture&t=1&id=25251,,,,,2026-09-14 01:07:53,2026-09-29 18:07:04,,,"['ArcGIS POI', 'Overture Maps']","[{'source': 'overture', 'lat': 12.7351949, 'lon': 101.280365, 'distance_m': 0, 'label': 'Singapore International School Rayong', 'score': 2, 'anchor_m': 2369, 'keys': ['domain', 'name'], 'confidence': 0.949, 'overture_id': '96f3310d-5472-41ba-9ed3-c092a3219ba5', 'category': 'place_of_learning'}, {'source': 'arcgis_poi', 'distance_m': 127, 'label': 'Singapore International School Rayong', 'score': 2, 'anchor_m': 2248}, {'source': 'arcgis_address', 'distance_m': 911, 'label': 'PointAddress: 11/1 หมู่ 1 ตำบลหนองตะพาน อำเภอบ้านค่าย จังหวัดระยอง 20190', 'anchor_m': 1927}]","{'level': 'tambon', 'label': 'ตำบลหนองตะพาน อำเภอบ้านค่าย จังหวัดระยอง'}",consensus-v2,True,high,True,Singapore International School Rayong,False,2023,[]
187,1125700001,นานาชาติอริสตา,Aristar International School,ปราจีนบุรี,เมืองปราจีนบุรี,บางเดชะ,109 หมู่ 1 ถนน สุวินทวงศ์ ต.บางเดชะ อ.เมืองปราจีนบุรี จ.ปราจีนบุรี 25000,,Not Checked,,,,,,14.0676663,101.366932,"ยืนยันตรงกันหลายแหล่ง: OPEC, Overture Maps, กรมการปกครอง (ทุกแหล่งห่างจากจุดนี้ไม่เกิน 57 ม.) — มีจุดชื่อเดียวกันอีก 2 จุด ห่าง 1.9 กม.ขึ้นไป (วิทยาเขตอื่นหรือย้ายที่ตั้ง?)",Exact,https://school.opec.go.th/school/1125700001,"['ก่อนอนุบาล', 'อนุบาล', 'ประถมศึกษา', 'มัธยมศึกษาตอนต้น', 'มัธยมศึกษาตอนปลาย']",ก่อนอนุบาล - มัธยมศึกษาตอนปลาย,274,29,"['ACARA', 'นานาชาติอริสตา']",นายอานนท์  นัจสถาปนิก,นายมาโนช  วังตระกูล,นางสาวจุฑารัตน์  นัจสถาปนิก,ไม่รับเงินอุดหนุน,,,,,,,,https://pedb.opec.go.th/web/SchoolPdc.htm?mode=showPicture&t=1&id=19090,,,,,2026-09-14 01:07:54,2026-09-29 18:07:04,14.0675485,101.36698990000002,"['OPEC', 'Overture Maps', 'กรมการปกครอง']","[{'source': 'opec', 'lat': 14.0675485, 'lon': 101.3669899, 'distance_m': 15, 'label': 'OPEC', 'anchor_m': 9526}, {'source': 'overture', 'lat': 14.05107, 'lon': 101.37207, 'distance_m': 1927, 'label': 'Aristar International School', 'score': 3, 'anchor_m': 8581, 'keys': ['domain', 'name'], 'confidence': 0.969, 'overture_id': '714abdd8-2815-49c7-adc4-4cf0f2a3c3d3', 'category': 'place_of_learning'}, {'source': 'overture', 'lat': 14.00726, 'lon': 101.30507, 'distance_m': 9468, 'label': 'Aristar International School', 'score': 3, 'anchor_m': 1048, 'keys': ['domain', 'name'], 'confidence': 0.902, 'overture_id': 'e8098798-f229-4749-a40a-c124e6839c44', 'category': 'elementary_school'}, {'source': 'overture', 'lat': 14.0676663, 'lon': 101.366932, 'distance_m': 0, 'label': 'โรงเรียนนานาชาติอริสตา', 'score': 3, 'anchor_m': 9533, 'keys': ['name'], 'confidence': 0.856, 'overture_id': '2786f21b-4936-4271-b3aa-7c6e2511345d', 'category': 'place_of_learning'}, {'source': 'overture', 'lat': 14.0675568, 'lon': 101.3668461, 'distance_m': 15, 'label': 'Aristar International School', 'score': 3, 'anchor_m': 9517, 'keys': ['name'], 'confidence': 0.721, 'overture_id': 'a84d0219-264f-4bc2-926b-5569926156a7', 'category': 'place_of_learning'}, {'source': 'dopa', 'lat': 14.0680802, 'lon': 101.3672367, 'distance_m': 57, 'label': 'โรงเรียนนานาชาติอริสตา', 'score': 3, 'anchor_m': 9589}]","{'level': 'tambon', 'label': 'ตำบลบางเดชะ อำเภอเมืองปราจีนบุรี จังหวัดปราจีนบุรี'}",consensus-v2,True,high,,,,,
188,1125700002,นานาชาติเคอาร์ไอเอส,KRIS International School,ปราจีนบุรี,กบินทร์บุรี,เมืองเก่า,222 หมู่ 16 ต.เมืองเก่า อ.กบินทร์บุรี จ.ปราจีนบุรี 25240,,Not Checked,,,,,,13.9832952,101.7613792,Overture Maps ชื่อตรงกับโรงเรียน (KRIS International School) และอยู่ในตำบลที่จดทะเบียน,Exact,https://school.opec.go.th/school/1125700002,"['ก่อนอนุบาล', 'อนุบาล', 'ประถมศึกษา']",ก่อนอนุบาล - ประถมศึกษา,57,12,"['Early years foundation stage statutory framework', 'The national Curriculum in England']",,นางสาวรพีพรรณ รัตนโกมุท,,ไม่รับเงินอุดหนุน,,,,,,,,https://pedb.opec.go.th/web/SchoolPdc.htm?mode=showPicture&t=1&id=25978,,,,,2026-09-14 01:07:54,2026-09-29 18:07:04,,,['Overture Maps'],"[{'source': 'overture', 'lat': 13.9832952, 'lon': 101.7613792, 'distance_m': 0, 'label': 'KRIS International School', 'score': 3, 'anchor_m': 2459, 'keys': ['domain', 'name'], 'confidence': 0.935, 'overture_id': '72fbcb23-0d0e-4079-b5b4-2f70ad2c9ede', 'category': 'place_of_learning'}]","{'level': 'tambon', 'label': 'ตำบลเมืองเก่า อำเภอกบินทร์บุรี จังหวัดปราจีนบุรี'}",consensus-v2,True,medium,,,,,
189,1130700001,นานาชาติแอ๊ดเวนตีสโคราช,KORAT ADVENTIST INTERNATIONAL SCHOOL,นครราชสีมา,เมืองนครราชสีมา,สุรนารี,862 หมู่ 2 ซอย โนนไม้แดง 13 ต.สุรนารี อ.เมืองนครราชสีมา จ.นครราชสีมา 30000,,Not Checked,,,,,,14.9313707,102.025644,"ยืนยันตรงกันหลายแหล่ง: OPEC, Overture Maps (ทุกแหล่งห่างจากจุดนี้ไม่เกิน 7 ม.)",Exact,https://school.opec.go.th/school/1130700001,"['อนุบาล', 'ประถมศึกษา', 'มัธยมศึกษาตอนต้น', 'มัธยมศึกษาตอนปลาย']",อนุบาล - มัธยมศึกษาตอนปลาย,184,39,"['หลักสูตรของทางโรงเรียน', 'หลักสูตรสหรัฐอเมริกัน', 'สหรัฐอเมริกา']",,,นายยศยง เซียนหยาง,ไม่รับเงินอุดหนุน,,,,,,,,https://pedb.opec.go.th/web/SchoolPdc.htm?mode=showPicture&t=1&id=7299,,,,,2026-09-14 01:07:54,2026-09-29 18:07:04,14.9314315,102.02562209999996,"['OPEC', 'Overture Maps']","[{'source': 'opec', 'lat': 14.9314315, 'lon': 102.0256221, 'distance_m': 7, 'label': 'OPEC', 'anchor_m': 1540}, {'source': 'overture', 'lat': 14.9313707, 'lon': 102.025644, 'distance_m': 0, 'label': 'Korat Adventist International School', 'score': 3, 'anchor_m': 1535, 'keys': ['domain', 'name'], 'confidence': 0.959, 'overture_id': 'b7b7d0d5-4390-4877-b25f-ec0659e96af3', 'category': 'education'}, {'source': 'arcgis_address', 'distance_m': 9192, 'label': 'PointAddress: 1-3 ถนนสุรนารี ตำบลในเมือง อำเภอเมืองนครราชสีมา จังหวัดนครราชสีมา 30000', 'anchor_m': 10610}]","{'level': 'tambon', 'label': 'ตำบลสุรนารี อำเภอเมืองนครราชสีมา จังหวัดนครราชสีมา'}",consensus-v2,True,high,True,Korat Adventist International School,False,2009,['ACS WASC']
190,1130700002,นานาชาติแองโกลสิงคโปร์ นครราชสีมา,ANGLO SINGAPORE INTERNATIONAL SCHOOL NAKHONRATCHASIMA,นครราชสีมา,เมืองนครราชสีมา,ในเมือง,1688/18 ถนน มิตรภาพ ต.ในเมือง อ.เมืองนครราชสีมา จ.นครราชสีมา 30000,https://anglosingapore.ac.th/korat/,OPEC Profile,https://anglosingapore.ac.th/korat/,"https://Anglo Singapore International School, Nakhon Ratchasima",044081162,0927727988,,14.9776461,102.0597098,"ยืนยันตรงกันหลายแหล่ง: OPEC, Overture Maps (ทุกแหล่งห่างจากจุดนี้ไม่เกิน 20 ม.)",Exact,https://school.opec.go.th/school/1130700002,"['ก่อนอนุบาล', 'อนุบาล', 'ประถมศึกษา', 'มัธยมศึกษาตอนต้น', 'มัธยมศึกษาตอนปลาย']",ก่อนอนุบาล - มัธยมศึกษาตอนปลาย,244,63,"['หลักสูตร Kindergarten Curriculum ของ Pre-School Education Unit, Primary School Curriculum ของ Pre- School Education Unit', 'Kindergarten Curriculum', 'หลักสูตรประเทศสิงคโปร์']",,,,ไม่รับเงินอุดหนุน,,"“To create a cosmopolitan community of learners who will pursue excellence in academic, information technology, creative, social moral and physical abilities. “มุ่งมั่นสร้างสรรค์ชุมชนแห่งการเรียนรู้ ให้ผู้เรียนเป็นผู้มีความเป็นเลิศทางวิชาการเทคโนโล",“We inspire and nurture a diverse learning community ; uniquely Anglo.”,"“Learn to Think, Think to Learn”",,,,https://pedb.opec.go.th/web/SchoolPdc.htm?mode=showPicture&t=1&id=16707,,,,,2026-09-14 01:07:54,2026-09-29 18:07:04,14.9776692,102.05952589999993,"['OPEC', 'Overture Maps']","[{'source': 'opec', 'lat': 14.9776692, 'lon': 102.0595259, 'distance_m': 20, 'label': 'OPEC', 'anchor_m': 2850}, {'source': 'overture', 'lat': 14.9776461, 'lon': 102.0597098, 'distance_m': 0, 'label': 'โรงเรียนนานาชาติแองโกลสิงคโปร์ นครราชสีมา', 'score': 3, 'anchor_m': 2830, 'keys': ['domain', 'name', 'phone'], 'confidence': 0.904, 'overture_id': '486e911d-8812-4e71-8527-0067c3e283a4', 'category': 'college_university'}, {'source': 'arcgis_address', 'distance_m': 4120, 'label': 'PointAddress: 18 ถนนมิตรภาพ ตำบลในเมือง อำเภอเมืองนครราชสีมา จังหวัดนครราชสีมา 30000', 'anchor_m': 5711}]","{'level': 'tambon', 'label': 'ตำบลในเมือง อำเภอเมืองนครราชสีมา จังหวัดนครราชสีมา'}",consensus-v2,True,high,True,Anglo Singapore International School Nakhon Ratchasima,False,2014,[]
191,1130700003,นานาชาติเซนต์สตีเฟ่นส์ เขาใหญ่,St. Stephen'S International School (Khao Yai),นครราชสีมา,ปากช่อง,หนองน้ำแดง,"49,49/1-3 ถนน ธนะรัชต์ ต.หนองน้ำแดง อ.ปากช่อง จ.นครราชสีมา 30130",,Not Checked,,,,,,14.6210805,101.4097524,"ยืนยันตรงกันหลายแหล่ง: ArcGIS POI, OPEC, Overture Maps (ทุกแหล่งห่างจากจุดนี้ไม่เกิน 235 ม.)",Exact,https://school.opec.go.th/school/1130700003,"['อนุบาล', 'ประถมศึกษา', 'มัธยมศึกษาตอนต้น', 'มัธยมศึกษาตอนปลาย']",อนุบาล - มัธยมศึกษาตอนปลาย,115,24,"['หลักสูตร High School Diploma', 'หลักสูตร IGCSE', 'IGCSE/IB/AICE', 'หลักสูตรสหราชอาณาจักร']",นางพนิดา  ภัทรพิเศษพงศ์,,นางพนิดา  ภัทรพิเศษพงศ์,ไม่รับเงินอุดหนุน,,,,,,,,https://pedb.opec.go.th/web/SchoolPdc.htm?mode=showPicture&t=1&id=7320,,,,,2026-09-14 01:07:55,2026-09-29 18:07:04,14.6206392,101.40864429999999,"['ArcGIS POI', 'OPEC', 'Overture Maps']","[{'source': 'opec', 'lat': 14.6206392, 'lon': 101.4086443, 'distance_m': 129, 'label': 'OPEC', 'anchor_m': 2925}, {'source': 'overture', 'lat': 14.6210805, 'lon': 101.4097524, 'distance_m': 0, 'label': ""St. Stephen's International School Khao Yai"", 'score': 3, 'anchor_m': 2889, 'keys': ['name'], 'confidence': 0.934, 'overture_id': 'ecba53f8-7888-4444-8dd8-b4d210709251', 'category': 'place_of_learning'}, {'source': 'overture', 'lat': 14.6213722, 'lon': 101.4075904, 'distance_m': 235, 'label': ""St. Stephen's English & Adventure Camp"", 'score': 0, 'anchor_m': 2837, 'keys': ['domain'], 'confidence': 0.687, 'overture_id': 'ea9d491d-8c51-4838-8a30-80307113adbb', 'category': 'educational_facility'}, {'source': 'arcgis_poi', 'distance_m': 91, 'label': ""St. Stephen's International School"", 'score': 3, 'anchor_m': 2811}]","{'level': 'tambon', 'label': 'ตำบลหนองน้ำแดง อำเภอปากช่อง จังหวัดนครราชสีมา'}",consensus-v2,True,high,True,St. Stephen's International School Khao Yai,True,1995,"['ONESQA', 'EDT']"
192,1130700004,นานาชาติเวสลี่,WESLEY INTERNATIONAL SCHOOL,นครราชสีมา,เมืองนครราชสีมา,โคกกรวด,306 หมู่ 8 ต.โคกกรวด อ.เมืองนครราชสีมา จ.นครราชสีมา 30280,https://www.wis.ac.th,OPEC Profile,https://www.wis.ac.th,https://www.facebook.com/wiskorat,044756291,0956020116,,14.9182676,101.9811895,"ยืนยันตรงกันหลายแหล่ง: ArcGIS POI, OPEC, Overture Maps (ทุกแหล่งห่างจากจุดนี้ไม่เกิน 82 ม.)",Exact,https://school.opec.go.th/school/1130700004,"['ก่อนอนุบาล', 'อนุบาล', 'ประถมศึกษา', 'มัธยมศึกษาตอนต้น', 'มัธยมศึกษาตอนปลาย']",ก่อนอนุบาล - มัธยมศึกษาตอนปลาย,73,12,"['California Department of Education, Common Core State Curriculum']",,นางสาวสุพรรษา กล้าสูงเนิน,,ไม่รับเงินอุดหนุน,"Wesley International School was founded in August 2015 with the vision to engage and, through the Gospel, transform the future leaders of Thailand. WIS is located in Nakhon Ratchasima, just 200 km from the nation’s capital. We currently offer classes from Pre-K (age 2) to Grade 9 and will expand to Grade 10 for the academic year 2024-2025.
As an international school, WIS follows the official Common Core State Standards, also known as the U.S. national standards, for foundational subjects such as English Language Arts and Maths.

WIS is a candidate for accreditation as approved by the Accrediting Commission for Schools, Western Association of Schools and Colleges.",A world shaped by Christlike global citizens who compassionately challenge the status quo.,"To cultivate intelligences, transform characters, and develop global citizens.",,,,,https://pedb.opec.go.th/web/SchoolPdc.htm?mode=showPicture&t=1&id=16938,@wisofficial,https://www.instagram.com/wis_korat/,,,2026-09-14 01:07:55,2026-09-29 18:07:04,14.918255,101.98111599999993,"['ArcGIS POI', 'OPEC', 'Overture Maps']","[{'source': 'opec', 'lat': 14.918255, 'lon': 101.981116, 'distance_m': 8, 'label': 'OPEC', 'anchor_m': 1943}, {'source': 'overture', 'lat': 14.9182676, 'lon': 101.9811895, 'distance_m': 0, 'label': 'Wesley International School', 'score': 3, 'anchor_m': 1949, 'keys': ['domain', 'name', 'phone'], 'confidence': 0.986, 'overture_id': 'ea5bd4c7-ebbc-419a-9c83-52656151beea', 'category': 'place_of_learning'}, {'source': 'arcgis_poi', 'distance_m': 82, 'label': 'Wesley International School', 'score': 3, 'anchor_m': 1908}]","{'level': 'tambon', 'label': 'ตำบลโคกกรวด อำเภอเมืองนครราชสีมา จังหวัดนครราชสีมา'}",consensus-v2,True,high,True,Wesley International School,True,2015,"['ONESQA', 'ACS WASC']"
193,1134700001,นานาชาติแอ๊ดเวนตีสมิชชั่นอุบล,Ubon Adventist International Mission School,อุบลราชธานี,เมืองอุบลราชธานี,ในเมือง,148 ถนน พโลรังฤทธิ์ ต.ในเมือง อ.เมืองอุบลราชธานี จ.อุบลราชธานี 34000,,Not Checked,,,,,,15.2306919,104.8635935,"ยืนยันตรงกันหลายแหล่ง: ArcGIS POI, OPEC, Overture Maps (ทุกแหล่งห่างจากจุดนี้ไม่เกิน 113 ม.)",Exact,https://school.opec.go.th/school/1134700001,"['ก่อนอนุบาล', 'อนุบาล', 'ประถมศึกษา', 'มัธยมศึกษาตอนต้น', 'มัธยมศึกษาตอนปลาย']",ก่อนอนุบาล - มัธยมศึกษาตอนปลาย,440,51,"['หลักสูตรนานาชาติเอกมัย', 'หลักสูตรนานาชาติแอ๊ดเวนตีส กรุงเทพ']",,นางสาวอุดม แสงสว่าง,นายเกรียงศักดิ์ กิติทรัพย์,ไม่รับเงินอุดหนุน,,,,,,,,https://pedb.opec.go.th/web/SchoolPdc.htm?mode=showPicture&t=1&id=7909,,,,,2026-09-14 01:07:55,2026-09-29 18:07:04,15.230827,104.863321,"['ArcGIS POI', 'OPEC', 'Overture Maps']","[{'source': 'opec', 'lat': 15.230827, 'lon': 104.863321, 'distance_m': 33, 'label': 'OPEC', 'anchor_m': 509}, {'source': 'overture', 'lat': 15.2306919, 'lon': 104.8635935, 'distance_m': 0, 'label': 'Ubon Adventist International Mission School', 'score': 4, 'anchor_m': 525, 'keys': ['domain', 'name'], 'confidence': 0.981, 'overture_id': '835ff5d7-c461-457b-b9c7-f5a45da14385', 'category': 'place_of_learning'}, {'source': 'arcgis_poi', 'distance_m': 113, 'label': 'Ubon Adventist International Mision School', 'score': 3, 'anchor_m': 635}, {'source': 'arcgis_address', 'distance_m': 113, 'label': 'PointAddress: 148 ถนนพโลรังฤทธิ์ ตำบลในเมือง อำเภอเมืองอุบลราชธานี จังหวัดอุบลราชธานี 3400', 'anchor_m': 635, 'copy': True}, {'source': 'arcgis_address', 'distance_m': 683, 'label': 'PointAddress: 14/8 ถนนพโลรังฤทธิ์ ตำบลในเมือง อำเภอเมืองอุบลราชธานี จังหวัดอุบลราชธานี 340', 'anchor_m': 1181}]","{'level': 'tambon', 'label': 'ตำบลในเมือง อำเภอเมืองอุบลราชธานี จังหวัดอุบลราชธานี'}",consensus-v2,True,high,True,Ubon Adventist International Mission School,False,2011,[]
194,1134700002,นานาชาติบีกิน,Begins international School,อุบลราชธานี,เมืองอุบลราชธานี,ในเมือง,119 ซอย ชยางกูร 21 ถนน ชยางกูร ต.ในเมือง อ.เมืองอุบลราชธานี จ.อุบลราชธานี 34000,https://www.begins.ac.th/,OPEC Profile,https://www.begins.ac.th/,https://www.facebook.com/BeginsInter,,,,15.2649994,104.8344876,OPEC ยังไม่มีแหล่งอื่นยืนยัน (พิกัดประมาณการ),Approximate,https://school.opec.go.th/school/1134700002,"['อนุบาล', 'ประถมศึกษา']",อนุบาล - ประถมศึกษา,24,7,[],นางสาวศรินทร์ รัตนาภิรตานนท์,นางสาวจริมศรี เพ็ชรกุล,นางสาวศรินทร์ รัตนาภิรตานนท์,ไม่รับเงินอุดหนุน,,,,,,,,https://pedb.opec.go.th/web/SchoolPdc.htm?mode=showPicture&t=1&id=25897,@begins,,,,2026-09-14 01:07:55,2026-09-29 18:07:04,15.26499937393247,104.83448764232789,[],"[{'source': 'opec', 'lat': 15.2649994, 'lon': 104.8344876, 'distance_m': 0, 'label': 'OPEC', 'anchor_m': 4893}]","{'level': 'tambon', 'label': 'ตำบลในเมือง อำเภอเมืองอุบลราชธานี จังหวัดอุบลราชธานี'}",consensus-v2,False,low,,,,,
195,1140700001,นานาชาติขอนแก่น,Khon Kaen International School,ขอนแก่น,เมืองขอนแก่น,เมืองเก่า,361 หมู่ 8 ถนน รอบเมือง ต.เมืองเก่า อ.เมืองขอนแก่น จ.ขอนแก่น 40000,https://kkisinterschool.wixsite.com/mysite,OPEC Profile,https://kkisinterschool.wixsite.com/mysite,https://web.facebook.com/KKISINTERSCHOOL/?locale=th_TH&_rdc=1&_rdr,0630258111,0630258111,,16.3981263,102.7904121,"ยืนยันตรงกันหลายแหล่ง: OPEC, Overture Maps (ทุกแหล่งห่างจากจุดนี้ไม่เกิน 11 ม.) — มีจุดชื่อเดียวกันอีก 1 จุด ห่าง 13.0 กม.ขึ้นไป (วิทยาเขตอื่นหรือย้ายที่ตั้ง?)",Exact,https://school.opec.go.th/school/1140700001,"['ก่อนอนุบาล', 'อนุบาล', 'ประถมศึกษา']",ก่อนอนุบาล - ประถมศึกษา,53,11,['หลักสูตรของสำนักการศึกษาแห่งรัฐแคลิฟอร์เนีย ประเทศสหรัฐอเมริกา'],นายอนุรักษ์  ปวงคำ,นายวาสนา ไชยศึก,นางสาวณัฐสุดา  งามชัด,ไม่รับเงินอุดหนุน,,,,,,,,https://pedb.opec.go.th/web/SchoolPdc.htm?mode=showPicture&t=1&id=8390,@@545twplr,,,,2026-09-14 01:07:55,2026-09-29 18:07:04,16.3981831,102.7905002,"['OPEC', 'Overture Maps']","[{'source': 'opec', 'lat': 16.3981831, 'lon': 102.7905002, 'distance_m': 11, 'label': 'OPEC', 'anchor_m': 504}, {'source': 'overture', 'lat': 16.3981263, 'lon': 102.7904121, 'distance_m': 0, 'label': 'Khon Kaen International School', 'score': 0, 'anchor_m': 505, 'keys': ['domain'], 'confidence': 0.978, 'overture_id': '43d6a456-2092-4b81-af09-35dcb5890ca7', 'category': 'place_of_learning'}, {'source': 'dopa', 'lat': 16.4954325, 'lon': 102.7232704, 'distance_m': 12975, 'label': 'โรงเรียนนานาชาติขอนแก่น', 'score': 3, 'anchor_m': 12471}]","{'level': 'tambon', 'label': 'ตำบลเมืองเก่า อำเภอเมืองขอนแก่น จังหวัดขอนแก่น'}",consensus-v2,True,high,True,Khon Kaen International School,False,,['ONESQA']
196,1140700002,นานาชาติรัตน์ฉัตร,Ratchut International School,ขอนแก่น,เมืองขอนแก่น,พระลับ,45 หมู่ 1 ต.พระลับ อ.เมืองขอนแก่น จ.ขอนแก่น 40000,,Not Checked,,,,,,16.3987171,102.8816414,"ยืนยันตรงกันหลายแหล่ง: ArcGIS POI, Overture Maps (ทุกแหล่งห่างจากจุดนี้ไม่เกิน 41 ม.) — มีจุดชื่อเดียวกันอีก 2 จุด ห่าง 6.4 กม.ขึ้นไป (วิทยาเขตอื่นหรือย้ายที่ตั้ง?)",Exact,https://school.opec.go.th/school/1140700002,"['ก่อนอนุบาล', 'อนุบาล', 'ประถมศึกษา']",ก่อนอนุบาล - ประถมศึกษา,47,7,"['Australian Montessori National Curriculum', 'หลักสูตรวิชาภาษาไทย วัฒนธรรมและประวัติศาสตร์ไทย']",,ดร.นพดล ฉัตรชัยพลรัตน์,,ไม่รับเงินอุดหนุน,,,,,,,,https://pedb.opec.go.th/web/SchoolPdc.htm?mode=showPicture&t=1&id=25576,,,,,2026-09-14 01:07:55,2026-09-29 18:07:04,,,"['ArcGIS POI', 'Overture Maps']","[{'source': 'overture', 'lat': 16.0685242, 'lon': 102.6784264, 'distance_m': 42647, 'label': 'Ratchut School', 'score': 3, 'anchor_m': 45241, 'keys': ['domain', 'name'], 'confidence': 0.98, 'overture_id': '79014272-be13-49fc-9ae0-812536b6a206', 'category': 'place_of_learning'}, {'source': 'overture', 'lat': 16.3987171, 'lon': 102.8816414, 'distance_m': 0, 'label': 'Ratchut International School - โรงเรียนนานาชาติรัตน์ฉัตร', 'score': 3, 'anchor_m': 2701, 'keys': ['name'], 'confidence': 0.947, 'overture_id': '456a963a-8409-4974-a51d-ff99fe5de5fb', 'category': 'education'}, {'source': 'overture', 'lat': 16.4457346, 'lon': 102.8476066, 'distance_m': 6365, 'label': 'โรงเรียนรัตน์ฉัตร สาขาขอนแก่น Ratchut School', 'score': 3, 'anchor_m': 6560, 'keys': ['name'], 'confidence': 0.835, 'overture_id': '297c88f3-d608-4464-82fb-c9ac6e9e5b22', 'category': 'place_of_learning'}, {'source': 'arcgis_poi', 'distance_m': 41, 'label': 'Ratchut International School', 'score': 3, 'anchor_m': 2661}]","{'level': 'tambon', 'label': 'ตำบลพระลับ อำเภอเมืองขอนแก่น จังหวัดขอนแก่น'}",consensus-v2,True,high,,,,,
197,1140700003,นานาชาติเอเชียสิงคโปร์,Asia Singapore International School,ขอนแก่น,เมืองขอนแก่น,ในเมือง,282 ถนน มิตรภาพ ต.ในเมือง อ.เมืองขอนแก่น จ.ขอนแก่น 40000,,Not Checked,,,,,,16.4041,102.81024,Overture Maps ยังไม่มีแหล่งอื่นยืนยัน (พิกัดประมาณการ),Approximate,https://school.opec.go.th/school/1140700003,"['อนุบาล', 'ประถมศึกษา']",อนุบาล - ประถมศึกษา,65,4,"['Nurturing Early Learners', 'Singapore Primary School Curriculum']",,,,ไม่รับเงินอุดหนุน,,,,,,,,https://pedb.opec.go.th/web/SchoolPdc.htm?mode=showPicture&t=1&id=25998,,,,,2026-09-14 01:07:56,2026-09-29 18:07:04,,,[],"[{'source': 'overture', 'lat': 16.4041, 'lon': 102.81024, 'distance_m': 0, 'label': 'Asia Singapore International School - ASIS', 'score': 0, 'anchor_m': 3527, 'keys': ['domain'], 'confidence': 0.763, 'overture_id': '3783bfe1-61c9-46e6-b79c-5edb299c525e', 'category': 'place_of_learning'}, {'source': 'arcgis_address', 'distance_m': 4712, 'label': 'PointAddress: 28/2 ถนนมิตรภาพ ตำบลในเมือง อำเภอเมืองขอนแก่น จังหวัดขอนแก่น 40000', 'anchor_m': 1425}, {'source': 'arcgis_address', 'distance_m': 4704, 'label': 'PointAddress: 28/2 ถนนมิตรภาพ ตำบลในเมือง อำเภอเมืองขอนแก่น จังหวัดขอนแก่น 40000', 'anchor_m': 1507}]","{'level': 'tambon', 'label': 'ตำบลในเมือง อำเภอเมืองขอนแก่น จังหวัดขอนแก่น'}",consensus-v2,False,low,True,Asia Singapore International School,False,2025,[]
198,1140700004,นานาชาติอเมริกันไพรม,AMERICAN PRIME INTERNATIONAL SCHOOL,ขอนแก่น,เมืองขอนแก่น,บ้านเป็ด,99/9 หมู่ 20 ถนน มะลิวัลย์ ต.บ้านเป็ด อ.เมืองขอนแก่น จ.ขอนแก่น 40000,https://apis-kk.com/,OPEC Profile,https://apis-kk.com/,https://web.facebook.com/apiskkschool,,0989742333,,16.4454966,102.7922987,"ยืนยันตรงกันหลายแหล่ง: ArcGIS บ้านเลขที่, OPEC, Overture Maps (ทุกแหล่งห่างจากจุดนี้ไม่เกิน 205 ม.)",Exact,https://school.opec.go.th/school/1140700004,"['อนุบาล', 'ประถมศึกษา']",อนุบาล - ประถมศึกษา,39,12,"['California Common Core State Standards', 'California Infant/Toddler Curriculum Framework', 'California Preschool Curriculum Framework', 'หลักสูตรภาษาไทย วัฒนธรรมไทยและประวัติศาสตร์ไทย']",,,,ไม่รับเงินอุดหนุน,,,,,,,,https://pedb.opec.go.th/web/SchoolPdc.htm?mode=showPicture&t=1&id=26014,@apiskk,,tiktok.com/@apiskkschool,,2026-09-14 01:07:55,2026-09-29 18:07:04,16.445344174889446,102.79246886299893,"['ArcGIS บ้านเลขที่', 'OPEC', 'Overture Maps']","[{'source': 'opec', 'lat': 16.4453442, 'lon': 102.7924689, 'distance_m': 25, 'label': 'OPEC', 'anchor_m': 3056}, {'source': 'overture', 'lat': 16.4454966, 'lon': 102.7922987, 'distance_m': 0, 'label': 'APIS American Prime International School', 'score': 0, 'anchor_m': 3044, 'keys': ['domain', 'phone'], 'confidence': 0.964, 'overture_id': 'a6ce5e9e-9afc-43a0-921e-ab3722a1fa32', 'category': 'preschool'}, {'source': 'arcgis_address', 'distance_m': 814, 'label': 'PointAddress: 20 ถนนมะลิวัลย์ ตำบลบ้านเป็ด อำเภอเมืองขอนแก่น จังหวัดขอนแก่น 40000', 'anchor_m': 3785}, {'source': 'arcgis_address', 'distance_m': 205, 'label': 'PointAddress: 20 ถนนมะลิวัลย์ ตำบลบ้านเป็ด อำเภอเมืองขอนแก่น จังหวัดขอนแก่น 40000', 'anchor_m': 3229}, {'source': 'arcgis_address', 'distance_m': 7423, 'label': 'PointAddress: 20 ถนนมะลิวัลย์ ตำบลบ้านทุ่ม อำเภอเมืองขอนแก่น จังหวัดขอนแก่น 40000', 'anchor_m': 4592}]","{'level': 'tambon', 'label': 'ตำบลบ้านเป็ด อำเภอเมืองขอนแก่น จังหวัดขอนแก่น'}",consensus-v2,True,high,True,American Prime International School,False,2023,[]
199,1141700001,นานาชาติอุดรธานี,Udon Thani International School,อุดรธานี,เมืองอุดรธานี,กุดสระ,222/2 ต.กุดสระ อ.เมืองอุดรธานี จ.อุดรธานี 41000,,Not Checked,,,,,,17.4952713,102.7972189,กรมการปกครอง ชื่อตรงกับโรงเรียน (โรงเรียนนานานชาติอุดรธานี) และอยู่ในตำบลที่จดทะเบียน,Exact,https://school.opec.go.th/school/1141700001,"['ก่อนอนุบาล', 'อนุบาล', 'ประถมศึกษา', 'มัธยมศึกษาตอนต้น', 'มัธยมศึกษาตอนปลาย']",ก่อนอนุบาล - มัธยมศึกษาตอนปลาย,170,49,"['International Baccalaureate (IB) Diploma Program', 'The national Curriculum in England']",,,,ไม่รับเงินอุดหนุน,,,,,,,,https://pedb.opec.go.th/web/SchoolPdc.htm?mode=showPicture&t=1&id=16753,,,,,2026-09-14 01:07:56,2026-09-29 19:05:31,17.495336,102.79681600000004,['กรมการปกครอง'],"[{'source': 'opec', 'lat': 17.495336, 'lon': 102.796816, 'distance_m': 43, 'label': 'OPEC', 'anchor_m': 1779, 'shared': True}, {'source': 'dopa', 'lat': 17.4952713, 'lon': 102.7972189, 'distance_m': 0, 'label': 'โรงเรียนนานานชาติอุดรธานี', 'score': 3, 'anchor_m': 1737}, {'source': 'dopa', 'lat': 17.4952713, 'lon': 102.7972189, 'distance_m': 0, 'label': 'โรงเรียนนานานชาติอุดรธานี', 'score': 3, 'anchor_m': 1737}, {'source': 'arcgis_address', 'distance_m': 1011, 'label': 'PointAddress: 222 ทางหลวงแผ่นดินหมายเลข 2 ตำบลหมูม่น อำเภอเมืองอุดรธานี จังหวัดอุดรธานี 41', 'anchor_m': 1781}]","{'level': 'tambon', 'label': 'ตำบลกุดสระ อำเภอเมืองอุดรธานี จังหวัดอุดรธานี'}",consensus-v2,True,medium,True,Udon Thani International School,False,2014,['CIS']
200,1141700002,ประชาคมนานาชาติ อุดรธานี,INTERNATIONAL COMMUNITY SCHOOL UDON THANI,อุดรธานี,เมืองอุดรธานี,นาข่า,214 หมู่ 11 ถนน มิตรภาพอุดร-หนองคาย ต.นาข่า อ.เมืองอุดรธานี จ.อุดรธานี 41000,,Not Checked,,,,,,17.5304032,102.7962828,"ยืนยันตรงกันหลายแหล่ง: ArcGIS POI, Overture Maps (ทุกแหล่งห่างจากจุดนี้ไม่เกิน 247 ม.)",Exact,https://school.opec.go.th/school/1141700002,"['อนุบาล', 'ประถมศึกษา', 'มัธยมศึกษาตอนต้น', 'มัธยมศึกษาตอนปลาย']",อนุบาล - มัธยมศึกษาตอนปลาย,247,44,"['หลักสูตรสหรัฐอเมริกัน', 'American Curriculum']",,นางสาวกฤติยา  ตรงธรรมชัย,นางอังสนา  กิ่งหิรัญวัฒนา,ไม่รับเงินอุดหนุน,,,,,,,,https://pedb.opec.go.th/web/SchoolPdc.htm?mode=showPicture&t=1&id=24401,,,,,2026-09-14 01:07:58,2026-09-29 18:07:04,17.495407615746302,102.7968052689919,"['ArcGIS POI', 'Overture Maps']","[{'source': 'opec', 'lat': 17.4954076, 'lon': 102.7968053, 'distance_m': 3892, 'label': 'OPEC', 'anchor_m': 5386, 'shared': True}, {'source': 'overture', 'lat': 17.5304032, 'lon': 102.7962828, 'distance_m': 0, 'label': 'International Community School Udon Thani', 'score': 3, 'anchor_m': 1527, 'keys': ['name'], 'confidence': 0.763, 'overture_id': '3fc11e74-f244-4033-b660-a8f28901dc12', 'category': 'place_of_learning'}, {'source': 'overture', 'lat': 17.5301568, 'lon': 102.7957836, 'distance_m': 60, 'label': 'ICS Udon Thani', 'score': 0, 'anchor_m': 1567, 'keys': ['domain'], 'confidence': 0.975, 'overture_id': 'f77170fc-4bcc-471c-b63a-fe30211dcfba', 'category': 'place_of_learning'}, {'source': 'dopa', 'lat': 17.52624, 'lon': 102.7990857, 'distance_m': 550, 'label': 'โรงเรียนประชาคมนานาชาติอุดรธานี', 'score': 3, 'anchor_m': 1950}, {'source': 'dopa', 'lat': 17.52624, 'lon': 102.7990857, 'distance_m': 550, 'label': 'โรงเรียนประชาคมนานาชาติอุดรธานี', 'score': 3, 'anchor_m': 1950}, {'source': 'arcgis_poi', 'distance_m': 247, 'label': 'International Community School', 'score': 3, 'anchor_m': 1466}]","{'level': 'tambon', 'label': 'ตำบลนาข่า อำเภอเมืองอุดรธานี จังหวัดอุดรธานี'}",consensus-v2,True,high,True,International Community School Udon Thani,False,2020,"['ONESQA', 'ACS WASC', 'ACSI']"
201,1141700003,อนุบาลนานาชาติ เฮย์ สคูล อุดรธานี,HEI School Udon Thani International Kindergarten,อุดรธานี,เมืองอุดรธานี,หนองขอนกว้าง,889 หมู่ 4 ต.หนองขอนกว้าง อ.เมืองอุดรธานี จ.อุดรธานี 41000,,Not Checked,,,,,,17.3831955,102.832691,Overture Maps ชื่อตรงกับโรงเรียนและระบุวิทยาเขตเดียวกัน (HEI Schools Udonthani-International Kind) และอยู่ในตำบลที่จดทะเบียน,Exact,https://school.opec.go.th/school/1141700003,"['ก่อนอนุบาล', 'อนุบาล']",ก่อนอนุบาล - อนุบาล,12,6,[],,,,ไม่รับเงินอุดหนุน,,,,,,,,https://pedb.opec.go.th/web/SchoolPdc.htm?mode=showPicture&t=1&id=25896,,,,,2026-09-14 01:07:57,2026-09-29 18:07:04,,,['Overture Maps'],"[{'source': 'overture', 'lat': 17.3831955, 'lon': 102.832691, 'distance_m': 0, 'label': 'HEI Schools Udonthani-International Kindergarten', 'score': 3, 'anchor_m': 2732, 'keys': ['domain', 'name'], 'confidence': 0.797, 'overture_id': 'ce17dcb0-09e1-40b7-a256-1983f69b499a', 'category': 'education'}]","{'level': 'tambon', 'label': 'ตำบลหนองขอนกว้าง อำเภอเมืองอุดรธานี จังหวัดอุดรธานี'}",consensus-v2,True,medium,,,,,
202,1145700001,นานาชาติซิลเวอร์เฟิร์น,SILVER FERN INTERNATIONAL SCHOOL,ร้อยเอ็ด,เมืองร้อยเอ็ด,เหนือเมือง,16 หมู่ที่ 21 ต.เหนือเมือง อ.เมืองร้อยเอ็ด จ.ร้อยเอ็ด 45000,,Not Checked,,,,,,16.0933434,103.6765328,"ยืนยันตรงกันหลายแหล่ง: ArcGIS POI, OpenStreetMap, Overture Maps, กรมการปกครอง (ทุกแหล่งห่างจากจุดนี้ไม่เกิน 57 ม.)",Exact,https://school.opec.go.th/school/1145700001,"['อนุบาล', 'ประถมศึกษา']",อนุบาล - ประถมศึกษา,55,5,['The International Baccalaureate (IB)'],,,,ไม่รับเงินอุดหนุน,,,,,,,,https://pedb.opec.go.th/web/SchoolPdc.htm?mode=showPicture&t=1&id=16936,,,,,2026-09-14 01:07:57,2026-09-29 18:07:04,15.230827,104.863321,"['ArcGIS POI', 'OpenStreetMap', 'Overture Maps', 'กรมการปกครอง']","[{'source': 'osm', 'lat': 16.0933434, 'lon': 103.6765328, 'distance_m': 0, 'label': 'โรงเรียนนานาชาติ ชิลเวอร์เฟิร์น / Silver Fern International School', 'score': 4, 'osm_id': 'n7996653486', 'anchor_m': 3358}, {'source': 'overture', 'lat': 16.0936157, 'lon': 103.6769831, 'distance_m': 57, 'label': 'Silver Fern International School', 'score': 4, 'anchor_m': 3414, 'keys': ['domain', 'name'], 'confidence': 0.976, 'overture_id': '3fb54105-e970-44ed-8a4f-fcbede90b4cb', 'category': 'place_of_learning'}, {'source': 'overture', 'lat': 16.0935795, 'lon': 103.6766539, 'distance_m': 29, 'label': 'โรงเรียนนานาชาติซิลเวอร์เฟิร์น ร้อยเอ็ด', 'score': 3, 'anchor_m': 3385, 'keys': ['name'], 'confidence': 0.957, 'overture_id': '8baf183d-2bd2-4baa-8746-0ca421cf4fdd', 'category': 'college_university'}, {'source': 'dopa', 'lat': 16.0936848, 'lon': 103.676687, 'distance_m': 41, 'label': 'โรงเรียนนานาชาติซิลเวอร์เฟิร์น', 'score': 3, 'anchor_m': 3395}, {'source': 'dopa', 'lat': 16.0935818, 'lon': 103.6767179, 'distance_m': 33, 'label': 'ห้องสมุดโรงเรียนนานาชาติซิลเวอร์เฟิร์น', 'score': 3, 'anchor_m': 3390}, {'source': 'dopa', 'lat': 16.0936848, 'lon': 103.676687, 'distance_m': 41, 'label': 'โรงเรียนนานาชาติซิลเวอร์เฟิร์น', 'score': 3, 'anchor_m': 3395}, {'source': 'arcgis_poi', 'distance_m': 37, 'label': 'Silver Fern International School', 'score': 4, 'anchor_m': 3351}]","{'level': 'tambon', 'label': 'ตำบลเหนือเมือง อำเภอเมืองร้อยเอ็ด จังหวัดร้อยเอ็ด'}",consensus-v2,True,high,True,Silver Fern International School,False,2015,"['CIS', 'ONESQA Candidate']"
203,1150700001,นานาชาติเชียงใหม่,CHIANG MAI INTERNATIONAL SCHOOL,เชียงใหม่,เมืองเชียงใหม่,วัดเกต,13 ถนน เชตุพน ต.วัดเกต อ.เมืองเชียงใหม่ จ.เชียงใหม่ 50000,,Not Checked,,,,,,18.7979346,99.0048827,"ยืนยันตรงกันหลายแหล่ง: OPEC, Overture Maps (ทุกแหล่งห่างจากจุดนี้ไม่เกิน 34 ม.)",Exact,https://school.opec.go.th/school/1150700001,"['อนุบาล', 'ประถมศึกษา', 'มัธยมศึกษาตอนต้น', 'มัธยมศึกษาตอนปลาย']",อนุบาล - มัธยมศึกษาตอนปลาย,537,66,"['หลักสูตรสหรัฐอเมริกัน', 'American Curriculum']",,นายพีร์ ตนานนท์,,ไม่รับเงินอุดหนุน,,,,,,,,https://pedb.opec.go.th/web/SchoolPdc.htm?mode=showPicture&t=1&id=9703,,,,,2026-09-14 01:07:58,2026-09-29 18:07:04,18.797887,99.004565,"['OPEC', 'Overture Maps']","[{'source': 'opec', 'lat': 18.797887, 'lon': 99.004565, 'distance_m': 34, 'label': 'OPEC', 'anchor_m': 609}, {'source': 'overture', 'lat': 18.7979346, 'lon': 99.0048827, 'distance_m': 0, 'label': 'Chiang Mai International School (CMIS) โรงเรียนนานาชาติเชียงใหม่', 'score': 0, 'anchor_m': 625, 'keys': ['domain'], 'confidence': 0.77, 'overture_id': '0a023219-bd69-4f61-83d4-fb3e135293cd', 'category': 'education'}]","{'level': 'tambon', 'label': 'ตำบลวัดเกต อำเภอเมืองเชียงใหม่ จังหวัดเชียงใหม่'}",consensus-v2,True,high,True,Chiang Mai International School,False,1954,"['ONESQA', 'ACS WASC']"
204,1150700002,นานาชาติลานนา,LANNA INTERNATIONAL SCHOOL,เชียงใหม่,หางดง,บ้านแหวน,166 หมู่ 10 ต.บ้านแหวน อ.หางดง จ.เชียงใหม่ 50230,https://www.lannaist.ac.th,OPEC Profile,https://www.lannaist.ac.th,,052000838,,,18.6968103,98.9658441,"ยืนยันตรงกันหลายแหล่ง: OPEC, OpenStreetMap, Overture Maps, กรมการปกครอง (ทุกแหล่งห่างจากจุดนี้ไม่เกิน 192 ม.) — มีจุดชื่อเดียวกันอีก 7 จุด ห่าง 5.6 กม.ขึ้นไป (วิทยาเขตอื่นหรือย้ายที่ตั้ง?)",Exact,https://school.opec.go.th/school/1150700002,"['ก่อนอนุบาล', 'อนุบาล', 'ประถมศึกษา', 'มัธยมศึกษาตอนต้น', 'มัธยมศึกษาตอนปลาย']",ก่อนอนุบาล - มัธยมศึกษาตอนปลาย,814,74,"['หลักสูตรเวลส์', 'หลักสูตรสหราชอาณาจักร', 'อังกฤษ']",,นางนันทวรรณ วัฒนวราห์,นางพิชญากร อัครโยธินทร์,ไม่รับเงินอุดหนุน,,,,,,,,https://pedb.opec.go.th/web/SchoolPdc.htm?mode=showPicture&t=1&id=9704,,,,,2026-09-14 01:08:00,2026-09-29 18:07:04,18.6971177,98.96404779999999,"['OPEC', 'OpenStreetMap', 'Overture Maps', 'กรมการปกครอง']","[{'source': 'opec', 'lat': 18.6971177, 'lon': 98.9640478, 'distance_m': 192, 'label': 'OPEC', 'anchor_m': 3670}, {'source': 'osm', 'lat': 18.7474477, 'lon': 98.9598275, 'distance_m': 5666, 'label': 'โรงเรียนนานาชาติลานนา / Lanna International School', 'score': 3, 'osm_id': 'w177273026', 'anchor_m': 6975}, {'source': 'osm', 'lat': 18.6968103, 'lon': 98.9658441, 'distance_m': 0, 'label': 'Lanna International School Thailand / Lanna International School Thailand', 'score': 3, 'osm_id': 'w574736174', 'anchor_m': 3852}, {'source': 'overture', 'lat': 18.6965113, 'lon': 98.9650473, 'distance_m': 90, 'label': 'Lanna International School', 'score': 3, 'anchor_m': 3764, 'keys': ['domain', 'name', 'phone'], 'confidence': 0.978, 'overture_id': 'a32d9be1-fe5f-4db2-abbc-992059e31433', 'category': 'place_of_learning'}, {'source': 'overture', 'lat': 18.7473463, 'lon': 98.9597872, 'distance_m': 5655, 'label': 'Lanna International School Thailand', 'score': 3, 'anchor_m': 6963, 'keys': ['domain', 'name'], 'confidence': 0.934, 'overture_id': '1515b222-088c-4bb4-b65c-514bd304c895', 'category': 'community_and_government'}, {'source': 'overture', 'lat': 18.7566358, 'lon': 98.9647692, 'distance_m': 6653, 'label': 'โรงเรียนนานาชาติลานนา', 'score': 3, 'anchor_m': 8122, 'keys': ['name'], 'confidence': 0.82, 'overture_id': '880438ae-4a21-4df2-8ce5-48cc89585d6b', 'category': 'place_of_learning'}, {'source': 'overture', 'lat': 18.8101839, 'lon': 98.9902691, 'distance_m': 12866, 'label': 'โรงเรียนอนุบาลลานนา', 'score': 3, 'anchor_m': 14649, 'keys': ['name'], 'confidence': 0.707, 'overture_id': 'efc35719-09ed-4078-b54c-54a38a156ac9', 'category': 'place_of_learning'}, {'source': 'dopa', 'lat': 18.7472861, 'lon': 98.9599796, 'distance_m': 5647, 'label': 'โรงเรียนนานาชาติลานนา', 'score': 3, 'anchor_m': 6966}, {'source': 'dopa', 'lat': 18.6969745, 'lon': 98.9642577, 'distance_m': 168, 'label': 'นานาชาติลานนา', 'score': 3, 'anchor_m': 3689}, {'source': 'arcgis_poi', 'distance_m': 5675, 'label': 'Lanna International School', 'score': 3, 'anchor_m': 6986}, {'source': 'arcgis_poi', 'distance_m': 5690, 'label': 'Lanna International School', 'score': 3, 'anchor_m': 6991}]","{'level': 'tambon', 'label': 'ตำบลบ้านแหวน อำเภอหางดง จังหวัดเชียงใหม่'}",consensus-v2,True,high,True,Lanna International School,False,1993,"['ONESQA', 'ACS WASC']"
205,1150700003,นานาชาตินครพายัพ,NAKORN PAYAP INTERNATIONAL SCHOOL,เชียงใหม่,เมืองเชียงใหม่,สันผีเสื้อ,240  หมู่ที่ 6 ถนน ฉลองสมโภช 700 ปี ต.สันผีเสื้อ อ.เมืองเชียงใหม่ จ.เชียงใหม่ 50300,,Not Checked,,,,,,18.8473408,98.9907046,"ยืนยันตรงกันหลายแหล่ง: ArcGIS POI, OpenStreetMap, Overture Maps, กรมการปกครอง (ทุกแหล่งห่างจากจุดนี้ไม่เกิน 65 ม.)",Exact,https://school.opec.go.th/school/1150700003,"['อนุบาล', 'ประถมศึกษา', 'มัธยมศึกษาตอนต้น', 'มัธยมศึกษาตอนปลาย']",อนุบาล - มัธยมศึกษาตอนปลาย,513,100,"['หลักสูตรสหรัฐอเมริกัน', 'หลักสูตรกลางของประเทศสหรัฐอเมริกา']",,นางนวินเดอร์  อาฮูยา,นางสแกวัลย์  เมืองแสน,ไม่รับเงินอุดหนุน,,,,,,,,https://pedb.opec.go.th/web/SchoolPdc.htm?mode=showPicture&t=1&id=9705,,,,,2026-09-14 01:07:59,2026-09-29 18:07:04,18.7944844,99.032191,"['ArcGIS POI', 'OpenStreetMap', 'Overture Maps', 'กรมการปกครอง']","[{'source': 'opec', 'lat': 18.7944844, 'lon': 99.032191, 'distance_m': 7322, 'label': 'OPEC', 'anchor_m': 5051}, {'source': 'osm', 'lat': 18.8473408, 'lon': 98.9907046, 'distance_m': 0, 'label': 'โรงเรียนนานาชาตินครพายัพ / Nakornpayap International School', 'score': 3, 'osm_id': 'w175761845', 'anchor_m': 2391}, {'source': 'overture', 'lat': 18.846754, 'lon': 98.9906763, 'distance_m': 65, 'label': 'Nakornpayap International School', 'score': 0, 'anchor_m': 2331, 'keys': ['domain'], 'confidence': 0.996, 'overture_id': '8d9c26ac-c374-4163-ace8-bf04bea6b273', 'category': 'place_of_learning'}, {'source': 'dopa', 'lat': 18.846939, 'lon': 98.9908102, 'distance_m': 46, 'label': 'โรงเรียนนานาชาตินครพายัพ', 'score': 3, 'anchor_m': 2345}, {'source': 'arcgis_poi', 'distance_m': 57, 'label': 'Nakorn Payap International School', 'score': 4, 'anchor_m': 2334}]","{'level': 'tambon', 'label': 'ตำบลสันผีเสื้อ อำเภอเมืองเชียงใหม่ จังหวัดเชียงใหม่'}",consensus-v2,True,high,True,Nakornpayap International School,False,1993,"['ONESQA', 'ACS WASC']"
206,1150700004,นานาชาติเปรม ติณสูลานนท์ อินเตอร์แนชชั่นแนล สคูล,Prem Tinsulanonda International School,เชียงใหม่,แม่ริม,ห้วยทราย,234   หมู่ที่ 3 ต.ห้วยทราย อ.แม่ริม จ.เชียงใหม่ 50180,,Not Checked,,,,,,18.9657669,98.9148254,"ยืนยันตรงกันหลายแหล่ง: ArcGIS POI, OpenStreetMap, Overture Maps, เว็บไซต์โรงเรียน (ทุกแหล่งห่างจากจุดนี้ไม่เกิน 378 ม.)",Exact,https://school.opec.go.th/school/1150700004,"['ก่อนอนุบาล', 'อนุบาล', 'ประถมศึกษา', 'มัธยมศึกษาตอนต้น', 'มัธยมศึกษาตอนปลาย']",ก่อนอนุบาล - มัธยมศึกษาตอนปลาย,568,110,"['หลักสูตร General Certificate of Secondary Education (GCSE)', 'หลักสูตร International Baccalaureate (IB)', 'IB']",หม่อมหลวงตรีทศยุทธ  เทวกุล,นางสุกัญญา  ชาร์ป็องติเยร์,นายโสพงษ์  สุวรรณธุ์ปินตัน,ไม่รับเงินอุดหนุน,,,,,,,,https://pedb.opec.go.th/web/SchoolPdc.htm?mode=showPicture&t=1&id=9706,,,,,2026-09-14 01:07:59,2026-09-29 18:07:04,18.7583461,99.0154215,"['ArcGIS POI', 'OpenStreetMap', 'Overture Maps', 'เว็บไซต์โรงเรียน']","[{'source': 'opec', 'lat': 18.7583461, 'lon': 99.0154215, 'distance_m': 25377, 'label': 'OPEC', 'anchor_m': 24641, 'shared': True}, {'source': 'osm', 'lat': 18.9657669, 'lon': 98.9148254, 'distance_m': 0, 'label': 'โรงเรียนนานาชาติเปรม ติณสูลานนท์ / Prem Tinsulanonda International School', 'score': 4, 'osm_id': 'w304926822', 'anchor_m': 736}, {'source': 'overture', 'lat': 18.9624043, 'lon': 98.9153271, 'distance_m': 378, 'label': 'Prem Tinsulanonda International School', 'score': 4, 'anchor_m': 384, 'keys': ['domain', 'name'], 'confidence': 0.987, 'overture_id': '5966438c-c542-42e5-9ae1-43f39b582ff1', 'category': 'place_of_learning'}, {'source': 'arcgis_poi', 'distance_m': 370, 'label': 'Prem Tinsulanonda International School', 'score': 4, 'anchor_m': 415}, {'source': 'website', 'lat': 18.962549, 'lon': 98.915215, 'distance_m': 360, 'label': 'https://ptis.ac.th', 'pin': 'place', 'origin': 'school', 'anchor_m': 403}]","{'level': 'tambon', 'label': 'ตำบลห้วยทราย อำเภอแม่ริม จังหวัดเชียงใหม่'}",consensus-v2,True,high,True,Prem Tinsulanonda International School,True,2001,"['ONESQA', 'CIS', 'NEASC']"
207,1150700005,นานาชาติอเมริกันแปซิฟิก,AMERICAN PACIFIC INTERNATIONAL SCHOOL,เชียงใหม่,หางดง,บ้านปง,158/1 หมู่ 3 ถนน หางดง-สะเมิง ต.บ้านปง อ.หางดง จ.เชียงใหม่ 50230,,Not Checked,,,,,,18.7882894,98.842251,"ยืนยันตรงกันหลายแหล่ง: ArcGIS POI, OPEC, OpenStreetMap, Overture Maps, กรมการปกครอง (ทุกแหล่งห่างจากจุดนี้ไม่เกิน 206 ม.)",Exact,https://school.opec.go.th/school/1150700005,"['อนุบาล', 'ประถมศึกษา', 'มัธยมศึกษาตอนต้น', 'มัธยมศึกษาตอนปลาย']",อนุบาล - มัธยมศึกษาตอนปลาย,86,23,"['หลักสูตรสหรัฐอเมริกัน', 'IB - International Baccalaureate Organization']",,น.ส.จารุพรรณี  พลาฤทธิ์,น.ส.จารุพรรณี  พลาฤทธิ์,ไม่รับเงินอุดหนุน,,,,,,,,https://pedb.opec.go.th/web/SchoolPdc.htm?mode=showPicture&t=1&id=9707,,,,,2026-09-14 01:07:58,2026-09-29 18:07:04,18.7882484,98.8422299,"['ArcGIS POI', 'OPEC', 'OpenStreetMap', 'Overture Maps', 'กรมการปกครอง']","[{'source': 'opec', 'lat': 18.7882484, 'lon': 98.8422299, 'distance_m': 5, 'label': 'OPEC', 'anchor_m': 6527}, {'source': 'osm', 'lat': 18.7882894, 'lon': 98.842251, 'distance_m': 0, 'label': 'โรงเรียนนานาชาติ อเมริกันแปซิฟิก / American Pacific International School', 'score': 3, 'osm_id': 'n2438297969', 'anchor_m': 6529}, {'source': 'osm', 'lat': 18.7484253, 'lon': 98.9426472, 'distance_m': 11462, 'label': 'American Pacific International School (Primary) / American Pacific International School (P', 'score': 3, 'osm_id': 'w318023900', 'anchor_m': 5606}, {'source': 'overture', 'lat': 18.690506, 'lon': 98.922199, 'distance_m': 13751, 'label': 'American Pacific International School', 'score': 3, 'anchor_m': 7480, 'keys': ['domain', 'name'], 'confidence': 0.828, 'overture_id': 'f2720413-911a-4b5e-b559-98fbb17425a3', 'category': 'place_of_learning'}, {'source': 'overture', 'lat': 18.7277739, 'lon': 98.945032, 'distance_m': 12743, 'label': 'American Pacific International School', 'score': 3, 'anchor_m': 6363, 'keys': ['domain', 'name'], 'confidence': 0.77, 'overture_id': '5ad34c4e-8796-45d4-b012-8960a91cc425', 'category': 'college_university'}, {'source': 'overture', 'lat': 18.783792, 'lon': 98.8553238, 'distance_m': 1464, 'label': 'American Pacific International School - APIS', 'score': 0, 'anchor_m': 5182, 'keys': ['domain'], 'confidence': 0.933, 'overture_id': 'c34d2a9a-20f4-4d33-8a16-af8696ab135d', 'category': 'place_of_learning'}, {'source': 'overture', 'lat': 18.7881098, 'lon': 98.8419253, 'distance_m': 40, 'label': 'โรงเรียนนานาชาติอเมริกันแปซิฟิค', 'score': 0, 'anchor_m': 6542, 'keys': ['domain'], 'confidence': 0.918, 'overture_id': '55c220c7-178a-4e2a-969f-c896f08a4e2b', 'category': 'education'}, {'source': 'dopa', 'lat': 18.7485535, 'lon': 98.9429878, 'distance_m': 11489, 'label': 'American Pacific International School', 'score': 3, 'anchor_m': 5642}, {'source': 'dopa', 'lat': 18.7868468, 'lon': 98.8410249, 'distance_m': 206, 'label': 'โรงเรียนนานาชาติอเมริกันแปซิฟิก', 'score': 3, 'anchor_m': 6526}, {'source': 'arcgis_poi', 'distance_m': 37, 'label': 'American Pacific International School', 'score': 3, 'anchor_m': 6517}, {'source': 'arcgis_address', 'distance_m': 15782, 'label': 'PointAddress: 158/1 หมู่ 3 ตำบลหนองแก๋ว อำเภอหางดง จังหวัดเชียงใหม่ 50230', 'anchor_m': 9783}]","{'level': 'tambon', 'label': 'ตำบลบ้านปง อำเภอหางดง จังหวัดเชียงใหม่'}",consensus-v2,True,high,True,American Pacific International School,True,1997,['ACS WASC']
208,1150700006,นานาชาติเกรซ,GRACE INTERNATIONAL SCHOOL,เชียงใหม่,หางดง,หารแก้ว,88 หมู่ 3 ถนน เชียงใหม่-ฮอด ต.หารแก้ว อ.หางดง จ.เชียงใหม่ 50230,,Not Checked,,,,,,18.6493759,98.9152692,"ยืนยันตรงกันหลายแหล่ง: ArcGIS POI, OPEC, OpenStreetMap, Overture Maps, กรมการปกครอง (ทุกแหล่งห่างจากจุดนี้ไม่เกิน 237 ม.)",Exact,https://school.opec.go.th/school/1150700006,"['อนุบาล', 'ประถมศึกษา', 'มัธยมศึกษาตอนต้น', 'มัธยมศึกษาตอนปลาย']",อนุบาล - มัธยมศึกษาตอนปลาย,609,94,"['หลักสูตรสหรัฐอเมริกัน', 'หลักสูตรโรงเรียนประชาคมนานาชาติ']",นายประหยัด  เชิดชูชาติ,นางสุดคนึง  บุญอินทร์,นางกัลยา  หงษ์จิรกุล,ไม่รับเงินอุดหนุน,,,,,,,,https://pedb.opec.go.th/web/SchoolPdc.htm?mode=showPicture&t=1&id=9708,,,,,2026-09-14 01:07:58,2026-09-29 18:07:04,18.6508002,98.913714,"['ArcGIS POI', 'OPEC', 'OpenStreetMap', 'Overture Maps', 'กรมการปกครอง']","[{'source': 'opec', 'lat': 18.6508002, 'lon': 98.913714, 'distance_m': 228, 'label': 'OPEC', 'anchor_m': 1729}, {'source': 'osm', 'lat': 18.6493759, 'lon': 98.9152692, 'distance_m': 0, 'label': 'Grace International School - New Campus / Grace International School - New Campus', 'score': 3, 'osm_id': 'w1138306097', 'anchor_m': 1515}, {'source': 'overture', 'lat': 18.6488077, 'lon': 98.9141638, 'distance_m': 132, 'label': 'Grace International School', 'score': 3, 'anchor_m': 1602, 'keys': ['domain', 'name'], 'confidence': 0.94, 'overture_id': 'bdc1c142-50bd-4fed-9dd9-7c2b5d6dc918', 'category': 'place_of_learning'}, {'source': 'overture', 'lat': 18.7285377, 'lon': 98.9396659, 'distance_m': 9170, 'label': 'Chiangmai Grace Academy', 'score': 3, 'anchor_m': 9455, 'keys': ['name'], 'confidence': 0.938, 'overture_id': '7297cf1e-9080-4f35-bdd5-ccd77de01deb', 'category': 'education'}, {'source': 'dopa', 'lat': 18.6503012, 'lon': 98.9132448, 'distance_m': 237, 'label': 'Grace International School', 'score': 3, 'anchor_m': 1751}, {'source': 'arcgis_poi', 'distance_m': 97, 'label': 'Grace International School', 'score': 3, 'anchor_m': 1570}, {'source': 'arcgis_poi', 'distance_m': 9240, 'label': 'Grace International School', 'score': 3, 'anchor_m': 9521}]","{'level': 'tambon', 'label': 'ตำบลหารแก้ว อำเภอหางดง จังหวัดเชียงใหม่'}",consensus-v2,True,high,True,Grace International School,False,1999,"['ONESQA', 'ACS WASC']"
209,1150700007,คริสเตียนเยอรมันเชียงใหม่,CHRISTIAN GERMAN SCHOOL CHIANGMAI,เชียงใหม่,สารภี,ท่าวังตาล,83/1   หมู่ที่ 8 ต.ท่าวังตาล อ.สารภี จ.เชียงใหม่ 50140,,Not Checked,,,,,,18.7122906,98.9996257,"ยืนยันตรงกันหลายแหล่ง: ArcGIS POI, ArcGIS บ้านเลขที่, OPEC, Overture Maps (ทุกแหล่งห่างจากจุดนี้ไม่เกิน 205 ม.)",Exact,https://school.opec.go.th/school/1150700007,"['อนุบาล', 'ประถมศึกษา', 'มัธยมศึกษาตอนต้น', 'มัธยมศึกษาตอนปลาย']",อนุบาล - มัธยมศึกษาตอนปลาย,208,34,"['หลักสูตรวิชาภาษาและวัฒนธรรมไทยสำหรับโรงเรียนนานาชาติ', 'หลักสูตรของรัฐทูริงเง่น (Thuringia) ในสหพันธรัฐเยอรมนี']",,,นางสุภาพร ญาณสาร,ไม่รับเงินอุดหนุน,,,,,,,,https://pedb.opec.go.th/web/SchoolPdc.htm?mode=showPicture&t=1&id=9709,,,,,2026-09-14 01:07:59,2026-09-29 18:07:04,18.7123499,98.999691,"['ArcGIS POI', 'ArcGIS บ้านเลขที่', 'OPEC', 'Overture Maps']","[{'source': 'opec', 'lat': 18.7123499, 'lon': 98.999691, 'distance_m': 10, 'label': 'OPEC', 'anchor_m': 3689}, {'source': 'overture', 'lat': 18.7122906, 'lon': 98.9996257, 'distance_m': 0, 'label': 'Chiang Mai Deutsche Schule (CDSC)', 'score': 0, 'anchor_m': 3694, 'keys': ['domain'], 'confidence': 0.952, 'overture_id': '9600bae5-9541-42b8-9f44-741f8e02c283', 'category': 'education'}, {'source': 'arcgis_poi', 'distance_m': 24, 'label': 'Christian German Chiang Mai School', 'score': 2, 'anchor_m': 3678}, {'source': 'arcgis_address', 'distance_m': 205, 'label': 'PointAddress: 83/1 หมู่ 8 ตำบลท่าวังตาล อำเภอสารภี จังหวัดเชียงใหม่ 50140', 'anchor_m': 3707}]","{'level': 'tambon', 'label': 'ตำบลท่าวังตาล อำเภอสารภี จังหวัดเชียงใหม่'}",consensus-v2,True,high,True,Christian German School Chiang Mai,False,1994,['BLI']
210,1150700008,นานาชาติอเมริกันแปซิฟิก(ประถม),American Pacific International School (Primary),เชียงใหม่,เมืองเชียงใหม่,แม่เหียะ,288 หมู่ 2 ต.แม่เหียะ อ.เมืองเชียงใหม่ จ.เชียงใหม่ 50100,,Not Checked,,,,,,18.7484253,98.9426472,"ยืนยันตรงกันหลายแหล่ง: ArcGIS บ้านเลขที่, OPEC, OpenStreetMap (ทุกแหล่งห่างจากจุดนี้ไม่เกิน 39 ม.)",Exact,https://school.opec.go.th/school/1150700008,"['ก่อนอนุบาล', 'อนุบาล', 'ประถมศึกษา']",ก่อนอนุบาล - ประถมศึกษา,143,26,"['หลักสูตรสหรัฐอเมริกัน', 'International Baccalaureate (IB) Primary Year Programe (PYP)', 'WASC (the Western Association of Schools and Colleges)']",,นางลัดดา อาฮหมัด-มาฮิดิ,นางบัว พลาฤทธิ์,ไม่รับเงินอุดหนุน,,,,,,,,https://pedb.opec.go.th/web/SchoolPdc.htm?mode=showPicture&t=1&id=9857,,,,,2026-09-14 01:08:00,2026-09-29 18:07:04,18.7485376,98.9429955,"['ArcGIS บ้านเลขที่', 'OPEC', 'OpenStreetMap']","[{'source': 'opec', 'lat': 18.7485376, 'lon': 98.9429955, 'distance_m': 39, 'label': 'OPEC', 'anchor_m': 2285}, {'source': 'osm', 'lat': 18.7882894, 'lon': 98.842251, 'distance_m': 11462, 'label': 'โรงเรียนนานาชาติ อเมริกันแปซิฟิก / American Pacific International School', 'score': 3, 'osm_id': 'n2438297969', 'anchor_m': 13758}, {'source': 'osm', 'lat': 18.7484253, 'lon': 98.9426472, 'distance_m': 0, 'label': 'American Pacific International School (Primary) / American Pacific International School (P', 'score': 3, 'osm_id': 'w318023900', 'anchor_m': 2317}, {'source': 'overture', 'lat': 18.690506, 'lon': 98.922199, 'distance_m': 6791, 'label': 'American Pacific International School', 'score': 3, 'anchor_m': 7335, 'keys': ['domain', 'name'], 'confidence': 0.828, 'overture_id': 'f2720413-911a-4b5e-b559-98fbb17425a3', 'category': 'place_of_learning'}, {'source': 'overture', 'lat': 18.7277739, 'lon': 98.945032, 'distance_m': 2310, 'label': 'American Pacific International School', 'score': 3, 'anchor_m': 2637, 'keys': ['domain', 'name'], 'confidence': 0.77, 'overture_id': '5ad34c4e-8796-45d4-b012-8960a91cc425', 'category': 'college_university'}, {'source': 'overture', 'lat': 18.783792, 'lon': 98.8553238, 'distance_m': 10000, 'label': 'American Pacific International School - APIS', 'score': 0, 'anchor_m': 12294, 'keys': ['domain'], 'confidence': 0.933, 'overture_id': 'c34d2a9a-20f4-4d33-8a16-af8696ab135d', 'category': 'place_of_learning'}, {'source': 'overture', 'lat': 18.7881098, 'lon': 98.8419253, 'distance_m': 11486, 'label': 'โรงเรียนนานาชาติอเมริกันแปซิฟิค', 'score': 0, 'anchor_m': 13782, 'keys': ['domain'], 'confidence': 0.918, 'overture_id': '55c220c7-178a-4e2a-969f-c896f08a4e2b', 'category': 'education'}, {'source': 'dopa', 'lat': 18.7485535, 'lon': 98.9429878, 'distance_m': 39, 'label': 'American Pacific International School', 'score': 3, 'anchor_m': 2286, 'copy': True}, {'source': 'dopa', 'lat': 18.7868468, 'lon': 98.8410249, 'distance_m': 11521, 'label': 'โรงเรียนนานาชาติอเมริกันแปซิฟิก', 'score': 3, 'anchor_m': 13821}, {'source': 'arcgis_poi', 'distance_m': 11462, 'label': 'American Pacific International School', 'score': 3, 'anchor_m': 13759}, {'source': 'arcgis_poi', 'distance_m': 2261, 'label': 'American Pacific International Kindergarten', 'score': 3, 'anchor_m': 2693}, {'source': 'arcgis_poi', 'distance_m': 11494, 'label': 'American Pacific International School', 'score': 3, 'anchor_m': 13791}, {'source': 'arcgis_poi', 'distance_m': 2256, 'label': 'American Pacific International Kindergarten', 'score': 3, 'anchor_m': 2697}, {'source': 'arcgis_address', 'distance_m': 23, 'label': 'PointAddress: 288 หมู่ 2 ตำบลแม่เหียะ อำเภอเมืองเชียงใหม่ จังหวัดเชียงใหม่ 50100', 'anchor_m': 2296}]","{'level': 'tambon', 'label': 'ตำบลแม่เหียะ อำเภอเมืองเชียงใหม่ จังหวัดเชียงใหม่'}",consensus-v2,True,high,True,American Pacific International School (Primary),False,2000,['ACS WASC']
211,1150700009,อนุบาลนานาชาติฮานาคริสเตียน,Hana Christian International Kindergarten,เชียงใหม่,หางดง,หนองควาย,55 หมู่ 12 ต.หนองควาย อ.หางดง จ.เชียงใหม่ 50230,,Not Checked,,,,,,18.7433011,98.9290169,"ยืนยันตรงกันหลายแหล่ง: ArcGIS POI, OPEC, Overture Maps (ทุกแหล่งห่างจากจุดนี้ไม่เกิน 10 ม.)",Exact,https://school.opec.go.th/school/1150700009,"['ก่อนอนุบาล', 'อนุบาล']",ก่อนอนุบาล - อนุบาล,30,11,"['หลักสูตร High Reach Larning Curriculum (Pre-School - Kindergarten 3)', ""หลักสูตรของประเทศสหรัฐอเมริกา UTAH'S EARLY CHILDHOOD CORE STANDARDS ระดับเตรียมอนุบาล (Preschool)"", 'High Reach Larning Curriculum']",นางสาวศิริลักษณ์ กัวมู,,นางสาวทัศนีย์ นรชัยกูล,ไม่รับเงินอุดหนุน,,,,,,,,https://pedb.opec.go.th/web/SchoolPdc.htm?mode=showPicture&t=1&id=9874,,,,,2026-09-14 01:07:59,2026-09-29 18:07:04,18.743227,98.92902,"['ArcGIS POI', 'OPEC', 'Overture Maps']","[{'source': 'opec', 'lat': 18.743227, 'lon': 98.92902, 'distance_m': 8, 'label': 'OPEC', 'anchor_m': 2212}, {'source': 'overture', 'lat': 18.7433011, 'lon': 98.9290169, 'distance_m': 0, 'label': 'Hana Christian International Kindergarten', 'score': 3, 'anchor_m': 2220, 'keys': ['domain', 'name'], 'confidence': 0.987, 'overture_id': '11994697-17ee-46d1-9415-380d73319993', 'category': 'preschool'}, {'source': 'arcgis_poi', 'distance_m': 6, 'label': 'Hana Christian International Kindergarten School', 'score': 3, 'anchor_m': 2219}, {'source': 'arcgis_poi', 'distance_m': 10, 'label': 'Hana Christian International Kindergarten', 'score': 3, 'anchor_m': 2211, 'copy': True}]","{'level': 'tambon', 'label': 'ตำบลหนองควาย อำเภอหางดง จังหวัดเชียงใหม่'}",consensus-v2,True,high,True,Hana Christian International Kindergarten,False,2007,[]
212,1150700010,นานาชาติเชียงใหม่ ไชนีส,Chiangmai Chinese Intemational School,เชียงใหม่,สันทราย,สันนาเม็ง,228/1 หมู่ 3 ต.สันนาเม็ง อ.สันทราย จ.เชียงใหม่ 50210,,Not Checked,,,,,,18.85542,99.0665,Overture Maps ขัดกับ OPEC (ห่างกัน 1.0 กม.) (พิกัดประมาณการ),Approximate,https://school.opec.go.th/school/1150700010,"['อนุบาล', 'ประถมศึกษา', 'มัธยมศึกษาตอนต้น', 'มัธยมศึกษาตอนปลาย']",อนุบาล - มัธยมศึกษาตอนปลาย,5,9,"['หลักสูตรดัดแปลงตามแนวความคิดของหลักสูตรแกนกลางของสาธารณรัฐประชาชนจีน', 'American Curriculum', 'The US. Elementary school curriculum', 'วิชาภาษาไทย  วัฒนธรรมไทย  และประวัติศาสตร์ไทย สำหรับโรงเรียนในระบบ ประเภทนานาชาติ', 'หลักสูตรอนุบาลของรัฐบาลสาธารณรัฐประชาชนจีน']",ว่าที่ ร.ต. อภิพงศ์ คงสัมพันธ์,นายอำนวย คุณา,ว่าที่ ร.ต. อภิพงค์ คงสัมพันธ์,ไม่รับเงินอุดหนุน,,,,,,,,https://pedb.opec.go.th/web/SchoolPdc.htm?mode=showPicture&t=1&id=18739,,,,,2026-09-14 01:08:01,2026-09-29 18:07:04,18.8470324,99.064273,[],"[{'source': 'opec', 'lat': 18.8470324, 'lon': 99.064273, 'distance_m': 962, 'label': 'OPEC', 'anchor_m': 1303, 'shared': True}, {'source': 'overture', 'lat': 18.85542, 'lon': 99.0665, 'distance_m': 0, 'label': 'Chiangmai Chinese International School', 'score': 0, 'anchor_m': 2230, 'keys': ['domain'], 'confidence': 0.983, 'overture_id': '85cc5bf5-6089-4b26-85b1-e4e6a2b8dac5', 'category': 'elementary_school'}, {'source': 'arcgis_address', 'distance_m': 1338, 'label': 'PointAddress: 228 หมู่ 3 ตำบลสันนาเม็ง อำเภอสันทราย จังหวัดเชียงใหม่ 50210', 'anchor_m': 902}]","{'level': 'tambon', 'label': 'ตำบลสันนาเม็ง อำเภอสันทราย จังหวัดเชียงใหม่'}",consensus-v2,False,low,,,,,
213,1150700011,นานาชาติสิงคโปร์เชียงใหม่,SIngapore International School Chaing Mai,เชียงใหม่,เมืองเชียงใหม่,ศรีภูมิ,10 ถนน หัสดิเสวี ต.ศรีภูมิ อ.เมืองเชียงใหม่ จ.เชียงใหม่ 50200,,Not Checked,,,,,,18.7972552,98.9802468,"ยืนยันตรงกันหลายแหล่ง: OPEC, Overture Maps (ทุกแหล่งห่างจากจุดนี้ไม่เกิน 17 ม.)",Exact,https://school.opec.go.th/school/1150700011,"['ก่อนอนุบาล', 'อนุบาล', 'ประถมศึกษา', 'มัธยมศึกษาตอนต้น', 'มัธยมศึกษาตอนปลาย']",ก่อนอนุบาล - มัธยมศึกษาตอนปลาย,461,68,"['หลักสูตรสหราชอาณาจักร', 'หลักสูตรสิงคโปร์', 'Cambridge IGCSE', 'Cambridge International A & AS Level', 'SISB High School Diploma', 'หลักสูตรกลางประเทศสิงคโปร์ ระดับมัธยมศึกษาตอนต้น', 'หลักสูตรของสาธารณรัฐสิงคโปร์', 'หลักสูตรสิงคโปร์และหลักสูตรสหราชอาณาจักร']",นางพินยดา อาจราชกิจ,นางพัณณิตา วงค์ตาผา,นางสาวพนิตพิมพ์  สิทธิพงศ์,ไม่รับเงินอุดหนุน,,,,,,,,https://pedb.opec.go.th/web/SchoolPdc.htm?mode=showPicture&t=1&id=19191,,,,,2026-09-14 01:08:00,2026-09-29 18:07:04,18.7971358,98.98015079999999,"['OPEC', 'Overture Maps']","[{'source': 'opec', 'lat': 18.7971358, 'lon': 98.9801508, 'distance_m': 17, 'label': 'OPEC', 'anchor_m': 922}, {'source': 'overture', 'lat': 18.7972552, 'lon': 98.9802468, 'distance_m': 0, 'label': 'Singapore International School Chiangmai', 'score': 0, 'anchor_m': 929, 'keys': ['domain'], 'confidence': 0.967, 'overture_id': 'e7c1151b-b824-4e97-bdf1-4e9394ac57ee', 'category': 'place_of_learning'}]","{'level': 'tambon', 'label': 'ตำบลศรีภูมิ อำเภอเมืองเชียงใหม่ จังหวัดเชียงใหม่'}",consensus-v2,True,high,True,Singapore International School Chiangmai,False,2017,"['ONESQA', 'CIS']"
214,1150700012,นานาชาติยูนิตี้ คอนคอร์ด,Unity concord international school,เชียงใหม่,สารภี,หนองผึ้ง,272 หมู่ 2 ต.หนองผึ้ง อ.สารภี จ.เชียงใหม่ 50140,,Not Checked,,,,,,18.7487666,99.0346155,"ยืนยันตรงกันหลายแหล่ง: ArcGIS POI, OPEC, กรมการปกครอง (ทุกแหล่งห่างจากจุดนี้ไม่เกิน 71 ม.)",Exact,https://school.opec.go.th/school/1150700012,"['ก่อนอนุบาล', 'อนุบาล', 'ประถมศึกษา', 'มัธยมศึกษาตอนต้น', 'มัธยมศึกษาตอนปลาย']",ก่อนอนุบาล - มัธยมศึกษาตอนปลาย,1042,158,"['หลักสูตรสหรัฐอเมริกัน', 'California common core standards']",นายเกียรติพัฒน์ กมลโกมุท,,,ไม่รับเงินอุดหนุน,,,,,,,,https://pedb.opec.go.th/web/SchoolPdc.htm?mode=showPicture&t=1&id=19432,,,,,2026-09-14 01:08:01,2026-09-29 18:07:04,18.7487656,99.03461209999999,"['ArcGIS POI', 'OPEC', 'กรมการปกครอง']","[{'source': 'opec', 'lat': 18.7487656, 'lon': 99.0346121, 'distance_m': 0, 'label': 'OPEC', 'anchor_m': 2823}, {'source': 'overture', 'lat': 18.7487666, 'lon': 99.0346155, 'distance_m': 0, 'label': 'โรงเรียนนานาชาติยูนิตี้คอนคอร์ด', 'score': 3, 'anchor_m': 2823, 'copy': True, 'keys': ['name'], 'confidence': 0.898, 'overture_id': '9f547a11-1836-4d1f-b681-d7df028e0f78', 'category': 'place_of_learning'}, {'source': 'dopa', 'lat': 18.7485693, 'lon': 99.0339753, 'distance_m': 71, 'label': 'โรงเรียนยูนิตี้ คอนคอร์ด อินเตอร์เนชั่นแนล', 'score': 3, 'anchor_m': 2777}, {'source': 'arcgis_poi', 'distance_m': 41, 'label': 'Unity Concord International School', 'score': 4, 'anchor_m': 2806}]","{'level': 'tambon', 'label': 'ตำบลหนองผึ้ง อำเภอสารภี จังหวัดเชียงใหม่'}",consensus-v2,True,high,True,Unity Concord International School,False,2017,"['ONESQA', 'ACS WASC']"
215,1150700013,นานาชาติปัญญาเด่น,Panyaden International School,เชียงใหม่,หางดง,น้ำแพร่,"218, 218/1 หมู่ 2 ต.น้ำแพร่ อ.หางดง จ.เชียงใหม่ 50230",,Not Checked,,,,,,18.7041774,98.9175484,"ยืนยันตรงกันหลายแหล่ง: ArcGIS POI, OPEC, OpenStreetMap, Overture Maps (ทุกแหล่งห่างจากจุดนี้ไม่เกิน 137 ม.) — มีจุดชื่อเดียวกันอีก 2 จุด ห่าง 2.4 กม.ขึ้นไป (วิทยาเขตอื่นหรือย้ายที่ตั้ง?)",Exact,https://school.opec.go.th/school/1150700013,"['ก่อนอนุบาล', 'อนุบาล', 'ประถมศึกษา', 'มัธยมศึกษาตอนต้น', 'มัธยมศึกษาตอนปลาย']",ก่อนอนุบาล - มัธยมศึกษาตอนปลาย,590,75,"['หลักสูตร International Baccalaureate (IB)', 'หลักสูตรของประเทศ อังกฤษ (UK National Curiculum)', 'หลักสูตรวิชา ภาษาไทย วัฒนธรรมไทยและประวัติศาสตร์ไทย', 'หลักสูตรเวลส์', 'IB - International Baccalaureate Organization', 'UK National Curriculum']",,นางสาวปรัญ อินทพันธุ์,นางสาวมาริสา วิสุทธากุล,ไม่รับเงินอุดหนุน,,,,,,,,https://pedb.opec.go.th/web/SchoolPdc.htm?mode=showPicture&t=1&id=9567,,,,,2026-09-14 01:08:01,2026-09-29 18:07:04,18.704179,98.917379,"['ArcGIS POI', 'OPEC', 'OpenStreetMap', 'Overture Maps']","[{'source': 'opec', 'lat': 18.704179, 'lon': 98.917379, 'distance_m': 18, 'label': 'OPEC', 'anchor_m': 1846}, {'source': 'osm', 'lat': 18.7041774, 'lon': 98.9175484, 'distance_m': 0, 'label': 'Panyaden International School', 'score': 3, 'osm_id': 'w514628742', 'anchor_m': 1863}, {'source': 'overture', 'lat': 18.704603, 'lon': 98.9163294, 'distance_m': 137, 'label': 'Panyaden International School', 'score': 3, 'anchor_m': 1726, 'keys': ['domain', 'name'], 'confidence': 0.965, 'overture_id': 'efe6fa19-1ac1-4681-b520-41ffc15c28bb', 'category': 'place_of_learning'}, {'source': 'overture', 'lat': 18.7045542, 'lon': 98.9167045, 'distance_m': 98, 'label': 'รร.นานาชาติปัญญาเด่น หางดง', 'score': 3, 'anchor_m': 1766, 'keys': ['name'], 'confidence': 0.784, 'overture_id': '735391bf-60d7-4b93-b2a7-38eee7f855e3', 'category': 'elementary_school'}, {'source': 'dopa', 'lat': 18.569112, 'lon': 98.8475963, 'distance_m': 16730, 'label': 'โรงเรียนนานาชาติปัญญาเด่น', 'score': 3, 'anchor_m': 16614}, {'source': 'arcgis_poi', 'distance_m': 19, 'label': 'Panyaden International School', 'score': 3, 'anchor_m': 1849}, {'source': 'arcgis_poi', 'distance_m': 2424, 'label': 'Panyaden International School', 'score': 3, 'anchor_m': 3232}, {'source': 'arcgis_address', 'distance_m': 2135, 'label': 'PointAddress: 2 หมู่ 1 ตำบลบ้านแหวน อำเภอหางดง จังหวัดเชียงใหม่ 50230', 'anchor_m': 1862}]","{'level': 'tambon', 'label': 'ตำบลน้ำแพร่ อำเภอหางดง จังหวัดเชียงใหม่'}",consensus-v2,True,high,True,Panyaden International School,False,2011,"['ONESQA', 'ACS WASC']"
216,1150700014,นานาชาติอิสระ,ESARA INTERNATIONAL SCHOOL,เชียงใหม่,หางดง,หนองควาย,"229/1-2,4 หมู่ 6 ต.หนองควาย อ.หางดง จ.เชียงใหม่ 50230",https://www.chiangmaimontessori.org/,OPEC Profile,https://www.chiangmaimontessori.org/,https://th-th.facebook.com/ChiangMaiMontessori/,053125203,0993729922,,18.717985,98.93137,Overture Maps ตรงกับ OPEC (หมุดใช้ร่วมกับโรงเรียนอื่น) แต่ยังไม่นับเป็นหลักฐานอิสระ (พิกัดประมาณการ),Approximate,https://school.opec.go.th/school/1150700014,"['ก่อนอนุบาล', 'อนุบาล', 'ประถมศึกษา', 'มัธยมศึกษาตอนต้น', 'มัธยมศึกษาตอนปลาย']",ก่อนอนุบาล - มัธยมศึกษาตอนปลาย,68,11,"['มอนเทสซอรี่', 'หลักสูตรปฐมวัย', 'Montessori National Curriculum: Montessori  Australia Foundation Limited (MAF)', 'The national Curriculum in England']",,,นางสาวณัฐศศิ เตโจ,ไม่รับเงินอุดหนุน,Chiang Mai Montessori is a small independent international school with a capacity of 250 students. We have been offering an alternative to the mainstream international education system in Chiang Mai since 2010. We provide three programs of learning: the Toddler Community for children aged 18 months to 3; the Children’s House for 3 to 6 year old; and an elementary programs for 6 – 12’s. If you would like to find out if Montessori is right for your child please get in touch to arrange a free tour.,"A thriving, internationally recognised ‘AMI-traditioned’ Montessori place of learning and teacher training centre, promoting Thai language, customs and values and helping to preserve the Lanna culture, knowledge and heritage for future generations.","Chiang Mai Montessori International School will respect each child’s unique potential, value diversity and the power of the learning community. Our role is to help each child come into confident possession of his innate talents, improve the skills ne",,,,Montessori,https://pedb.opec.go.th/web/SchoolPdc.htm?mode=showPicture&t=1&id=9570,,,,https://www.youtube.com/@chiangmaimontessoriinterna1954,2026-09-14 01:08:02,2026-09-29 18:07:04,18.7178757,98.93133189999999,[],"[{'source': 'opec', 'lat': 18.7178757, 'lon': 98.9313319, 'distance_m': 13, 'label': 'OPEC', 'anchor_m': 800, 'shared': True}, {'source': 'overture', 'lat': 18.717985, 'lon': 98.93137, 'distance_m': 0, 'label': 'Chiangmai Montessori School', 'score': 0, 'anchor_m': 793, 'keys': ['domain'], 'confidence': 0.77, 'overture_id': 'a259881e-6da5-4f52-9406-fe19adcc59af', 'category': 'preschool'}, {'source': 'arcgis_address', 'distance_m': 376, 'label': 'PointAddress: 2 หมู่ 6 ตำบลหนองควาย อำเภอหางดง จังหวัดเชียงใหม่ 50230', 'anchor_m': 551}]","{'level': 'tambon', 'label': 'ตำบลหนองควาย อำเภอหางดง จังหวัดเชียงใหม่'}",consensus-v2,False,low,True,Esara International School,False,2012,"['ONESQA', 'ACS WASC']"
217,1150700015,นานาชาติเมริทตัน บริติช,Meritton British International School,เชียงใหม่,หางดง,หนองควาย,168 หมู่ 7 ต.หนองควาย อ.หางดง จ.เชียงใหม่ 50230,,Not Checked,,,,,,18.730365,98.9410103,"ยืนยันตรงกันหลายแหล่ง: ArcGIS POI, OPEC, OpenStreetMap, Overture Maps (ทุกแหล่งห่างจากจุดนี้ไม่เกิน 56 ม.)",Exact,https://school.opec.go.th/school/1150700015,"['ก่อนอนุบาล', 'อนุบาล', 'ประถมศึกษา', 'มัธยมศึกษาตอนต้น', 'มัธยมศึกษาตอนปลาย']",ก่อนอนุบาล - มัธยมศึกษาตอนปลาย,313,44,"['หลักสูตรประเทศอังกฤษ', 'หลักสูตรวิชา ภาษาไทย วัฒนธรรมไทยและประวัติศาสตร์ไทย', 'หลักสูตรกลางของประเทศอังกฤษ', 'หลักสูตรแคมบริดจ์ ระดับประถมศึกษา', 'หลักสูตรแคมบริดจ์ ระดับมัธยมศึกษาตอนต้น', 'หลักสูตรแคมบริดจ์ ระดับมัธยมศึกษาตอนปลาย']",,,,ไม่รับเงินอุดหนุน,,,,,,,,https://pedb.opec.go.th/web/SchoolPdc.htm?mode=showPicture&t=1&id=19916,,,,,2026-09-14 01:08:02,2026-09-29 18:07:04,18.7302336,98.9413727,"['ArcGIS POI', 'OPEC', 'OpenStreetMap', 'Overture Maps']","[{'source': 'opec', 'lat': 18.7302336, 'lon': 98.9413727, 'distance_m': 41, 'label': 'OPEC', 'anchor_m': 1732}, {'source': 'osm', 'lat': 18.730365, 'lon': 98.9410103, 'distance_m': 0, 'label': 'Meritton British International School / Meritton British International School', 'score': 3, 'osm_id': 'w957027736', 'anchor_m': 1704}, {'source': 'overture', 'lat': 18.7304785, 'lon': 98.9415256, 'distance_m': 56, 'label': 'Meritton British International School', 'score': 3, 'anchor_m': 1758, 'keys': ['domain', 'name'], 'confidence': 0.986, 'overture_id': 'd7fff4aa-2688-4890-bdfc-697ec4094656', 'category': 'place_of_learning'}, {'source': 'arcgis_poi', 'distance_m': 38, 'label': 'Meritton British International School', 'score': 3, 'anchor_m': 1733}]","{'level': 'tambon', 'label': 'ตำบลหนองควาย อำเภอหางดง จังหวัดเชียงใหม่'}",consensus-v2,True,high,True,Meritton British International School,False,2018,[]
218,1150700016,นานาชาติอเมริกาน่า ไชนีส,Americana Chinese International School,เชียงใหม่,สารภี,หนองผึ้ง,227 หมู่ 2 ต.หนองผึ้ง อ.สารภี จ.เชียงใหม่ 50140,,Not Checked,,,,,,18.7490886,99.0323445,Overture Maps ชื่อตรงกับโรงเรียน (Americana Chinese International School) และอยู่ในตำบลที่จดทะเบียน,Exact,https://school.opec.go.th/school/1150700016,"['ก่อนอนุบาล', 'อนุบาล', 'ประถมศึกษา', 'มัธยมศึกษาตอนต้น', 'มัธยมศึกษาตอนปลาย']",ก่อนอนุบาล - มัธยมศึกษาตอนปลาย,518,78,"['หลักสูตรวิชา ภาษาไทย วัฒนธรรมไทยและประวัติศาสตร์ไทย', 'หลักสูตรสหรัฐอเมริกัน', 'California common core standards']",นายแพทริค  กาโมร,นางสมคิด บัวระวงค์,นางสมคิด บัวระวงค์,ไม่รับเงินอุดหนุน,,,,,,,,https://pedb.opec.go.th/web/SchoolPdc.htm?mode=showPicture&t=1&id=23862,,,,,2026-09-14 01:08:02,2026-09-29 18:07:04,18.8470324,99.064273,['Overture Maps'],"[{'source': 'opec', 'lat': 18.8470324, 'lon': 99.064273, 'distance_m': 11398, 'label': 'OPEC', 'anchor_m': 14169, 'shared': True}, {'source': 'overture', 'lat': 18.7490886, 'lon': 99.0323445, 'distance_m': 0, 'label': 'Americana Chinese International School', 'score': 3, 'anchor_m': 2772, 'keys': ['domain', 'name'], 'confidence': 0.978, 'overture_id': '189e7e34-ec4c-4c19-8f27-26e771797276', 'category': 'specialty_school'}, {'source': 'overture', 'lat': 18.7504844, 'lon': 99.0322771, 'distance_m': 155, 'label': 'Americana Chinese International School', 'score': 3, 'anchor_m': 2918, 'keys': ['name'], 'confidence': 0.77, 'overture_id': '14b3237e-67e0-4116-b131-2d4aec22c35f', 'category': 'specialty_school'}]","{'level': 'tambon', 'label': 'ตำบลหนองผึ้ง อำเภอสารภี จังหวัดเชียงใหม่'}",consensus-v2,True,medium,True,Americana Chinese International School,False,2019,[]
219,1150700017,อนุบาลนานาชาติไบรท์ซีดส์,Bright seeds international kindergarten school,เชียงใหม่,เมืองเชียงใหม่,ช้างเผือก,64 ต.ช้างเผือก อ.เมืองเชียงใหม่ จ.เชียงใหม่ 50300,,Not Checked,,,,,,18.8006734,98.9695084,"ยืนยันตรงกันหลายแหล่ง: OPEC, Overture Maps (ทุกแหล่งห่างจากจุดนี้ไม่เกิน 13 ม.)",Exact,https://school.opec.go.th/school/1150700017,"['ก่อนอนุบาล', 'อนุบาล']",ก่อนอนุบาล - อนุบาล,33,3,"['หลักสูตรวิชา ภาษาไทย วัฒนธรรมไทยและประวัติศาสตร์ไทย', 'หลักสูตรสหรัฐอเมริกัน', 'International Preschool Curriculum (IPC)']",-,นางวันวิสาข์ กาญจนศรีกุล,นายวีรเทพ ชวาลา,ไม่รับเงินอุดหนุน,"โรงเรียนอนุบาลนานาชาติไบรท์ซีดส์(Bright Seeds International Kindergarten School) เป็นโรงเรียนเอกชนในระบบ ประเภทนานาชาติ ตั้งอยู่ที่ 64 ถนนห้วยแก้ว ตำบลช้างเผือก อำเภอเมืองเชียงใหม่ จังหวัดเชียงใหม่ 50300 มีพื้นที่ 1 ไร่ ได้รับใบอนุญาตให้จัดตั้งโรงเรียน เริ่มเปิดดำเนินการจัดการเรียนการสอนในปีการศึกษา 2562 วันที่ 21 สิงหาคม 2562 ระดับก่อนประถมศึกษา ตั้งแต่ชั้นเตรียมอนุบาลจนถึงชั้นอนุบาล 3 รับนักเรียนตั้งแต่อายุ 2 ปี ถึง  6 ปี
	ก่อตั้งโดยบริษัท ไบรท์ซีดส์ จำกัด  มีนายวีรเทพ  ชวาลา เป็นประธานบริษัท  มีวัตถุประสงค์ในการก่อตั้งโรงเรียนดังนี้
1. เพื่อจัดการศึกษาในรูปแบบการศึกษาในระบบ ระดับก่อนประถมศึกษา ประเภท นานาชาติ รวมถึงการจัดการศึกษาในรูปแบบ ประเภท และระดับการศึกษาต่าง ๆ ตามที่โรงเรียนเอกชนสามารถจัดการศึกษาได้ตามกฎหมายที่เกี่ยวข้อง
2. เพื่อให้บริการเกี่ยวเนื่องกับการเรียนการสอนหรือจัดหาอุปกรณ์การเรียนการสอนให้แก่ผู้เรียน ครู ผู้ปกครอง และบุคลากรของโรงเรียน 
3. เพื่อให้บริการในด้านวิชาการและบริการอื่นแก่บุคคลที่เกี่ยวข้องกับการดำเนินกิจการของโรงเรียน",มุ่งมั่นในการจัดการศึกษาโดยใช้แนวทางการจัดการเรียนการสอน Reggio Emilia Approach สร้างแรงบันดาลใจเป็นไปสู่หลักสูตรInternational Preschool Curriculum (IPC) และหลักสูตรการศึกษาปฐมวัย (ECE) ที่ได้รับการยอมรับในระดับสากลมากที่สุดในโลก,"•	Our Goal is for each child to develop a love for learning, to be well rounded and equipped with the skills needed to be a responsible global citizen. เป้าหมายของเราคือให้เด็กแต่ละคนพัฒนาความรักในการเรียนรู้รอบรู้และเพียบพร้อมด้วยทักษะที่จำเป็น",•	ส่งเสริมจิตใจเด็กให้กลายเป็นผู้เรียนที่มีความอ่อนโยน มีความสุข และรักการเรียนรู้ตลอดชีวิต  (Nurturing Young Minds to Become Kind and Happy Lifelong Learners.),•	เป็นสถาบันการศึกษาเฉพาะด้านสำหรับระดับปฐมวัย โดยใช้การเรียนรู้รูปแบบ Play Based Learning ซึ่งได้รับแรงบันดาลใจมาจาก Reggio Emilia Approach,•	เสริมสร้างจิตใจเด็กให้เป็นผู้เรียนที่มีความเมตตาและมีความสุขตลอดชีวิต,,https://pedb.opec.go.th/web/SchoolPdc.htm?mode=showPicture&t=1&id=23896,,,,,2026-09-14 01:08:02,2026-09-29 18:07:04,18.8007051,98.9693891,"['OPEC', 'Overture Maps']","[{'source': 'opec', 'lat': 18.8007051, 'lon': 98.9693891, 'distance_m': 13, 'label': 'OPEC', 'anchor_m': 1036}, {'source': 'overture', 'lat': 18.8006734, 'lon': 98.9695084, 'distance_m': 0, 'label': 'Bright Seeds International Kindergarten', 'score': 4, 'anchor_m': 1039, 'keys': ['domain', 'name'], 'confidence': 0.974, 'overture_id': '9c6eb71f-2e2a-4c7c-a32a-d28b3aee6921', 'category': 'place_of_learning'}, {'source': 'overture', 'lat': 18.79515, 'lon': 98.9764, 'distance_m': 951, 'label': 'Bright Seeds Kindergarten', 'score': 4, 'anchor_m': 1791, 'keys': ['domain', 'name'], 'confidence': 0.637, 'overture_id': 'de98b56c-d3a3-4343-9408-0d577c4b8452', 'category': 'place_of_learning'}]","{'level': 'tambon', 'label': 'ตำบลช้างเผือก อำเภอเมืองเชียงใหม่ จังหวัดเชียงใหม่'}",consensus-v2,True,high,True,Bright Seeds International Kindergarten School,False,2019,['ONESQA']
220,1150700018,สาธิตนานาชาติทวิภาษาแห่งมหาวิทยาลัยรังสิต เชียงใหม่,Satit International Bilingual School Of Rangsit University Chiangmai,เชียงใหม่,หางดง,บ้านแหวน,225/900 หมู่ 11 ต.บ้านแหวน อ.หางดง จ.เชียงใหม่ 50230,https://sibs.ac.th/,OPEC Profile,https://sibs.ac.th/,https://www.facebook.com/www.sibs.ac.th,053442208,0876615151,,18.6976217,98.9448173,"ยืนยันตรงกันหลายแหล่ง: ArcGIS POI, OPEC, OpenStreetMap, Overture Maps (ทุกแหล่งห่างจากจุดนี้ไม่เกิน 160 ม.)",Exact,https://school.opec.go.th/school/1150700018,"['ก่อนอนุบาล', 'อนุบาล', 'ประถมศึกษา', 'มัธยมศึกษาตอนต้น', 'มัธยมศึกษาตอนปลาย']",ก่อนอนุบาล - มัธยมศึกษาตอนปลาย,560,65,"['หลักสูตร Early Years Foundation Stage ของสหราชอาณาจักร', 'หลักสูตร นานาชาติเคมบริดจ์ (Year 1 - Year 13)', 'หลักสูตรนานาชาติเคมบริดจ์']",-,นางสาวศิวลิน ตันสุวรรณวงค์,นางสาวอภิระมณ อุไรรัตน์,ไม่รับเงินอุดหนุน,"* A new Era of education 
* Double the future",,,,,,,https://pedb.opec.go.th/web/SchoolPdc.htm?mode=showPicture&t=1&id=23961,@sibscnx,https://www.instagram.com/sibs_chiangmai/,,https://www.youtube.com/@sibschiangmai,2026-09-14 01:08:02,2026-09-29 18:07:04,18.6980416,98.9439547,"['ArcGIS POI', 'OPEC', 'OpenStreetMap', 'Overture Maps']","[{'source': 'opec', 'lat': 18.6980416, 'lon': 98.9439547, 'distance_m': 102, 'label': 'OPEC', 'anchor_m': 1665}, {'source': 'osm', 'lat': 18.6976217, 'lon': 98.9448173, 'distance_m': 0, 'label': 'Satit International Bilingual School of Rangsit University Chiang Mai / Satit Internationa', 'score': 5, 'osm_id': 'w1237937945', 'anchor_m': 1728}, {'source': 'overture', 'lat': 18.6976, 'lon': 98.944709, 'distance_m': 12, 'label': 'โรงเรียนสาธิตแห่งมหาวิทยาลัยรังสิต จังหวัดเชียงใหม่', 'score': 0, 'anchor_m': 1717, 'keys': ['phone'], 'confidence': 0.97, 'overture_id': 'd8b9c9b5-cf7c-461d-a24e-1f1d0f48ce22', 'category': 'high_school'}, {'source': 'overture', 'lat': 18.697608, 'lon': 98.9445486, 'distance_m': 28, 'label': 'SBS International School Chiangmai', 'score': 0, 'anchor_m': 1702, 'keys': ['phone'], 'confidence': 0.944, 'overture_id': '3dc405cc-556e-46a6-9919-c69fd9e81ef1', 'category': 'college_university'}, {'source': 'overture', 'lat': 18.6973761, 'lon': 98.9433241, 'distance_m': 160, 'label': 'Satit International Bilingual School', 'score': 0, 'anchor_m': 1573, 'keys': ['phone'], 'confidence': 0.867, 'overture_id': '5ff9bf28-0621-4a47-84c1-7f8f96b25f81', 'category': 'place_of_learning'}, {'source': 'arcgis_poi', 'distance_m': 28, 'label': 'Satit Bilingual School of Rangsit University Chiang Mai', 'score': 5, 'anchor_m': 1745}, {'source': 'arcgis_poi', 'distance_m': 73, 'label': 'Satit School Of Rangsit Univercity', 'score': 4, 'anchor_m': 1783}]","{'level': 'tambon', 'label': 'ตำบลบ้านแหวน อำเภอหางดง จังหวัดเชียงใหม่'}",consensus-v2,True,high,True,Satit International Bilingual School of Rangsit University Chiangmai,False,2014,"['ONESQA', 'ACS WASC']"
221,1150700019,นานาชาติวารีเชียงใหม่,VAREE CHIANGMAI INTERNATIONAL SCHOOL,เชียงใหม่,เมืองเชียงใหม่,หนองหอย,59/8 หมู่ 6 ซอย - ถนน มหิดล ต.หนองหอย อ.เมืองเชียงใหม่ จ.เชียงใหม่ 50000,,Not Checked,,,,,,18.7578993,99.0147489,"ยืนยันตรงกันหลายแหล่ง: OpenStreetMap, Overture Maps (ทุกแหล่งห่างจากจุดนี้ไม่เกิน 475 ม.) — มีจุดชื่อเดียวกันอีก 3 จุด ห่าง 2.9 กม.ขึ้นไป (วิทยาเขตอื่นหรือย้ายที่ตั้ง?)",Exact,https://school.opec.go.th/school/1150700019,"['ก่อนอนุบาล', 'อนุบาล', 'ประถมศึกษา', 'มัธยมศึกษาตอนต้น', 'มัธยมศึกษาตอนปลาย']",ก่อนอนุบาล - มัธยมศึกษาตอนปลาย,337,33,"['หลักสูตร นานาชาติเคมบริดจ์ (Year 1 - Year 13)', 'หลักสูตรประเทศอังกฤษ', 'หลักสูตรวิชา ภาษาไทย วัฒนธรรมไทยและประวัติศาสตร์ไทย', 'หลักสูตรนานาชาติเคมบริดจ์']",นางวารี ภัทราวณิชย์,,,ไม่รับเงินอุดหนุน,,,,,,,,https://pedb.opec.go.th/web/SchoolPdc.htm?mode=showPicture&t=1&id=24124,,,,,2026-09-14 01:08:02,2026-09-29 18:07:04,18.758600060973727,99.01543222558772,"['OpenStreetMap', 'Overture Maps']","[{'source': 'opec', 'lat': 18.7586001, 'lon': 99.0154322, 'distance_m': 106, 'label': 'OPEC', 'anchor_m': 1431, 'shared': True}, {'source': 'osm', 'lat': 18.7578993, 'lon': 99.0147489, 'distance_m': 0, 'label': 'โรงเรียนวารีเชียงใหม่ / Varee Chiangmai School', 'score': 3, 'osm_id': 'r16464196', 'anchor_m': 1332}, {'source': 'overture', 'lat': 18.75893, 'lon': 99.014355, 'distance_m': 122, 'label': 'โรงเรียนวารีเชียงใหม่', 'score': 3, 'anchor_m': 1349, 'keys': ['name'], 'confidence': 0.972, 'overture_id': 'b8a8572e-00fc-4e2c-a1a8-1e8c56818e97', 'category': 'high_school'}, {'source': 'overture', 'lat': 18.80182, 'lon': 99.01562, 'distance_m': 4885, 'label': 'Varee Kindergarten School', 'score': 3, 'anchor_m': 5598, 'keys': ['name'], 'confidence': 0.951, 'overture_id': 'c9f96be6-8979-4023-9e0c-c07359f3bbaf', 'category': 'preschool'}, {'source': 'overture', 'lat': 18.7994314, 'lon': 98.9995103, 'distance_m': 4889, 'label': 'รร.อนุบาลวารีเชียงใหม่', 'score': 3, 'anchor_m': 5195, 'keys': ['name'], 'confidence': 0.878, 'overture_id': 'a62d24cc-a435-4d9e-a7ae-641f9c523986', 'category': 'place_of_learning'}, {'source': 'overture', 'lat': 18.7564017, 'lon': 99.0422623, 'distance_m': 2902, 'label': 'Varee Chiangmai School', 'score': 3, 'anchor_m': 4124, 'keys': ['name'], 'confidence': 0.873, 'overture_id': 'de6b649a-1c55-4d97-a3cf-4ed8f62e74d6', 'category': 'place_of_learning'}, {'source': 'overture', 'lat': 18.75899, 'lon': 99.01039, 'distance_m': 475, 'label': 'Varee Chiangmai School Kindergarten', 'score': 3, 'anchor_m': 1014, 'keys': ['name'], 'confidence': 0.684, 'overture_id': '52c22a9a-0418-4af9-8455-8a236a0b0af2', 'category': 'music_venue'}, {'source': 'arcgis_poi', 'distance_m': 59, 'label': 'Varee Chiang Mai International School', 'score': 3, 'anchor_m': 1378}]","{'level': 'tambon', 'label': 'ตำบลหนองหอย อำเภอเมืองเชียงใหม่ จังหวัดเชียงใหม่'}",consensus-v2,True,high,True,Varee Chiangmai International School,False,2019,['EDT']
222,1150700020,นอร์ทเทิร์น อินเตอร์เนชั่นแนล มอนเตสซอรี่,Northern International Montessori School,เชียงใหม่,เมืองเชียงใหม่,สุเทพ,1/21 หมู่ - ซอย - ถนน สนามบินเก่า ต.สุเทพ อ.เมืองเชียงใหม่ จ.เชียงใหม่ 50200,,Not Checked,,,,,,18.7870905,98.9631829,Overture Maps ขัดกับ OPEC (ห่างกัน 8.4 กม.) (พิกัดประมาณการ),Approximate,https://school.opec.go.th/school/1150700020,"['ก่อนอนุบาล', 'อนุบาล']",ก่อนอนุบาล - อนุบาล,38,10,"['หลักสูตรลิขสิทธิ์ของโรงเรียน Hiltop Montessori School รัฐอะลาบามา ประเทศสหรัฐอเมริกา', 'หลักสูตรวิชา ภาษาไทย วัฒนธรรมไทยและประวัติศาสตร์ไทย', 'Hilltop Montessori School รัฐอะลาบามา']",,,นางจิตจรุง เหมาะประสิทธิ์,ไม่รับเงินอุดหนุน,,,,,,,,https://pedb.opec.go.th/web/SchoolPdc.htm?mode=showPicture&t=1&id=24311,,,,,2026-09-14 01:08:02,2026-09-29 18:07:04,18.718180528724442,98.93134262558709,[],"[{'source': 'opec', 'lat': 18.7181805, 'lon': 98.9313426, 'distance_m': 8364, 'label': 'OPEC', 'anchor_m': 6035, 'shared': True}, {'source': 'overture', 'lat': 18.7870905, 'lon': 98.9631829, 'distance_m': 0, 'label': 'Northern International Montessori School', 'score': 2, 'anchor_m': 2398, 'keys': ['domain', 'name'], 'confidence': 0.982, 'overture_id': 'ab3591cd-ca8c-4d33-97fc-38888354e26e', 'category': 'place_of_learning'}]","{'level': 'tambon', 'label': 'ตำบลสุเทพ อำเภอเมืองเชียงใหม่ จังหวัดเชียงใหม่'}",consensus-v2,False,low,True,Northern International Montessori School,False,2022,[]
223,1150700021,นานาชาติบริติช คอนคอร์แดนซ์,BRITISH CONCORDANCE INTERNATIONAL SCHOOL,เชียงใหม่,หางดง,หนองควาย,216 หมู่ 1 ต.หนองควาย อ.หางดง จ.เชียงใหม่ 50230,https://www.bcisschool.ac.th,OPEC Profile,https://www.bcisschool.ac.th,https://www.facebook.com/bcischiangmai,052010599,0946375550,,18.7349,98.9313,"ยืนยันตรงกันหลายแหล่ง: OPEC, เว็บไซต์โรงเรียน (ทุกแหล่งห่างจากจุดนี้ไม่เกิน 5 ม.) — มีจุดชื่อเดียวกันอีก 3 จุด ห่าง 1.2 กม.ขึ้นไป (วิทยาเขตอื่นหรือย้ายที่ตั้ง?)",Exact,https://school.opec.go.th/school/1150700021,"['ก่อนอนุบาล', 'อนุบาล', 'ประถมศึกษา', 'มัธยมศึกษาตอนต้น', 'มัธยมศึกษาตอนปลาย']",ก่อนอนุบาล - มัธยมศึกษาตอนปลาย,306,78,"['A National curriculum in England', 'British Early Years Foundation Stage (EYFS)', 'Cambridge A level และ Pearson Edexcel', 'IGCSE', 'หลักสูตรภาษาไทย วัฒนธรรมไทยและประวัติศาสตร์ไทย', 'หลักสูตรแห่งชาติของสหราชอาณาจักรและเวลส์']",,,,ไม่รับเงินอุดหนุน,"BCIS is committed to:

 

To provide an educational environment that develops students’ curiosity and creativity. 

To develop responsible and engaged learners. 

To foster tolerance, respect, and acceptance of others. 

To build each student’s resilience and self-esteem. 

To provide a curriculum that is rich and relevant and allows all students to succeed. 

To promote a strong, supportive partnership between the school and the wider community. 

To have high expectations of ourselves and others.",,"BCIS Mission Statement:      At BCIS we believe in creating a global environment that prepares our students to be creative, caring and independent thinkers. We work tirelessly to provide an international education in a beautiful, modern and well-desi",B.R.A.V.E. BEYOND,"BCIS Values:   Comm?nit?s Scientia Virtus  Community, Knowledge, Character          The BCIS values were chosen to represent the core principals our school aims to instil in all our students.",,"NOW ENROLLING  PRENURSERY TO YEAR 7,INFO@BCISSCHOOL.AC.TH,@BCISSCHOOL.AC.TH",https://pedb.opec.go.th/web/SchoolPdc.htm?mode=showPicture&t=1&id=24866,@BCISCHIANGMAI,,,https://www.facebook.com/watch/?v=121941684314379,2026-09-14 01:08:03,2026-09-29 18:07:04,18.734935,98.9313303,"['OPEC', 'เว็บไซต์โรงเรียน']","[{'source': 'opec', 'lat': 18.734935, 'lon': 98.9313303, 'distance_m': 5, 'label': 'OPEC', 'anchor_m': 1371}, {'source': 'overture', 'lat': 18.687575, 'lon': 98.927092, 'distance_m': 5281, 'label': 'British Concordance International School', 'score': 3, 'anchor_m': 3992, 'keys': ['domain', 'name', 'phone'], 'confidence': 0.77, 'overture_id': '46fac07f-9be3-4f13-815e-e5f5abd75358', 'category': 'place_of_learning'}, {'source': 'overture', 'lat': 18.730214, 'lon': 98.941345, 'distance_m': 1179, 'label': 'British Concordance International School', 'score': 3, 'anchor_m': 1728, 'keys': ['domain', 'name', 'phone'], 'confidence': 0.77, 'overture_id': '6f840f96-5c18-4bcb-ba10-781e265b6bdf', 'category': 'elementary_school'}, {'source': 'overture', 'lat': 18.5173667, 'lon': 98.7493772, 'distance_m': 30863, 'label': 'British Concordance International School', 'score': 3, 'anchor_m': 29560, 'keys': ['domain', 'name'], 'confidence': 0.964, 'overture_id': '3ea4deea-ddbb-44d7-b924-6303434a585f', 'category': 'place_of_learning'}, {'source': 'website', 'lat': 18.7349, 'lon': 98.9313, 'distance_m': 0, 'label': 'https://www.bcisschool.ac.th', 'pin': 'place', 'origin': 'school', 'anchor_m': 1366}]","{'level': 'tambon', 'label': 'ตำบลหนองควาย อำเภอหางดง จังหวัดเชียงใหม่'}",consensus-v2,True,high,True,British Concordance International School,False,,[]
224,1150700024,นานาชาติซีดาร์เชียงใหม่,CHIANGMAI CEDAR INTERNATIONAL SCHOOL,เชียงใหม่,สันกำแพง,ออนใต้,2 หมู่ 5 ต.ออนใต้ อ.สันกำแพง จ.เชียงใหม่ 50130,,Not Checked,,https://Chiangmai Cedar International School,0626208307,0626388162,,18.7329769,99.1920134,"ยืนยันตรงกันหลายแหล่ง: OPEC, OpenStreetMap (ทุกแหล่งห่างจากจุดนี้ไม่เกิน 20 ม.)",Exact,https://school.opec.go.th/school/1150700024,"['ก่อนอนุบาล', 'อนุบาล', 'ประถมศึกษา', 'มัธยมศึกษาตอนต้น', 'มัธยมศึกษาตอนปลาย']",ก่อนอนุบาล - มัธยมศึกษาตอนปลาย,76,12,['Accelerated Christian Education (A.C.E.)'],,,,ไม่รับเงินอุดหนุน,,,,,,,,https://pedb.opec.go.th/web/SchoolPdc.htm?mode=showPicture&t=1&id=25564,,,,,2026-09-14 01:08:04,2026-09-29 18:07:04,18.7328125,99.19193750000001,"['OPEC', 'OpenStreetMap']","[{'source': 'opec', 'lat': 18.7328125, 'lon': 99.1919375, 'distance_m': 20, 'label': 'OPEC', 'anchor_m': 1638}, {'source': 'osm', 'lat': 18.7329769, 'lon': 99.1920134, 'distance_m': 0, 'label': 'Chiangmai Cedar International School / Chiangmai Cedar International School', 'score': 3, 'osm_id': 'w1293012275', 'anchor_m': 1628}, {'source': 'overture', 'lat': 18.732813, 'lon': 99.1919316, 'distance_m': 20, 'label': 'Chiangmai Cedar International School', 'score': 3, 'anchor_m': 1639, 'copy': True, 'keys': ['domain', 'name', 'phone'], 'confidence': 0.854, 'overture_id': 'f95f2b27-24b9-464f-a3d5-fad78f819eed', 'category': 'place_of_learning'}, {'source': 'arcgis_address', 'distance_m': 2127, 'label': 'PointAddress: 5 หมู่ 2 ตำบลออนใต้ อำเภอสันกำแพง จังหวัดเชียงใหม่ 50130', 'anchor_m': 523}, {'source': 'arcgis_address', 'distance_m': 12798, 'label': 'PointAddress: 5 หมู่ 2 ตำบลต้นเปา อำเภอสันกำแพง จังหวัดเชียงใหม่ 50130', 'anchor_m': 14314}]","{'level': 'tambon', 'label': 'ตำบลออนใต้ อำเภอสันกำแพง จังหวัดเชียงใหม่'}",consensus-v2,True,high,True,Chiangmai Cedar International School,False,2024,[]
225,1150700025,นานาชาติฝรั่งเศสวินฟิลด์ เชียงใหม่,Windfield French International School Chiang Mai,เชียงใหม่,เมืองเชียงใหม่,วัดเกต,288 ถนน เจริญราษฎร์ ต.วัดเกต อ.เมืองเชียงใหม่ จ.เชียงใหม่ 50000,https://windfield.ac.th,OPEC Profile,https://windfield.ac.th,https://www.facebook.com/windfieldchiangmai/,,0916552699,,18.7962323,99.0018187,"ยืนยันตรงกันหลายแหล่ง: OpenStreetMap, Overture Maps (ทุกแหล่งห่างจากจุดนี้ไม่เกิน 8 ม.)",Exact,https://school.opec.go.th/school/1150700025,"['ก่อนอนุบาล', 'อนุบาล', 'ประถมศึกษา']",ก่อนอนุบาล - ประถมศึกษา,62,14,['French National Education Program'],นายสมัชญ์ ยงศิริ,นายไตรทศ ไชยวงค์,นายสมัชญ์ ยงศิริ,ไม่รับเงินอุดหนุน,"Windfield French International School Chiang Mai was established through the shared vision of French educational leaders and Thai partners who strongly believe in the value of international education, multilingualism, and cultural exchange.

Inspired by the excellence of the French education system and the growing international community in Northern Thailand, the school was created to provide children with a high-quality learning environment combining academic achievement, creativity, well-being, and global perspectives.

As the first and only French international school in Northern Thailand, Windfield offers an authentic French international education within a caring, multicultural, and family-oriented community.

The school combines the strengths of the French curriculum with international approaches to learning, helping students develop confidence, critical thinking, language proficiency, and respect for cultural diversity.

Beyond academics, Windfield is committed to nurturing the whole child through personalised support, arts, sports, languages, and meaningful community engagement, preparing students not only for academic success, but also for life in a rapidly changing world.",,,,,,,https://pedb.opec.go.th/web/SchoolPdc.htm?mode=showPicture&t=1&id=25613,,https://www.instagram.com/windfieldchiangmai?fbclid=IwY2xjawP3Gg9leHRuA2FlbQIxMABicmlkETFvOWdUNlFoZFJ1RFlDaWtrc3J0YwZhcHBfaWQQMjIyMDM5MTc4ODIwMDg5MgAB,,,2026-09-14 01:08:04,2026-09-29 18:07:04,,,"['OpenStreetMap', 'Overture Maps']","[{'source': 'osm', 'lat': 18.7962323, 'lon': 99.0018187, 'distance_m': 0, 'label': 'Windfield French Intl. School', 'score': 3, 'osm_id': 'n13240363791', 'anchor_m': 402}, {'source': 'overture', 'lat': 18.7963029, 'lon': 99.0018493, 'distance_m': 8, 'label': 'Windfield French International School Chiang Mai | École Française Internationale de Chian', 'score': 0, 'anchor_m': 409, 'keys': ['phone'], 'confidence': 0.849, 'overture_id': 'c908ce01-7478-435b-9c59-654f1e6aa175', 'category': 'place_of_learning'}]","{'level': 'tambon', 'label': 'ตำบลวัดเกต อำเภอเมืองเชียงใหม่ จังหวัดเชียงใหม่'}",consensus-v2,True,high,True,Windfield French International School Chiang Mai,False,2024,[]
226,1150700026,นานาชาติบอสตัน,BOSTON INTERNATIONAL SCHOOL,เชียงใหม่,ดอยสะเก็ด,สันปูเลย,153 หมู่ 1 ต.สันปูเลย อ.ดอยสะเก็ด จ.เชียงใหม่ 50220,,Not Checked,,https://www.facebook.com/share/16oH1fVagy/?mibextid=wwXIfr,,0819516394,,18.7824567,99.0557248,OPEC ยังไม่มีแหล่งอื่นยืนยัน (พิกัดประมาณการ),Approximate,https://school.opec.go.th/school/1150700026,"['มัธยมศึกษาตอนต้น', 'มัธยมศึกษาตอนปลาย']",มัธยมศึกษาตอนต้น - มัธยมศึกษาตอนปลาย,16,4,['หลักสูตรประเทศสหรัฐอเมริกา'],,นายศุภชัย ตันจิรกุล,นางสาวนัฏศนันท์ สุขแปง,ไม่รับเงินอุดหนุน,โรงเรียนนานาชาติบอสตัน (ฺBIS) ตั้งอยู่เลขที่ 153 หมู่ 1 ต.สันปูเลย อ.ดอยสะเก็ด จ.เชียงหม่ เปิดทำการสอนตั้งแต่ Grade 6-Grade 12 ด้วยหลักสูตรกลางของประเทศสหรัฐอเมริกา จัดกิจกรรมการเรียนการสอนด้วยภาษาอังกฤษ เพื่อพัฒนาทักษะการสื่อสารภาษาอังกฤษของนักเรียน มีพื้นที่ 3 ไร่ 31 ตารางวา พร้อมด้วยอาคารเรียน 2 ชั้น จำนวน 2 หลัง อาคารอเนกประสงค์ 1หลังและอาคารโรงอาหาร ทุกห้องเรียนติดตั้งเครื่องปรับอากาศและสื่อการเรียนรู้ที่ทันสมัย พร้อมกับครูที่มีความรู้ ความสามารถและประสบการณ์ในการจัดกิจกรรมการเรียนการสอน และการดูแลนักเรียนอย่างอบอุ่น,โรงเรียนนานาชาติบอสตัน (BIS) มุ่งเน้นพัฒนาสมรรถนะผู้เรียน มีทักษะความเป็นผู้นำ  มีความคิดสร้างสรรค์ กล้าแสดงออก  มีทักษะการสื่อสารภาษาอังกฤษ และเป็นพลเมืองดี,พัฒนาผู้เรียนให้มีทักษะการเรียนรู้และนวัตกรรม คิดสร้างสรรค์ แก้ปัญหาเป็น ทำงานกับผู้อื่นได้ ส่งเสริมการเรียนรู้ด้วยตนเอง รอบรู้เทคโนโลยี สื่อสารสนเทศ และมีทักษะชีวิต,"""I AM BIS"" ความหมายคือ การสร้างความรัก ความภาคภูมิใจในองค์กร ได้แก่ Integrity - Activeness- Morality– (Smart) Brain- Imagine	และ Self-Discovery",การพัฒนาและเข้าใจตนเอง การเรียนรู้ที่ท้าทายด้วยความเข้าใจ สร้างสรรค์ และอยู่ร่วมกันอย่างอบอุ่น,รักและภูมิใจในตนเอง เข้าใจผู้อื่น เรียนรู้ร่วมกันอย่างมีความสุขและสร้างสรรค์,,https://pedb.opec.go.th/web/SchoolPdc.htm?mode=showPicture&t=1&id=25824,,,,,2026-09-14 01:08:04,2026-09-29 18:07:04,18.7824567,99.0557248,[],"[{'source': 'opec', 'lat': 18.7824567, 'lon': 99.0557248, 'distance_m': 0, 'label': 'OPEC', 'anchor_m': 4768}]","{'level': 'tambon', 'label': 'ตำบลสันปูเลย อำเภอดอยสะเก็ด จังหวัดเชียงใหม่'}",consensus-v2,False,low,,,,,
227,1150700027,นานาชาติมิลล์ฮิลล์ ประเทศไทย,MILL HILL INTERNATIONAL SCHOOL THAILAND,เชียงใหม่,ดอยสะเก็ด,สันปูเลย,117 หมู่ 8 ต.สันปูเลย อ.ดอยสะเก็ด จ.เชียงใหม่ 50220,,Not Checked,,,,,,18.7899613,99.0749608,Overture Maps ยังไม่มีแหล่งอื่นยืนยัน (พิกัดประมาณการ),Approximate,https://school.opec.go.th/school/1150700027,"['ก่อนอนุบาล', 'อนุบาล', 'ประถมศึกษา']",ก่อนอนุบาล - ประถมศึกษา,132,22,"['Early Years Foundation Stage (EYFS)', 'The national Curriculum in England']",,,,ไม่รับเงินอุดหนุน,,,,,,,,https://pedb.opec.go.th/web/SchoolPdc.htm?mode=showPicture&t=1&id=25898,,,,,2026-09-14 01:08:05,2026-09-29 18:07:04,,,[],"[{'source': 'overture', 'lat': 18.7899613, 'lon': 99.0749608, 'distance_m': 0, 'label': 'Mill Hill Thailand', 'score': 0, 'anchor_m': 3461, 'keys': ['domain'], 'confidence': 0.819, 'overture_id': 'a659e79f-e398-4d21-93f6-931250dc8976', 'category': 'place_of_learning'}]","{'level': 'tambon', 'label': 'ตำบลสันปูเลย อำเภอดอยสะเก็ด จังหวัดเชียงใหม่'}",consensus-v2,False,low,True,Mill Hill International School Thailand,False,2025,[]
228,1150700028,นานาชาติคาเรียด,Cariad International School,เชียงใหม่,หางดง,หนองควาย,91/2 หมู่ 9 ต.หนองควาย อ.หางดง จ.เชียงใหม่ 50230,https://www.cariad.ac.th,OPEC Profile,https://www.cariad.ac.th,,0843658186,0843658186,,18.7252567,98.9354408,OpenStreetMap ชื่อตรงกับโรงเรียน (Cariad International School) และอยู่ในตำบลที่จดทะเบียน,Exact,https://school.opec.go.th/school/1150700028,"['ก่อนอนุบาล', 'อนุบาล', 'ประถมศึกษา', 'มัธยมศึกษาตอนต้น', 'มัธยมศึกษาตอนปลาย']",ก่อนอนุบาล - มัธยมศึกษาตอนปลาย,26,11,"['The Early Years Foundation Stage', 'The national Curriculum in England', 'วิชาภาษาไทย  วัฒนธรรมไทย  และประวัติศาสตร์ไทย สำหรับโรงเรียนในระบบ ประเภทนานาชาติ']",,,นางดวงเดือน วิลเล็มส์,ไม่รับเงินอุดหนุน,โรงเรียนนานาชาติคาเรียดใช้หลักสูตรประเทศอังกฤษ เปิดสอนตั้งแต่ระดับก่อนประถมศึกษาถึงชั้นมัธยมศึกษา เพื่อพัฒนาผู้เรียนให้มีสติปัญญาเฉลียวฉลาด สามารถสร้างองค์ความรู้ได้ด้วยตนเอง ภายใต้สภาพแวดล้อมที่เป็นธรรมชาติ ก้าวทันเทคโนโลยี่ เรียนรู้อย่างมีความสุข และเติบโตอย่างมีวินัย และเป็นพลเมืองโลกที่มีคุณภาพ,มุ่งมั่นพัฒนาผู้เรียนให้มีคุณภาพตามมาตรฐานนสากล,พัฒนาผู้เรียนให้มีความรู้ควบคู่คุณธรรม มีทักษะรอบรู้ ก้าวทันเทคโนโลยี มีจิตสาธารณะ สามารถอยู่ในสังคมได้อย่างมีความสุข,รักการเรียนรู้ เติบโตอย่างมั่นคง สู่สังคมโลก,สุขภาพดี มีวินัย ใส่ใจสิ่งแวดล้อม,เรียนอย่างมีความสุข มีพลังเข้มแข็ง กล้าแสดงออก มีน้ำใจนักกีฬา,,https://pedb.opec.go.th/web/SchoolPdc.htm?mode=showPicture&t=1&id=26013,,,,,2026-09-14 01:08:05,2026-09-29 18:07:04,,,['OpenStreetMap'],"[{'source': 'osm', 'lat': 18.7252567, 'lon': 98.9354408, 'distance_m': 0, 'label': 'Cariad International School', 'score': 3, 'osm_id': 'w1557600869', 'anchor_m': 956}, {'source': 'arcgis_address', 'distance_m': 3350, 'label': 'PointAddress: 91 หมู่ 2 ตำบลหนองควาย อำเภอหางดง จังหวัดเชียงใหม่ 50230', 'anchor_m': 2507}]","{'level': 'tambon', 'label': 'ตำบลหนองควาย อำเภอหางดง จังหวัดเชียงใหม่'}",consensus-v2,True,medium,True,Cariad International School,False,2025,[]
229,1150700029,นานาชาติมาสเตอร์ เชียงใหม่,Masters International School Chiangmai,เชียงใหม่,สันกำแพง,แช่ช้าง,1/3 หมู่ 6 ต.แช่ช้าง อ.สันกำแพง จ.เชียงใหม่ 50130,,Not Checked,,,,,,,,ยังไม่มีพิกัดจากแหล่งที่อนุญาตให้เก็บ (มีแต่ ArcGIS ซึ่งใช้ตรวจได้แต่เก็บไม่ได้) — รอแอดมินปักหมุด,None,https://school.opec.go.th/school/1150700029,"['อนุบาล', 'ประถมศึกษา', 'มัธยมศึกษาตอนต้น']",อนุบาล - มัธยมศึกษาตอนต้น,0,2,[],,,,ไม่รับเงินอุดหนุน,,,,,,,,https://pedb.opec.go.th/web/SchoolPdc.htm?mode=showPicture&t=1&id=26448,,,,,2026-09-14 01:08:05,2026-09-29 18:07:04,,,[],"[{'source': 'arcgis_address', 'distance_m': None, 'label': 'PointAddress: 1 หมู่ 6 ตำบลแช่ช้าง อำเภอสันกำแพง จังหวัดเชียงใหม่ 50130', 'anchor_m': 3507}, {'source': 'arcgis_address', 'distance_m': None, 'label': 'PointAddress: 6 หมู่ 1 ตำบลทรายมูล อำเภอสันกำแพง จังหวัดเชียงใหม่ 50130', 'anchor_m': 2079}]","{'level': 'tambon', 'label': 'ตำบลแช่ช้าง อำเภอสันกำแพง จังหวัดเชียงใหม่'}",consensus-v2,False,low,,,,,
230,1152700001,นานาชาติอังกฤษแห่งภาคเหนือ,NAWATTAPHUME INTERNATIONAL SCHOOL,ลำปาง,เมืองลำปาง,ปงแสนทอง,73/1 หมู่ที่ 2 ต.ปงแสนทอง อ.เมืองลำปาง จ.ลำปาง 52000,,Not Checked,,,,,,18.2518951,99.446651,"ยืนยันตรงกันหลายแหล่ง: ArcGIS บ้านเลขที่, OPEC (ทุกแหล่งห่างจากจุดนี้ไม่เกิน 138 ม.)",Exact,https://school.opec.go.th/school/1152700001,"['อนุบาล', 'ประถมศึกษา', 'มัธยมศึกษาตอนต้น', 'มัธยมศึกษาตอนปลาย']",อนุบาล - มัธยมศึกษาตอนปลาย,23,7,"['หลักสูตรประเทศอังกฤษ', 'National Curriculum for England and Wales']",นางสาวพิมลมาส  โพธิ์ทอง,,นางสาวพิมลมาส  โพธิ์ทอง,ไม่รับเงินอุดหนุน,,,,,,,,https://pedb.opec.go.th/web/SchoolPdc.htm?mode=showPicture&t=1&id=10099,,,,,2026-09-14 01:08:05,2026-09-29 18:07:04,18.2518951,99.44665099999999,"['ArcGIS บ้านเลขที่', 'OPEC']","[{'source': 'opec', 'lat': 18.2518951, 'lon': 99.446651, 'distance_m': 0, 'label': 'OPEC', 'anchor_m': 3734}, {'source': 'arcgis_address', 'distance_m': 1974, 'label': 'PointAddress: 73 หมู่ 1 ตำบลปงแสนทอง อำเภอเมืองลำปาง จังหวัดลำปาง 52100', 'anchor_m': 5607}, {'source': 'arcgis_address', 'distance_m': 138, 'label': 'PointAddress: 73 หมู่ 2 ตำบลปงแสนทอง อำเภอเมืองลำปาง จังหวัดลำปาง 52100', 'anchor_m': 3597}]","{'level': 'tambon', 'label': 'ตำบลปงแสนทอง อำเภอเมืองลำปาง จังหวัดลำปาง'}",consensus-v2,True,high,,,,,
231,1152700002,นานาชาติแครนเบอร์รี่,Cranberry International School,ลำปาง,เมืองลำปาง,ชมพู,258 ต.ชมพู อ.เมืองลำปาง จ.ลำปาง 52100,https://www.cranberry.ac.th,OPEC Profile,https://www.cranberry.ac.th,https://www.facebook.com/cranberryinternational,,0906743899,,18.2654737,99.4629255,"ยืนยันตรงกันหลายแหล่ง: ArcGIS POI, OPEC, OpenStreetMap, Overture Maps (ทุกแหล่งห่างจากจุดนี้ไม่เกิน 110 ม.)",Exact,https://school.opec.go.th/school/1152700002,"['ก่อนอนุบาล', 'อนุบาล', 'ประถมศึกษา']",ก่อนอนุบาล - ประถมศึกษา,102,9,"['หลักสูตรประเทศอังกฤษ', 'American Education Reaches Out (AERO)', 'District of Columbia Early Learning Standards']",นายนรเศรษฐ์ จิวะสันติการ,นางโอรีนทร์ จิวะสันติการ,,ไม่รับเงินอุดหนุน,,,,C-reativity I-nspiration S-uccess,,,,https://pedb.opec.go.th/web/SchoolPdc.htm?mode=showPicture&t=1&id=19958,@cranberryinter,https://www.instagram.com/cranberryinternational/,https://www.tiktok.com/@cranberryinternational.1,https://www.youtube.com/channel/UCyidM0bY5fGVPNvz3ozNKlg,2026-09-14 01:08:05,2026-09-29 18:07:04,18.2647443,99.4635382,"['ArcGIS POI', 'OPEC', 'OpenStreetMap', 'Overture Maps']","[{'source': 'opec', 'lat': 18.2647443, 'lon': 99.4635382, 'distance_m': 104, 'label': 'OPEC', 'anchor_m': 898}, {'source': 'osm', 'lat': 18.2654737, 'lon': 99.4629255, 'distance_m': 0, 'label': 'Cranberry International School', 'score': 3, 'osm_id': 'w1551432208', 'anchor_m': 846}, {'source': 'overture', 'lat': 18.2647277, 'lon': 99.4636093, 'distance_m': 110, 'label': 'Cranberry International School', 'score': 3, 'anchor_m': 897, 'keys': ['domain', 'name', 'phone'], 'confidence': 0.99, 'overture_id': 'b510eb4b-2972-453d-9edd-0456da9b1fd9', 'category': 'place_of_learning'}, {'source': 'dopa', 'lat': 18.2647619, 'lon': 99.4635351, 'distance_m': 102, 'label': 'โรงเรียนอนุบาลนานาชาติแครนเบอร์รี่', 'score': 3, 'anchor_m': 896, 'copy': True}, {'source': 'dopa', 'lat': 18.2647619, 'lon': 99.4635351, 'distance_m': 102, 'label': 'โรงเรียนอนุบาลนานาชาติแครนเบอร์รี่', 'score': 3, 'anchor_m': 896, 'copy': True}, {'source': 'arcgis_poi', 'distance_m': 88, 'label': 'Cranberry International School', 'score': 3, 'anchor_m': 889}]","{'level': 'tambon', 'label': 'ตำบลชมพู อำเภอเมืองลำปาง จังหวัดลำปาง'}",consensus-v2,True,high,,,,,
232,1152700003,นานาชาติเซนต์เฮเลียร์-เบรลาร์ด,Saint Helier-Brelade International School,ลำปาง,เมืองลำปาง,พระบาท,24/1 ถนน เฉลิมพระเกียรติ ต.พระบาท อ.เมืองลำปาง จ.ลำปาง 52000,,Not Checked,,,,,,18.2719569,99.4847136,Overture Maps ยังไม่มีแหล่งอื่นยืนยัน (พิกัดประมาณการ),Approximate,https://school.opec.go.th/school/1152700003,"['อนุบาล', 'ประถมศึกษา', 'มัธยมศึกษาตอนต้น']",อนุบาล - มัธยมศึกษาตอนต้น,88,11,['The  National Curriculum in England Key Stage 1-5'],นางสาวอลิสา จณิน โวลล์มันน์,,,ไม่รับเงินอุดหนุน,,,,,,,,https://pedb.opec.go.th/web/SchoolPdc.htm?mode=showPicture&t=1&id=24736,,,,,2026-09-14 01:08:06,2026-09-29 18:07:04,,,[],"[{'source': 'overture', 'lat': 18.2719569, 'lon': 99.4847136, 'distance_m': 0, 'label': 'Saint Helier-Brelard International School', 'score': 0, 'anchor_m': 3319, 'keys': ['domain'], 'confidence': 0.969, 'overture_id': '49b63509-7048-4891-8077-022dbb41ed60', 'category': 'education'}]","{'level': 'tambon', 'label': 'ตำบลพระบาท อำเภอเมืองลำปาง จังหวัดลำปาง'}",consensus-v2,False,low,,,,,
233,1154700001,นานาชาติสานฝัน,Sanfan International School,แพร่,เมืองแพร่,นาจักร,452/1 หมู่ 9 ต.นาจักร อ.เมืองแพร่ จ.แพร่ 54000,,Not Checked,,,,,,18.1236349,100.1532555,Overture Maps ขัดกับ OPEC (ห่างกัน 0.6 กม.) (พิกัดประมาณการ),Approximate,https://school.opec.go.th/school/1154700001,"['ก่อนอนุบาล', 'อนุบาล']",ก่อนอนุบาล - อนุบาล,16,5,"['หลักสูตรสหรัฐอเมริกัน', 'Massachusetts Curriculum Frameworks']",นายกรวิชญ์  ตั้งอยู่ดำรงกุล,,,ไม่รับเงินอุดหนุน,,,,,,,,https://pedb.opec.go.th/web/SchoolPdc.htm?mode=showPicture&t=1&id=24173,,,,,2026-09-14 01:08:06,2026-09-29 18:07:04,18.128393876139203,100.1503043366902,[],"[{'source': 'opec', 'lat': 18.1283939, 'lon': 100.1503043, 'distance_m': 614, 'label': 'OPEC', 'anchor_m': 3224}, {'source': 'overture', 'lat': 18.1236349, 'lon': 100.1532555, 'distance_m': 0, 'label': 'โรงเรียนสานฝันแพร่', 'score': 3, 'anchor_m': 2656, 'keys': ['name'], 'confidence': 0.963, 'overture_id': '5ea7b892-2e3c-4fdf-a391-356bcd104158', 'category': 'place_of_learning'}, {'source': 'arcgis_address', 'distance_m': 3818, 'label': 'PointAddress: 9 หมู่ 1 ตำบลนาจักร อำเภอเมืองแพร่ จังหวัดแพร่ 54000', 'anchor_m': 1185}]","{'level': 'tambon', 'label': 'ตำบลนาจักร อำเภอเมืองแพร่ จังหวัดแพร่'}",consensus-v2,False,low,,,,,
234,1156700002,นานาชาติอังกฤษ ไทย ณ เชียงคำ-พะเยา,British Thai International School at Chiangkham-Phayao,พะเยา,เชียงคำ,เชียงบาน,194 หมู่ 10 ต.เชียงบาน อ.เชียงคำ จ.พะเยา 56110,,Not Checked,,,,,,19.5503595,100.2809329,"ยืนยันตรงกันหลายแหล่ง: OPEC, Overture Maps (ทุกแหล่งห่างจากจุดนี้ไม่เกิน 203 ม.) — มีจุดชื่อเดียวกันอีก 1 จุด ห่าง 4.1 กม.ขึ้นไป (วิทยาเขตอื่นหรือย้ายที่ตั้ง?)",Exact,https://school.opec.go.th/school/1156700002,"['อนุบาล', 'ประถมศึกษา', 'มัธยมศึกษาตอนต้น', 'มัธยมศึกษาตอนปลาย']",อนุบาล - มัธยมศึกษาตอนปลาย,48,7,"['หลักสูตรเวลส์', 'หลักสูตรแห่งชาติของสหราชอาณาจักรและเวลส์']",บริษัท บริทิชไทย เอ็ดดูเคชั่น จำกัด,,,ไม่รับเงินอุดหนุน,,,,,,,,https://pedb.opec.go.th/web/SchoolPdc.htm?mode=showPicture&t=1&id=19692,,,,,2026-09-14 01:08:06,2026-09-29 18:07:04,19.5485374,100.2807572,"['OPEC', 'Overture Maps']","[{'source': 'opec', 'lat': 19.5485374, 'lon': 100.2807572, 'distance_m': 203, 'label': 'OPEC', 'anchor_m': 4674}, {'source': 'overture', 'lat': 19.5154356, 'lon': 100.2926611, 'distance_m': 4073, 'label': 'โรงเรียนนานาชาติอังกฤษไทย ณ เชียงคำ-พะเยา British Thai International School at Chiangkham-', 'score': 3, 'anchor_m': 1431, 'keys': ['domain', 'name'], 'confidence': 0.959, 'overture_id': '8ca40ac2-eb54-4ac8-b721-75e355d1b9a7', 'category': 'place_of_learning'}, {'source': 'overture', 'lat': 19.5503595, 'lon': 100.2809329, 'distance_m': 0, 'label': 'โรงเรียนเชียงคำคริสเตียน Chiangkham Christian School', 'score': 3, 'anchor_m': 4876, 'keys': ['name'], 'confidence': 0.933, 'overture_id': '465adf93-fc3b-4e2b-bdf2-2f420702e882', 'category': 'elementary_school'}]","{'level': 'tambon', 'label': 'ตำบลเชียงบาน อำเภอเชียงคำ จังหวัดพะเยา'}",consensus-v2,True,high,,,,,
235,1157700001,นานาชาติเชียงราย,Chiangrai International School,เชียงราย,เมืองเชียงราย,ริมกก,496 หมู่ 5 ต.ริมกก อ.เมืองเชียงราย จ.เชียงราย 57000,,Not Checked,,,,,,19.931368,99.8419121,"ยืนยันตรงกันหลายแหล่ง: OPEC, OpenStreetMap (ทุกแหล่งห่างจากจุดนี้ไม่เกิน 19 ม.)",Exact,https://school.opec.go.th/school/1157700001,"['อนุบาล', 'ประถมศึกษา', 'มัธยมศึกษาตอนต้น', 'มัธยมศึกษาตอนปลาย']",อนุบาล - มัธยมศึกษาตอนปลาย,292,57,"['หลักสูตรสหรัฐอเมริกัน', 'หลักสูตรประเทศอเมริกาแคลิฟอร์เนีย']",นางศุภัชธิดา โช,นางศุภัชธิดา โช,นางศุภัชธิดา โช,ไม่รับเงินอุดหนุน,,,,,,,,https://pedb.opec.go.th/web/SchoolPdc.htm?mode=showPicture&t=1&id=10686,,,,,2026-09-14 01:08:07,2026-09-29 18:07:04,19.9315029,99.8418071,"['OPEC', 'OpenStreetMap']","[{'source': 'opec', 'lat': 19.9315029, 'lon': 99.8418071, 'distance_m': 19, 'label': 'OPEC', 'anchor_m': 11481}, {'source': 'osm', 'lat': 19.931368, 'lon': 99.8419121, 'distance_m': 0, 'label': 'โรงเรียนนานาชาติเชียงราย / Chiang Rai International School', 'score': 3, 'osm_id': 'w1097702190', 'anchor_m': 11479}]","{'level': 'tambon', 'label': 'ตำบลริมกก อำเภอเมืองเชียงราย จังหวัดเชียงราย'}",consensus-v2,True,high,True,Chiang Rai International School,True,2010,"['ONESQA', 'ACS WASC']"
236,1157700002,คริสเตียนนานาชาติเชียงราย,CHIANG RAI INTERNATOPNAL CHRISTIAN SCHOOL,เชียงราย,เมืองเชียงราย,บ้านดู่,331 หมู่ 14 ถนน เลี่ยงเมืองเชียงรายตะวันตก ต.บ้านดู่ อ.เมืองเชียงราย จ.เชียงราย 57100,,Not Checked,,,,,,19.9498503,99.8312921,"ยืนยันตรงกันหลายแหล่ง: ArcGIS POI, OPEC, OpenStreetMap, Overture Maps (ทุกแหล่งห่างจากจุดนี้ไม่เกิน 183 ม.)",Exact,https://school.opec.go.th/school/1157700002,"['อนุบาล', 'ประถมศึกษา', 'มัธยมศึกษาตอนต้น', 'มัธยมศึกษาตอนปลาย']",อนุบาล - มัธยมศึกษาตอนปลาย,211,58,"['หลักสูตรสหรัฐอเมริกัน', 'AERO Common Core Plus Standards']",นายวิชัย ส่องแสง,นายคณิต คล้ายจำแลง,นายคณิต คล้ายจำแลง,ไม่รับเงินอุดหนุน,,,,,,,,https://pedb.opec.go.th/web/SchoolPdc.htm?mode=showPicture&t=1&id=10694,,,,,2026-09-14 01:08:07,2026-09-29 18:07:04,19.950482,99.83225,"['ArcGIS POI', 'OPEC', 'OpenStreetMap', 'Overture Maps']","[{'source': 'opec', 'lat': 19.950482, 'lon': 99.83225, 'distance_m': 122, 'label': 'OPEC', 'anchor_m': 2994}, {'source': 'osm', 'lat': 19.9498503, 'lon': 99.8312921, 'distance_m': 0, 'label': 'Chiang Rai International Christian School / โรงเรียนคริสเตียนนานาชาติเชียงราย', 'score': 3, 'osm_id': 'w1097702191', 'anchor_m': 3069}, {'source': 'overture', 'lat': 19.9507166, 'lon': 99.8327785, 'distance_m': 183, 'label': 'Chiang Rai International Christian School', 'score': 2, 'anchor_m': 2967, 'keys': ['domain', 'name'], 'confidence': 0.987, 'overture_id': '4529b85a-35fb-47ef-b829-c586e7e7f589', 'category': 'place_of_learning'}, {'source': 'overture', 'lat': 19.8819271, 'lon': 99.8028661, 'distance_m': 8116, 'label': 'Chiang Rai Christian Academy', 'score': 2, 'anchor_m': 11077, 'keys': ['name'], 'confidence': 0.898, 'overture_id': '4f597999-96c8-45b3-8172-db5dac85a65c', 'category': 'specialty_school'}, {'source': 'overture', 'lat': 19.9042688, 'lon': 99.8267296, 'distance_m': 5091, 'label': 'กรุงเทพคริสเตียน Bangkok Christian College', 'score': 2, 'anchor_m': 8159, 'keys': ['name'], 'confidence': 0.496, 'overture_id': '51127650-255e-4849-8725-40aa4d9cc557', 'category': 'campus_building'}, {'source': 'arcgis_poi', 'distance_m': 91, 'label': 'Chiang Rai International Christian School', 'score': 2, 'anchor_m': 3009}, {'source': 'arcgis_poi', 'distance_m': 69, 'label': 'Chiang Rai International Christian School', 'score': 2, 'anchor_m': 3028}]","{'level': 'tambon', 'label': 'ตำบลบ้านดู่ อำเภอเมืองเชียงราย จังหวัดเชียงราย'}",consensus-v2,True,high,True,Chiang Rai International Christian School,False,1998,"['ONESQA', 'ACS WASC', 'ACSI (Association of Christian Schools International)']"
237,1157700004,นานาชาติวันโฮป,ONE HOPE INTERNATIONAL SCHOOL,เชียงราย,แม่สาย,โป่งผา,363 หมู่ 5 ซอย - ถนน - ต.โป่งผา อ.แม่สาย จ.เชียงราย 57130,,Not Checked,,,,,,20.3745933,99.899533,"ยืนยันตรงกันหลายแหล่ง: OPEC, Overture Maps (ทุกแหล่งห่างจากจุดนี้ไม่เกิน 167 ม.)",Exact,https://school.opec.go.th/school/1157700004,"['อนุบาล', 'ประถมศึกษา']",อนุบาล - ประถมศึกษา,170,4,['Common Core State Standarts (CCSS)'],,นายสมพงษ์ ฤทธิแผลง,,ไม่รับเงินอุดหนุน,,,,,,,,https://pedb.opec.go.th/web/SchoolPdc.htm?mode=showPicture&t=1&id=24375,,,,,2026-09-14 01:08:07,2026-09-29 18:07:04,20.37486612298487,99.90110974598592,"['OPEC', 'Overture Maps']","[{'source': 'opec', 'lat': 20.3748661, 'lon': 99.9011097, 'distance_m': 167, 'label': 'OPEC', 'anchor_m': 1728}, {'source': 'overture', 'lat': 20.3745933, 'lon': 99.899533, 'distance_m': 0, 'label': 'One Hope International School', 'score': 4, 'anchor_m': 1577, 'keys': ['domain', 'name'], 'confidence': 0.982, 'overture_id': '133b0c18-7881-46f6-8432-ab37ce2e43f2', 'category': 'place_of_learning'}]","{'level': 'tambon', 'label': 'ตำบลโป่งผา อำเภอแม่สาย จังหวัดเชียงราย'}",consensus-v2,True,high,True,One Hope International School,False,2020,[]
238,1157700005,นานาชาติเกนส์วิลล์ แม่สาย,Gainesville International School Maesai,เชียงราย,แม่สาย,แม่สาย,216 หมู่ 9 ต.แม่สาย อ.แม่สาย จ.เชียงราย 57130,,Not Checked,,,052100100,,,20.3618337,99.8792876,Overture Maps อยู่ห่างจากจุดกลางตำบลที่จดทะเบียน 7.2 กม. (พิกัดประมาณการ),Approximate,https://school.opec.go.th/school/1157700005,"['มัธยมศึกษาตอนต้น', 'มัธยมศึกษาตอนปลาย']",มัธยมศึกษาตอนต้น - มัธยมศึกษาตอนปลาย,0,4,"['ริเวอร์ไซด์ มิลิทารี่ อแคเดมี่', 'วิชาภาษาไทย  วัฒนธรรมไทย  และประวัติศาสตร์ไทย สำหรับโรงเรียนในระบบ ประเภทนานาชาติ']",พลตำรวจเอกประสาน วงศ์ใหญ่,,,ไม่รับเงินอุดหนุน,,,,,,,,https://pedb.opec.go.th/web/SchoolPdc.htm?mode=showPicture&t=1&id=25582,,,,,2026-09-14 01:08:08,2026-09-29 18:07:04,,,[],"[{'source': 'overture', 'lat': 20.3618337, 'lon': 99.8792876, 'distance_m': 0, 'label': 'GIS CR', 'score': 0, 'anchor_m': 7213, 'keys': ['domain', 'phone'], 'confidence': 0.967, 'overture_id': '18a42b54-385b-4655-9872-62a3a04da722', 'category': 'middle_school'}, {'source': 'arcgis_address', 'distance_m': 12557, 'label': 'PointAddress: 216 หมู่ 9 ตำบลเกาะช้าง อำเภอแม่สาย จังหวัดเชียงราย 57130', 'anchor_m': 9368}]","{'level': 'tambon', 'label': 'ตำบลแม่สาย อำเภอแม่สาย จังหวัดเชียงราย'}",consensus-v2,False,low,,,,,
239,1162700001,นานาชาติทีซีอี,TCE INTERNATIONAL SCHOOL,กำแพงเพชร,เมืองกำแพงเพชร,ในเมือง,13-19/20 หมู่ - ซอย - ถนน เจริญสุข ต.ในเมือง อ.เมืองกำแพงเพชร จ.กำแพงเพชร 62000,,Not Checked,,,,,,16.4746447,99.5269099,Overture Maps ขัดกับ OPEC (ห่างกัน 2.1 กม.) (พิกัดประมาณการ),Approximate,https://school.opec.go.th/school/1162700001,['ประถมศึกษา'],ประถมศึกษา - ประถมศึกษา,12,6,"['หลักสูตรสิงคโปร์', 'Singapore National Curriculum']",นางสาวขจรวรรณ ภู่ขจร,นางสาวขจรวรรณ ภู่ขจร,,ไม่รับเงินอุดหนุน,,,,,,,,https://pedb.opec.go.th/web/SchoolPdc.htm?mode=showPicture&t=1&id=24274,,,,,2026-09-14 01:08:08,2026-09-29 18:07:04,16.47099676789863,99.54621375710977,[],"[{'source': 'opec', 'lat': 16.4709968, 'lon': 99.5462138, 'distance_m': 2098, 'label': 'OPEC', 'anchor_m': 1065}, {'source': 'overture', 'lat': 16.4746447, 'lon': 99.5269099, 'distance_m': 0, 'label': 'TCE International School', 'score': 3, 'anchor_m': 2424, 'keys': ['domain', 'name'], 'confidence': 0.712, 'overture_id': '9e202a47-d1fd-4369-a0cc-46a0b040011c', 'category': 'place_of_learning'}, {'source': 'arcgis_address', 'distance_m': 323, 'label': 'PointAddress: 20 ถนนเจริญสุข ตำบลในเมือง อำเภอเมืองกำแพงเพชร จังหวัดกำแพงเพชร 62000', 'anchor_m': 2323}]","{'level': 'tambon', 'label': 'ตำบลในเมือง อำเภอเมืองกำแพงเพชร จังหวัดกำแพงเพชร'}",consensus-v2,False,low,True,TCE International School,False,2020,[]
240,1163700001,นานาชาติบัยตี,BAITI INTERNATIONAL SCHOOL,ตาก,แม่สอด,แม่สอด,1/257 ถนน ราชการราษฎรดำหริ 1 ต.แม่สอด อ.แม่สอด จ.ตาก 63110,,Not Checked,,,,,,16.7132623,98.5864745,Overture Maps ชื่อตรงกับโรงเรียน (Baiti International School) และอยู่ในตำบลที่จดทะเบียน,Exact,https://school.opec.go.th/school/1163700001,"['อนุบาล', 'ประถมศึกษา']",อนุบาล - ประถมศึกษา,142,4,"['Early years foundation stage statutory framework', 'The national Curriculum in England']",นางสาวสุนีย์รัตน์ ยูซูฟี,,,ไม่รับเงินอุดหนุน,,,,,,,,https://pedb.opec.go.th/web/SchoolPdc.htm?mode=showPicture&t=1&id=25328,,,,,2026-09-14 01:08:08,2026-09-29 18:07:04,,,['Overture Maps'],"[{'source': 'overture', 'lat': 16.7132623, 'lon': 98.5864745, 'distance_m': 0, 'label': 'Baiti International School', 'score': 3, 'anchor_m': 2074, 'keys': ['name'], 'confidence': 0.906, 'overture_id': '9cda354d-6705-4904-b38b-c0445658b7d8', 'category': 'place_of_learning'}]","{'level': 'tambon', 'label': 'ตำบลแม่สอด อำเภอแม่สอด จังหวัดตาก'}",consensus-v2,True,medium,,,,,
241,1163700002,นานาชาติกาสะลองคิดส์,Kasalong Kids International School,ตาก,แม่สอด,แม่ปะ,268 หมู่ 8 ต.แม่ปะ อ.แม่สอด จ.ตาก 63110,,Not Checked,,,,,,16.7392186,98.5703874,Overture Maps ยังไม่มีแหล่งอื่นยืนยัน (พิกัดประมาณการ),Approximate,https://school.opec.go.th/school/1163700002,"['ก่อนอนุบาล', 'อนุบาล', 'ประถมศึกษา']",ก่อนอนุบาล - ประถมศึกษา,134,6,[],,,,ไม่รับเงินอุดหนุน,,,,,,,,https://pedb.opec.go.th/web/SchoolPdc.htm?mode=showPicture&t=1&id=25919,,,,,2026-09-14 01:08:08,2026-09-29 18:07:04,,,[],"[{'source': 'overture', 'lat': 16.7392186, 'lon': 98.5703874, 'distance_m': 0, 'label': 'KKIS', 'score': 0, 'anchor_m': 250, 'keys': ['domain'], 'confidence': 0.73, 'overture_id': '2bd9690a-a28d-4308-a3d2-5d9a6b3010df', 'category': 'specialty_school'}]","{'level': 'tambon', 'label': 'ตำบลแม่ปะ อำเภอแม่สอด จังหวัดตาก'}",consensus-v2,False,low,,,,,
242,1174700001,นานาชาตินอริชกรุงเทพ,Norwich International School Bangkok,สมุทรสาคร,เมืองสมุทรสาคร,บางน้ำจืด,223/132 หมู่ 1 ถนน พระราม 2 ต.บางน้ำจืด อ.เมืองสมุทรสาคร จ.สมุทรสาคร 74000,https://www.norwichschool.ac.th/,OPEC Profile,https://www.norwichschool.ac.th/,https://www.facebook.com/norwichinternationalschool,024511100,0971313393,,13.6025453,100.3777305,"ยืนยันตรงกันหลายแหล่ง: ArcGIS POI, OPEC, OpenStreetMap, Overture Maps, เว็บไซต์โรงเรียน (ทุกแหล่งห่างจากจุดนี้ไม่เกิน 97 ม.)",Exact,https://school.opec.go.th/school/1174700001,"['ก่อนอนุบาล', 'อนุบาล', 'ประถมศึกษา', 'มัธยมศึกษาตอนต้น', 'มัธยมศึกษาตอนปลาย']",ก่อนอนุบาล - มัธยมศึกษาตอนปลาย,218,76,"['หลักสูตร Cambridge International A & AS Level', 'หลักสูตร Early Years Foundation Stage ของสหราชอาณาจักร', 'หลักสูตร General Certificate of Secondary Education (GCSE)', 'หลักสูตรของประเทศ อังกฤษ (UK National Curiculum)', 'หลักสูตรประเทศอังกฤษ', 'Cambridge Assessment International Education (CAIE)', 'Cambridge IGCSE', 'Cambridge International A & AS Level', 'Early Years Foundation Stage (EYFS)', 'The English National Curriculum']",บริษัท นอริช แบงค์คอก จำกัด,นางอณิยา  อภิรภากรณ์,นางสาววัชราภรณ์  ไกรศักดาวัฒน์,ไม่รับเงินอุดหนุน,,,,,,,,https://pedb.opec.go.th/web/SchoolPdc.htm?mode=showPicture&t=1&id=16639,,,,,2026-09-14 01:08:08,2026-09-29 18:07:04,13.6016774,100.37767889999998,"['ArcGIS POI', 'OPEC', 'OpenStreetMap', 'Overture Maps', 'เว็บไซต์โรงเรียน']","[{'source': 'opec', 'lat': 13.6016774, 'lon': 100.3776789, 'distance_m': 97, 'label': 'OPEC', 'anchor_m': 3296}, {'source': 'osm', 'lat': 13.6025453, 'lon': 100.3777305, 'distance_m': 0, 'label': 'โรงเรียนนานาชาตินอริช กรุงเทพ / Norwich International School Bangkok', 'score': 3, 'osm_id': 'w1524819689', 'anchor_m': 3229}, {'source': 'overture', 'lat': 13.6023926, 'lon': 100.3776637, 'distance_m': 18, 'label': 'Norwich International School Bangkok', 'score': 3, 'anchor_m': 3237, 'keys': ['domain', 'name', 'phone'], 'confidence': 0.988, 'overture_id': 'f3552d40-4bc7-4014-88df-299ac76f8a99', 'category': 'place_of_learning'}, {'source': 'arcgis_poi', 'distance_m': 9, 'label': 'Norwich International School', 'score': 3, 'anchor_m': 3235}, {'source': 'arcgis_address', 'distance_m': 1665, 'label': 'PointAddress: 1 ถนนพระรามที่ 2 เขตบางขุนเทียน กรุงเทพมหานคร 10150', 'anchor_m': 3059}, {'source': 'arcgis_address', 'distance_m': 4237, 'label': 'PointAddress: 2 หมู่ 1 ตำบลบางน้ำจืด อำเภอเมืองสมุทรสาคร จังหวัดสมุทรสาคร 74000', 'anchor_m': 4350}, {'source': 'website', 'lat': 13.602979, 'lon': 100.377809, 'distance_m': 49, 'label': 'https://www.norwichschool.ac.th/', 'pin': 'place', 'origin': 'school', 'anchor_m': 3200}]","{'level': 'tambon', 'label': 'ตำบลบางน้ำจืด อำเภอเมืองสมุทรสาคร จังหวัดสมุทรสาคร'}",consensus-v2,True,high,True,Norwich International School Bangkok,False,,"['ONESQA', 'EDT']"
243,1177700001,นานาชาติ หัวหิน,HUA HIN INTERNATIONAL SCHOOL,ประจวบคีรีขันธ์,หัวหิน,หินเหล็กไฟ,549 หมู่ 7 ต.หินเหล็กไฟ อ.หัวหิน จ.ประจวบคีรีขันธ์ 77000,,Not Checked,,,,,,12.6063334,99.8890383,"ยืนยันตรงกันหลายแหล่ง: OpenStreetMap, Overture Maps, กรมการปกครอง (ทุกแหล่งห่างจากจุดนี้ไม่เกิน 70 ม.)",Exact,https://school.opec.go.th/school/1177700001,"['ก่อนอนุบาล', 'อนุบาล', 'ประถมศึกษา', 'มัธยมศึกษาตอนต้น', 'มัธยมศึกษาตอนปลาย']",ก่อนอนุบาล - มัธยมศึกษาตอนปลาย,354,76,"['หลักสูตรสหราชอาณาจักร', 'The National UK Curriculum, IGCSE, IB']",บริษัท สามัคคี เอ็ดยูเคชั่น จำกัด,-,-,ไม่รับเงินอุดหนุน,,,,,,,,https://pedb.opec.go.th/web/SchoolPdc.htm?mode=showPicture&t=1&id=18944,,,,,2026-09-14 01:08:09,2026-09-29 18:07:04,12.6067,99.889113,"['OpenStreetMap', 'Overture Maps', 'กรมการปกครอง']","[{'source': 'opec', 'lat': 12.6067, 'lon': 99.889113, 'distance_m': 42, 'label': 'OPEC', 'anchor_m': 5795, 'shared': True}, {'source': 'osm', 'lat': 12.6063334, 'lon': 99.8890383, 'distance_m': 0, 'label': 'Hua Hin International School / Hua Hin International School', 'score': 3, 'osm_id': 'w1414013258', 'anchor_m': 5776}, {'source': 'overture', 'lat': 12.6069636, 'lon': 99.8890199, 'distance_m': 70, 'label': 'Hua Hin International School', 'score': 0, 'anchor_m': 5793, 'keys': ['domain'], 'confidence': 0.984, 'overture_id': '48327bc9-5a4f-4c45-948a-21ef718c212c', 'category': 'place_of_learning'}, {'source': 'dopa', 'lat': 12.6069315, 'lon': 99.888909, 'distance_m': 68, 'label': 'โรงเรียนนานาชาติหัวหิน', 'score': 3, 'anchor_m': 5781}]","{'level': 'tambon', 'label': 'ตำบลหินเหล็กไฟ อำเภอหัวหิน จังหวัดประจวบคีรีขันธ์'}",consensus-v2,True,high,True,Hua Hin International School,False,2015,"['ONESQA', 'EDT']"
244,1177700002,นานาชาติ ดาวินชี่,DA VINCI INTERNATIONAL SCHOOL,ประจวบคีรีขันธ์,หัวหิน,หัวหิน,17/109 ต.หัวหิน อ.หัวหิน จ.ประจวบคีรีขันธ์ 77110,,Not Checked,,,,,,12.5906825,99.9305256,"ยืนยันตรงกันหลายแหล่ง: OpenStreetMap, Overture Maps (ทุกแหล่งห่างจากจุดนี้ไม่เกิน 17 ม.)",Exact,https://school.opec.go.th/school/1177700002,['ประถมศึกษา'],ประถมศึกษา - ประถมศึกษา,0,2,['Cambridge'],,,,ไม่รับเงินอุดหนุน,,,,,,,,https://pedb.opec.go.th/web/SchoolPdc.htm?mode=showPicture&t=1&id=19201,,,,,2026-09-14 01:08:09,2026-09-29 18:07:04,12.6067,99.889113,"['OpenStreetMap', 'Overture Maps']","[{'source': 'opec', 'lat': 12.6067, 'lon': 99.889113, 'distance_m': 4834, 'label': 'OPEC', 'anchor_m': 8584, 'shared': True}, {'source': 'osm', 'lat': 12.5906825, 'lon': 99.9305256, 'distance_m': 0, 'label': 'Da Vinci International School / Da Vinci International School', 'score': 3, 'osm_id': 'n4624693054', 'anchor_m': 3871}, {'source': 'overture', 'lat': 12.5905398, 'lon': 99.930469, 'distance_m': 17, 'label': 'Da Vinci International School', 'score': 3, 'anchor_m': 3865, 'keys': ['domain', 'name'], 'confidence': 0.866, 'overture_id': '2e43d160-3d42-4a3c-9f08-0d4771533036', 'category': 'place_of_learning'}]","{'level': 'tambon', 'label': 'ตำบลหัวหิน อำเภอหัวหิน จังหวัดประจวบคีรีขันธ์'}",consensus-v2,True,high,,,,,
245,1180700001,นานาชาติเดอะแพสชั่น,The Passion International School,นครศรีธรรมราช,ทุ่งสง,หนองหงส์,80/1 หมู่ 9 ต.หนองหงส์ อ.ทุ่งสง จ.นครศรีธรรมราช 80110,,Not Checked,,,,,,8.19754,99.63801,Overture Maps ชื่อตรงกับโรงเรียน (The Passion International School - โรงเร) และอยู่ในตำบลที่จดทะเบียน,Exact,https://school.opec.go.th/school/1180700001,['อนุบาล'],อนุบาล - อนุบาล,0,1,[],นางสาวพิมพัชร มนูญผล,,,ไม่รับเงินอุดหนุน,,,,,,,,https://pedb.opec.go.th/web/SchoolPdc.htm?mode=showPicture&t=1&id=26132,,,,,2026-09-14 01:08:09,2026-09-29 18:07:04,,,['Overture Maps'],"[{'source': 'overture', 'lat': 8.19754, 'lon': 99.63801, 'distance_m': 0, 'label': 'The Passion International School - โรงเรียนนานาชาติเดอะแพสชั่น', 'score': 3, 'anchor_m': 2793, 'keys': ['domain', 'name'], 'confidence': 0.655, 'overture_id': 'c260d6bc-f72b-4774-a356-72231e9d0880', 'category': 'place_of_learning'}, {'source': 'arcgis_address', 'distance_m': 948, 'label': 'PointAddress: 80 หมู่ 1 ตำบลหนองหงส์ อำเภอทุ่งสง จังหวัดนครศรีธรรมราช 80110', 'anchor_m': 1977}]","{'level': 'tambon', 'label': 'ตำบลหนองหงส์ อำเภอทุ่งสง จังหวัดนครศรีธรรมราช'}",consensus-v2,True,medium,,,,,
246,1181700001,นานาชาติอังกฤษกระบี่,NAWATTAPHUME INTERNATIONAL SCHOOL KRABI,กระบี่,เมืองกระบี่,อ่าวนาง,57 หมู่ที่ 6 ต.อ่าวนาง อ.เมืองกระบี่ จ.กระบี่ 81000,,Not Checked,,,,,,8.0602511,98.8219825,Overture Maps ขัดกับ OPEC (ห่างกัน 2.9 กม.) (พิกัดประมาณการ),Approximate,https://school.opec.go.th/school/1181700001,"['อนุบาล', 'ประถมศึกษา', 'มัธยมศึกษาตอนต้น', 'มัธยมศึกษาตอนปลาย']",อนุบาล - มัธยมศึกษาตอนปลาย,5,3,"['หลักสูตรสหราชอาณาจักร', 'หลักสูตรกลางของประเทศอังกฤษ']",นางสาวพิมลมาส  โพธิ์ทอง,,นางสาวพิมลมาส  โพธิ์ทอง,ไม่รับเงินอุดหนุน,,,,,,,,https://pedb.opec.go.th/web/SchoolPdc.htm?mode=showPicture&t=1&id=12381,,,,,2026-09-14 01:08:09,2026-09-29 18:07:04,8.0629948,98.8479413,[],"[{'source': 'opec', 'lat': 8.0629948, 'lon': 98.8479413, 'distance_m': 2874, 'label': 'OPEC', 'anchor_m': 5135}, {'source': 'overture', 'lat': 8.0602511, 'lon': 98.8219825, 'distance_m': 0, 'label': 'โรงเรียนนานาชาติอังกฤษกระบี่', 'score': 3, 'anchor_m': 2334, 'keys': ['name'], 'confidence': 0.661, 'overture_id': 'f13da34d-7880-419c-8f30-e0610fa06df9', 'category': 'elementary_school'}, {'source': 'overture', 'lat': 8.5297383, 'lon': 98.8645633, 'distance_m': 52414, 'label': 'โรงเรียนนานาชาติอังกฤษกระบี่', 'score': 3, 'anchor_m': 53638, 'keys': ['name'], 'confidence': 0.575, 'overture_id': 'b7947e62-4372-4dad-8bfd-9ed791026184', 'category': 'place_of_learning'}, {'source': 'arcgis_address', 'distance_m': 2905, 'label': 'PointAddress: 6 ถนนอ่าวนาง ตำบลอ่าวนาง อำเภอเมืองกระบี่ จังหวัดกระบี่ 81180', 'anchor_m': 3730}]","{'level': 'tambon', 'label': 'ตำบลอ่าวนาง อำเภอเมืองกระบี่ จังหวัดกระบี่'}",consensus-v2,False,low,,,,,
247,1181700002,นานาชาติกระบี่,Krabi international School,กระบี่,เมืองกระบี่,หนองทะเล,188 หมู่ 6 ต.หนองทะเล อ.เมืองกระบี่ จ.กระบี่ 81000,,Not Checked,,,,,,8.1152083,98.7832502,"ยืนยันตรงกันหลายแหล่ง: OPEC, กรมการปกครอง, เว็บไซต์โรงเรียน (ทุกแหล่งห่างจากจุดนี้ไม่เกิน 329 ม.)",Exact,https://school.opec.go.th/school/1181700002,"['ประถมศึกษา', 'มัธยมศึกษาตอนต้น', 'มัธยมศึกษาตอนปลาย']",ประถมศึกษา - มัธยมศึกษาตอนปลาย,129,20,"['หลักสูตรประเทศอังกฤษ', 'หลักสูตรเคมบริดจ์']",,-,-,ไม่รับเงินอุดหนุน,,,,,,,,https://pedb.opec.go.th/web/SchoolPdc.htm?mode=showPicture&t=1&id=17053,,,,,2026-09-14 01:08:09,2026-09-29 18:07:04,8.113275999999999,98.782522,"['OPEC', 'กรมการปกครอง', 'เว็บไซต์โรงเรียน']","[{'source': 'opec', 'lat': 8.113276, 'lon': 98.782522, 'distance_m': 229, 'label': 'OPEC', 'anchor_m': 3940}, {'source': 'dopa', 'lat': 8.1152083, 'lon': 98.7832502, 'distance_m': 0, 'label': 'โรงเรียนนานาชาติกระบี่', 'score': 3, 'anchor_m': 4052}, {'source': 'website', 'lat': 8.113654, 'lon': 98.78071, 'distance_m': 329, 'label': 'https://www.krabiinternationalschool.com', 'pin': 'place', 'origin': 'school', 'anchor_m': 4106}]","{'level': 'tambon', 'label': 'ตำบลหนองทะเล อำเภอเมืองกระบี่ จังหวัดกระบี่'}",consensus-v2,True,high,True,Krabi International School,False,2015,[]
248,1181700003,นานาชาติเอเชีย เกาะลันตา,THE INTERNATIONAL SCHOOL OF ASIA KOH LANTA,กระบี่,เกาะลันตา,ศาลาด่าน,251 หมู่ 5 ต.ศาลาด่าน อ.เกาะลันตา จ.กระบี่ 81150,,Not Checked,,,,,,8.0862997,98.9062835,OPEC ยังไม่มีแหล่งอื่นยืนยัน (พิกัดประมาณการ),Approximate,https://school.opec.go.th/school/1181700003,"['อนุบาล', 'ประถมศึกษา', 'มัธยมศึกษาตอนต้น', 'มัธยมศึกษาตอนปลาย']",อนุบาล - มัธยมศึกษาตอนปลาย,92,10,['Common Core'],,,,ไม่รับเงินอุดหนุน,,,,,,,,https://pedb.opec.go.th/web/SchoolPdc.htm?mode=showPicture&t=1&id=23470,,,,,2026-09-14 01:08:10,2026-09-29 18:07:04,8.0862997,98.9062835,[],"[{'source': 'opec', 'lat': 8.0862997, 'lon': 98.9062835, 'distance_m': 0, 'label': 'OPEC'}]",,consensus-v2,False,low,,,,,
249,1181700005,นานาชาติเอช้วน,A-Chuan International School,กระบี่,เมืองกระบี่,ทับปริก,144 หมู่ 2 ต.ทับปริก อ.เมืองกระบี่ จ.กระบี่ 81000,,Not Checked,,,,,,8.0888012,98.9075206,Overture Maps ชื่อตรงกับโรงเรียน (โรงเรียนอนุบาลเอช้วน A-Chuan School) และอยู่ในตำบลที่จดทะเบียน,Exact,https://school.opec.go.th/school/1181700005,"['ก่อนอนุบาล', 'อนุบาล', 'ประถมศึกษา']",ก่อนอนุบาล - ประถมศึกษา,48,5,['The national Curriculum in England'],นางสาวติรกา นวลจันทร์,,,ไม่รับเงินอุดหนุน,,,,,,,,https://pedb.opec.go.th/web/SchoolPdc.htm?mode=showPicture&t=1&id=25611,,,,,2026-09-14 01:08:11,2026-09-29 18:07:04,,,['Overture Maps'],"[{'source': 'overture', 'lat': 8.0888012, 'lon': 98.9075206, 'distance_m': 0, 'label': 'โรงเรียนอนุบาลเอช้วน A-Chuan School', 'score': 3, 'anchor_m': 6510, 'keys': ['name'], 'confidence': 0.925, 'overture_id': 'f72c6342-fde5-4ecf-a751-b3239777d260', 'category': 'preschool'}, {'source': 'overture', 'lat': 8.0888044, 'lon': 98.9075238, 'distance_m': 0, 'label': 'A-chuan Kindergarten', 'score': 3, 'anchor_m': 6510, 'keys': ['name'], 'confidence': 0.752, 'overture_id': '70a5aded-46ee-4c93-b391-5d8cb0cdfb55', 'category': 'preschool'}]","{'level': 'tambon', 'label': 'ตำบลทับปริก อำเภอเมืองกระบี่ จังหวัดกระบี่'}",consensus-v2,True,medium,,,,,
250,1183700001,นานาชาติบริติช ภูเก็ต,"British International School, Phuket",ภูเก็ต,เมืองภูเก็ต,เกาะแก้ว,59 หมู่ 2 ถนน เทพกระษัตรี ต.เกาะแก้ว อ.เมืองภูเก็ต จ.ภูเก็ต 83000,,Not Checked,,,,,,7.9517477,98.3695232,"ยืนยันตรงกันหลายแหล่ง: ArcGIS POI, OPEC, OpenStreetMap, Overture Maps, กรมการปกครอง (ทุกแหล่งห่างจากจุดนี้ไม่เกิน 289 ม.)",Exact,https://school.opec.go.th/school/1183700001,"['ก่อนอนุบาล', 'อนุบาล', 'ประถมศึกษา', 'มัธยมศึกษาตอนต้น', 'มัธยมศึกษาตอนปลาย']",ก่อนอนุบาล - มัธยมศึกษาตอนปลาย,1017,169,"['หลักสูตร General Certificate of Secondary Education (GCSE)', 'หลักสูตร IBDP', 'หลักสูตร International Baccalaureate (IB)', 'หลักสูตรประเทศอังกฤษ', 'Cambridge IGCSE', 'IBDP', 'หลักสูตรแห่งชาติของประเทศสหราชอาณาจักร']",,,นายประสิทธิ์ อุไรรัตน์,ไม่รับเงินอุดหนุน,,,,,,,,https://pedb.opec.go.th/web/SchoolPdc.htm?mode=showPicture&t=1&id=12465,,,,,2026-09-14 01:08:11,2026-09-29 18:07:04,7.949994999999999,98.37031499999999,"['ArcGIS POI', 'OPEC', 'OpenStreetMap', 'Overture Maps', 'กรมการปกครอง']","[{'source': 'opec', 'lat': 7.949995, 'lon': 98.370315, 'distance_m': 214, 'label': 'OPEC', 'anchor_m': 3098}, {'source': 'osm', 'lat': 7.9517477, 'lon': 98.3695232, 'distance_m': 0, 'label': 'โรงเรียนนานาชาติบริติช ภูเก็ต / British International School Phuket', 'score': 3, 'osm_id': 'w289134495', 'anchor_m': 3275}, {'source': 'overture', 'lat': 7.9505201, 'lon': 98.3703269, 'distance_m': 163, 'label': 'British International School Phuket', 'score': 2, 'anchor_m': 3127, 'keys': ['domain', 'name'], 'confidence': 0.978, 'overture_id': 'b51057b2-b0eb-47eb-b996-b07d8cecda84', 'category': 'place_of_learning'}, {'source': 'overture', 'lat': 7.950699, 'lon': 98.369512, 'distance_m': 117, 'label': 'โรงเรียนนานาชาติบริติชภูเก็ต', 'score': 3, 'anchor_m': 3214, 'keys': ['name'], 'confidence': 0.876, 'overture_id': '50f7ef6f-39dc-49a1-aeb7-4592572bd087', 'category': 'place_of_learning'}, {'source': 'overture', 'lat': 7.92906, 'lon': 98.39534, 'distance_m': 3801, 'label': 'British International School, Phuket - BISP', 'score': 0, 'anchor_m': 748, 'keys': ['domain'], 'confidence': 0.953, 'overture_id': 'bf8e2a81-926d-449d-8a83-1f425965d689', 'category': 'place_of_learning'}, {'source': 'overture', 'lat': 7.9511169, 'lon': 98.3695221, 'distance_m': 70, 'label': 'BISP Summer Camp Phuket', 'score': 0, 'anchor_m': 3237, 'keys': ['domain'], 'confidence': 0.542, 'overture_id': '050e7e0b-20d1-4019-9095-598794252850', 'category': 'place_of_learning'}, {'source': 'overture', 'lat': 7.95398, 'lon': 98.38907, 'distance_m': 2167, 'label': 'BISP University Advising', 'score': 0, 'anchor_m': 2115, 'keys': ['domain'], 'confidence': 0.53, 'overture_id': 'b8125c7b-6e4d-45d2-873f-40e257b113c7', 'category': 'college_university'}, {'source': 'dopa', 'lat': 7.949496, 'lon': 98.370831, 'distance_m': 289, 'label': 'โรงเรียนนานาชาติบริติชภูเก็ต', 'score': 3, 'anchor_m': 3021}, {'source': 'dopa', 'lat': 7.949496, 'lon': 98.370831, 'distance_m': 289, 'label': 'โรงเรียนนานาชาติบริติชภูเก็ต', 'score': 3, 'anchor_m': 3021}, {'source': 'arcgis_poi', 'distance_m': 142, 'label': 'British Phuket International School', 'score': 2, 'anchor_m': 3146}, {'source': 'arcgis_poi', 'distance_m': 151, 'label': 'British International School Phuket', 'score': 2, 'anchor_m': 3137}, {'source': 'arcgis_address', 'distance_m': 1579, 'label': 'PointAddress: 2 ถนนเทพกระษัตรี ตำบลเกาะแก้ว อำเภอเมืองภูเก็ต จังหวัดภูเก็ต 83000', 'anchor_m': 3443}]","{'level': 'tambon', 'label': 'ตำบลเกาะแก้ว อำเภอเมืองภูเก็ต จังหวัดภูเก็ต'}",consensus-v2,True,high,True,"British International School, Phuket",True,1996,"['ONESQA', 'CIS', 'NEASC']"
251,1183700002,นานาชาติ คิว.เอส.ไอ. ภูเก็ต,Q.S.I. INTERNATIONAL SCHOOL,ภูเก็ต,กะทู้,กะทู้,81/4 ต.กะทู้ อ.กะทู้ จ.ภูเก็ต 83120,,Not Checked,,,,,,7.9078278,98.3624248,"ยืนยันตรงกันหลายแหล่ง: Overture Maps, กรมการปกครอง (ทุกแหล่งห่างจากจุดนี้ไม่เกิน 46 ม.)",Exact,https://school.opec.go.th/school/1183700002,"['ก่อนอนุบาล', 'อนุบาล', 'ประถมศึกษา', 'มัธยมศึกษาตอนต้น', 'มัธยมศึกษาตอนปลาย']",ก่อนอนุบาล - มัธยมศึกษาตอนปลาย,116,29,"['หลักสูตรของทางโรงเรียน', 'หลักสูตรสหรัฐอเมริกัน', 'หลักสูตรอเมริกัน']",,,,ไม่รับเงินอุดหนุน,,,,,,,,https://pedb.opec.go.th/web/SchoolPdc.htm?mode=showPicture&t=1&id=12506,,,,,2026-09-14 01:08:13,2026-09-29 18:07:04,7.908509899999999,98.3417006,"['Overture Maps', 'กรมการปกครอง']","[{'source': 'opec', 'lat': 7.9085099, 'lon': 98.3417006, 'distance_m': 2284, 'label': 'OPEC', 'anchor_m': 704}, {'source': 'overture', 'lat': 7.9078278, 'lon': 98.3624248, 'distance_m': 0, 'label': 'QSI International School of Phuket', 'score': 0, 'anchor_m': 1685, 'keys': ['domain'], 'confidence': 0.992, 'overture_id': '9497d36d-57ed-4f76-9897-a52a9fa4d6e4', 'category': 'place_of_learning'}, {'source': 'dopa', 'lat': 7.9074669, 'lon': 98.3622225, 'distance_m': 46, 'label': 'โรงเรียนนานาชาติ คิว. เอส. ไอ. ภูเก็ต', 'score': 3, 'anchor_m': 1673}]","{'level': 'tambon', 'label': 'ตำบลกะทู้ อำเภอกะทู้ จังหวัดภูเก็ต'}",consensus-v2,True,high,True,QSI International School of Phuket,False,2000,"['ONESQA', 'MSA-CESS']"
252,1183700003,นานาชาติยูดับเบิลยูซี ประเทศไทย,UWC Thailand International School,ภูเก็ต,ถลาง,เทพกระษัตรี,115/15 หมู่ 7 ถนน เทพกระษัทตรี ต.เทพกระษัตรี อ.ถลาง จ.ภูเก็ต 83110,,Not Checked,,,,,,8.0512465,98.3525343,"ยืนยันตรงกันหลายแหล่ง: ArcGIS POI, OPEC, กรมการปกครอง (ทุกแหล่งห่างจากจุดนี้ไม่เกิน 169 ม.)",Exact,https://school.opec.go.th/school/1183700003,"['ก่อนอนุบาล', 'อนุบาล', 'ประถมศึกษา', 'มัธยมศึกษาตอนต้น', 'มัธยมศึกษาตอนปลาย']",ก่อนอนุบาล - มัธยมศึกษาตอนปลาย,454,85,"['หลักสูตรประเทศอังกฤษ', 'IB - International Baccalaureate Organization']",,นางสาววิชดา อัครธนณัฐ,นางอชิดา ลีนีดิชญ์,ไม่รับเงินอุดหนุน,,,,,,,,https://pedb.opec.go.th/web/SchoolPdc.htm?mode=showPicture&t=1&id=12554,,,,,2026-09-14 01:08:11,2026-09-29 18:07:04,8.0509912,98.3523426,"['ArcGIS POI', 'OPEC', 'กรมการปกครอง']","[{'source': 'opec', 'lat': 8.0509912, 'lon': 98.3523426, 'distance_m': 35, 'label': 'OPEC', 'anchor_m': 3120}, {'source': 'dopa', 'lat': 8.0512465, 'lon': 98.3525343, 'distance_m': 0, 'label': 'UWC Thailand International School', 'score': 3, 'anchor_m': 3155}, {'source': 'dopa', 'lat': 8.0512465, 'lon': 98.3525343, 'distance_m': 0, 'label': 'UWC Thailand International School', 'score': 3, 'anchor_m': 3155}, {'source': 'arcgis_poi', 'distance_m': 169, 'label': 'Uwc Thailand International School', 'score': 3, 'anchor_m': 3018}, {'source': 'arcgis_address', 'distance_m': 5063, 'label': 'PointAddress: 7 ถนนเทพกระษัตรี ตำบลศรีสุนทร อำเภอถลาง จังหวัดภูเก็ต 83110', 'anchor_m': 3598}, {'source': 'arcgis_address', 'distance_m': 12079, 'label': 'PointAddress: 7 ถนนเทพกระษัตรี ตำบลไม้ขาว อำเภอถลาง จังหวัดภูเก็ต 83110', 'anchor_m': 14350}]","{'level': 'tambon', 'label': 'ตำบลเทพกระษัตรี อำเภอถลาง จังหวัดภูเก็ต'}",consensus-v2,True,high,True,UWC Thailand International School,True,2009,[]
253,1183700004,นานาชาติ เฮดสตาร์ท,Headstart International School,ภูเก็ต,เมืองภูเก็ต,วิชิต,39/99 หมู่ 4 ต.วิชิต อ.เมืองภูเก็ต จ.ภูเก็ต 83000,,Not Checked,,,,,,7.8851404,98.3617349,"ยืนยันตรงกันหลายแหล่ง: ArcGIS POI, ArcGIS บ้านเลขที่, OPEC, OpenStreetMap, Overture Maps, กรมการปกครอง (ทุกแหล่งห่างจากจุดนี้ไม่เกิน 358 ม.)",Exact,https://school.opec.go.th/school/1183700004,"['ก่อนอนุบาล', 'อนุบาล', 'ประถมศึกษา', 'มัธยมศึกษาตอนต้น', 'มัธยมศึกษาตอนปลาย']",ก่อนอนุบาล - มัธยมศึกษาตอนปลาย,1028,117,"['หลักสูตรสหราชอาณาจักร', 'Cambridge Curriculums']",,,นางสาว ปริมล ไพรสำราญ,ไม่รับเงินอุดหนุน,,,,,,,,https://pedb.opec.go.th/web/SchoolPdc.htm?mode=showPicture&t=1&id=12561,,,,,2026-09-14 01:08:12,2026-09-29 18:07:04,7.8847751,98.3611586,"['ArcGIS POI', 'ArcGIS บ้านเลขที่', 'OPEC', 'OpenStreetMap', 'Overture Maps', 'กรมการปกครอง']","[{'source': 'opec', 'lat': 7.8847751, 'lon': 98.3611586, 'distance_m': 75, 'label': 'OPEC', 'anchor_m': 2859}, {'source': 'osm', 'lat': 7.8851404, 'lon': 98.3617349, 'distance_m': 0, 'label': 'HeadStart International School, Phuket', 'score': 3, 'osm_id': 'w616149468', 'anchor_m': 2881}, {'source': 'overture', 'lat': 7.8849173, 'lon': 98.3611844, 'distance_m': 66, 'label': 'HeadStart International School, Phuket', 'score': 3, 'anchor_m': 2873, 'keys': ['domain', 'name'], 'confidence': 0.984, 'overture_id': 'fd0afdc3-d7d6-4d4c-9cf6-4d141a4be264', 'category': 'place_of_learning'}, {'source': 'overture', 'lat': 7.9839177, 'lon': 98.3181331, 'distance_m': 11987, 'label': 'HeadStart International School', 'score': 3, 'anchor_m': 14841, 'keys': ['domain', 'name'], 'confidence': 0.932, 'overture_id': '8d76dbf7-ca67-4c1c-942d-6fa15c71ac29', 'category': 'place_of_learning'}, {'source': 'overture', 'lat': 7.8962842, 'lon': 98.3641607, 'distance_m': 1268, 'label': 'HeadStart International School', 'score': 3, 'anchor_m': 4052, 'keys': ['domain', 'name'], 'confidence': 0.854, 'overture_id': '63906a1a-dff3-4dbd-af75-b38c5c03d044', 'category': 'education'}, {'source': 'overture', 'lat': 7.885323, 'lon': 98.3619197, 'distance_m': 29, 'label': 'สนามฟุตบอลหญ้าเทียม Headstart International School', 'score': 3, 'anchor_m': 2896, 'keys': ['name'], 'confidence': 0.663, 'overture_id': '44e925ad-241c-49e0-83df-42e6632e356b', 'category': 'sport_field'}, {'source': 'dopa', 'lat': 7.8849945, 'lon': 98.3613709, 'distance_m': 43, 'label': 'โรงเรียนนานาชาติ เฮดสตาร์ท ภูเก็ต', 'score': 3, 'anchor_m': 2876}, {'source': 'dopa', 'lat': 7.8853452, 'lon': 98.3611187, 'distance_m': 72, 'label': 'โรงเรียนนานาชาติเฮดสตาร์ท', 'score': 3, 'anchor_m': 2921}, {'source': 'dopa', 'lat': 7.8853452, 'lon': 98.3611187, 'distance_m': 72, 'label': 'โรงเรียนนานาชาติเฮดสตาร์ท', 'score': 3, 'anchor_m': 2921}, {'source': 'arcgis_poi', 'distance_m': 66, 'label': 'Headstart International School', 'score': 3, 'anchor_m': 2845}, {'source': 'arcgis_address', 'distance_m': 358, 'label': 'PointAddress: 99 หมู่ 4 ถนนเจ้าฟ้า ตำบลวิชิต อำเภอเมืองภูเก็ต จังหวัดภูเก็ต 83000', 'anchor_m': 2639}]","{'level': 'tambon', 'label': 'ตำบลวิชิต อำเภอเมืองภูเก็ต จังหวัดภูเก็ต'}",consensus-v2,True,high,True,HeadStart International School,False,2009,"['ONESQA', 'EDT']"
254,1183700005,ขจรเกียรตินานาชาติ ภูเก็ต,KAJORNKIET INTERNATIONAL SCHOOL PHUKET,ภูเก็ต,กะทู้,กะทู้,125/1 ซอย หมู่บ้านเดอะวัลเล่ย์ 1 ถนน พระภูเก็ตแก้ว ต.กะทู้ อ.กะทู้ จ.ภูเก็ต 83120,,Not Checked,,,,,,7.9102983,98.3605664,"ยืนยันตรงกันหลายแหล่ง: OPEC, Overture Maps (ทุกแหล่งห่างจากจุดนี้ไม่เกิน 186 ม.)",Exact,https://school.opec.go.th/school/1183700005,"['ก่อนอนุบาล', 'อนุบาล', 'ประถมศึกษา', 'มัธยมศึกษาตอนต้น', 'มัธยมศึกษาตอนปลาย']",ก่อนอนุบาล - มัธยมศึกษาตอนปลาย,514,48,"['หลักสูตรประเทศอังกฤษ', 'National Curriculum for England']",นางสาวธิดาพร เหล่าวิเศษกุล,นายเพิ่มเกียรติ เกษกุล,,ไม่รับเงินอุดหนุน,,,,,,,,https://pedb.opec.go.th/web/SchoolPdc.htm?mode=showPicture&t=1&id=12609,,,,,2026-09-14 01:08:12,2026-09-29 18:07:04,7.9086338,98.3603717,"['OPEC', 'Overture Maps']","[{'source': 'opec', 'lat': 7.9086338, 'lon': 98.3603717, 'distance_m': 186, 'label': 'OPEC', 'anchor_m': 1446}, {'source': 'overture', 'lat': 7.9102983, 'lon': 98.3605664, 'distance_m': 0, 'label': 'Kajonkiet International School', 'score': 0, 'anchor_m': 1443, 'keys': ['domain'], 'confidence': 0.983, 'overture_id': '3acfd302-84da-401c-a691-e61210047993', 'category': 'place_of_learning'}]","{'level': 'tambon', 'label': 'ตำบลกะทู้ อำเภอกะทู้ จังหวัดภูเก็ต'}",consensus-v2,True,high,True,"Kajonkiet International School, Phuket",False,2013,['ACS WASC']
255,1183700006,นานาชาติไลท์เฮ้าส์ แอท ภูเก็ต,LIGHTHOUSE AT PHUKET INTERNATIONAL SCHOOL,ภูเก็ต,เมืองภูเก็ต,ราไวย์,21/1 หมู่ 2 ซอย สาลิกา ต.ราไวย์ อ.เมืองภูเก็ต จ.ภูเก็ต 83130,,Not Checked,,,,,,7.785542,98.3329927,"ยืนยันตรงกันหลายแหล่ง: ArcGIS บ้านเลขที่, OpenStreetMap, Overture Maps (ทุกแหล่งห่างจากจุดนี้ไม่เกิน 33 ม.)",Exact,https://school.opec.go.th/school/1183700006,['ประถมศึกษา'],ประถมศึกษา - ประถมศึกษา,86,26,[],นางสาวเสาวณีย์ บุญสุข,นางจริยา ซึ้งสุนทร,-,ไม่รับเงินอุดหนุน,,,,,,,,https://pedb.opec.go.th/web/SchoolPdc.htm?mode=showPicture&t=1&id=16887,,,,,2026-09-14 01:08:12,2026-09-29 18:07:04,7.838578999999998,98.32742900000001,"['ArcGIS บ้านเลขที่', 'OpenStreetMap', 'Overture Maps']","[{'source': 'opec', 'lat': 7.838579, 'lon': 98.327429, 'distance_m': 5929, 'label': 'OPEC', 'anchor_m': 7623}, {'source': 'osm', 'lat': 7.785542, 'lon': 98.3329927, 'distance_m': 0, 'label': 'Lighthouse Phuket International School', 'score': 3, 'osm_id': 'w1068877355', 'anchor_m': 2303}, {'source': 'overture', 'lat': 7.7853053, 'lon': 98.3328064, 'distance_m': 33, 'label': 'Lighthouse International School Phuket', 'score': 3, 'anchor_m': 2270, 'keys': ['domain', 'name'], 'confidence': 0.985, 'overture_id': '69b332af-d1ba-424c-afc6-ce72fd845822', 'category': 'place_of_learning'}, {'source': 'overture', 'lat': 7.8379134, 'lon': 98.3346427, 'distance_m': 5826, 'label': 'Lighthouse Chalong International Kindergarten and School', 'score': 0, 'anchor_m': 7693, 'keys': ['domain'], 'confidence': 0.97, 'overture_id': '9b2795dc-eaea-481f-9a16-f394fcf56ca0', 'category': 'preschool'}, {'source': 'overture', 'lat': 7.89514, 'lon': 98.3054, 'distance_m': 12560, 'label': 'Lighthouse Kidz', 'score': 0, 'anchor_m': 13924, 'keys': ['domain'], 'confidence': 0.783, 'overture_id': 'ee1f955f-b5b0-47d8-8a48-fd40ac2a6397', 'category': 'place_of_learning'}, {'source': 'overture', 'lat': 7.8057404, 'lon': 98.3351708, 'distance_m': 2259, 'label': 'Lighthouse Secondary International School @ Rawai', 'score': 0, 'anchor_m': 4317, 'keys': ['domain'], 'confidence': 0.773, 'overture_id': '256515d6-2ec7-4508-b938-ece0aa94e1af', 'category': 'place_of_learning'}, {'source': 'arcgis_address', 'distance_m': 32, 'label': 'PointAddress: 21/1 ซอยสาลิกา ตำบลราไวย์ อำเภอเมืองภูเก็ต จังหวัดภูเก็ต 83130', 'anchor_m': 2278}]","{'level': 'tambon', 'label': 'ตำบลราไวย์ อำเภอเมืองภูเก็ต จังหวัดภูเก็ต'}",consensus-v2,True,high,True,Lighthouse at Phuket International School,False,,['Cambridge and AAIS (Alberta Accredited International School)']
256,1183700007,นานาชาติ โอ๊ค มีโดว์,Oak Meadow International School,ภูเก็ต,เมืองภูเก็ต,วิชิต,"10/49, 19/164 หมู่ 3 ซอย หมู่บ้านปรางทอง ถนน ขวาง ต.วิชิต อ.เมืองภูเก็ต จ.ภูเก็ต 83000",,Not Checked,,https://www.facebook.com/share/1L2r3HuY1n/?mibextid=wwXIfr,076604242,,,7.8621446,98.3537127,"ยืนยันตรงกันหลายแหล่ง: ArcGIS POI, OpenStreetMap, Overture Maps (ทุกแหล่งห่างจากจุดนี้ไม่เกิน 330 ม.)",Exact,https://school.opec.go.th/school/1183700007,"['ก่อนอนุบาล', 'อนุบาล', 'ประถมศึกษา', 'มัธยมศึกษาตอนต้น', 'มัธยมศึกษาตอนปลาย']",ก่อนอนุบาล - มัธยมศึกษาตอนปลาย,92,33,"['หลักสูตร CALVERT  ประเทศ สหรัฐอมริกา', 'The Creative Curriculum']",บริษัท โอ๊ค มีโดว์ อินเตอเนชั่นแนล จำกัด,นางผกามาศ หอมกอ,-,ไม่รับเงินอุดหนุน,,,,,,,,https://pedb.opec.go.th/web/SchoolPdc.htm?mode=showPicture&t=1&id=18941,,https://www.instagram.com/oakmeadowphuket/?__pwa=1,,,2026-09-14 01:08:13,2026-09-29 18:07:04,7.929633000000001,98.3955036,"['ArcGIS POI', 'OpenStreetMap', 'Overture Maps']","[{'source': 'opec', 'lat': 7.929633, 'lon': 98.3955036, 'distance_m': 8804, 'label': 'OPEC', 'anchor_m': 8290}, {'source': 'osm', 'lat': 7.8621446, 'lon': 98.3537127, 'distance_m': 0, 'label': 'Oak Meadow International School Phuket', 'score': 4, 'osm_id': 'w1210776134', 'anchor_m': 1633}, {'source': 'overture', 'lat': 7.8622466, 'lon': 98.3535587, 'distance_m': 20, 'label': 'Oak Meadow International School', 'score': 4, 'anchor_m': 1651, 'keys': ['name'], 'confidence': 0.985, 'overture_id': 'f5469325-477d-407f-ad90-66a588bfccb8', 'category': 'place_of_learning'}, {'source': 'arcgis_poi', 'distance_m': 330, 'label': 'Oak Meadow International School', 'score': 4, 'anchor_m': 1916}]","{'level': 'tambon', 'label': 'ตำบลวิชิต อำเภอเมืองภูเก็ต จังหวัดภูเก็ต'}",consensus-v2,True,high,True,Oak Meadow International School,False,2016,"['ONESQA', 'CIS', 'ISAT']"
257,1183700008,นานาชาติ บัดส์ ภูเก็ต,Buds International School Phuket,ภูเก็ต,เมืองภูเก็ต,ฉลอง,4/6 ซอยป่าหล่าย 2 หมู่ 2 ต.ฉลอง อ.เมืองภูเก็ต จ.ภูเก็ต 83000,,Not Checked,,,,,,7.8401897,98.3514972,OPEC ตรงกับ ArcGIS POI แต่ยังไม่นับเป็นหลักฐานอิสระ (พิกัดประมาณการ),Approximate,https://school.opec.go.th/school/1183700008,['ประถมศึกษา'],ประถมศึกษา - ประถมศึกษา,0,3,['Common  Core  State  Standards National Curriculum'],บริษัท ป่าหล่าย กรีน จำกัด,นายปรีชา เพื่อนรักษ์,-,ไม่รับเงินอุดหนุน,,,,,,,,https://pedb.opec.go.th/web/SchoolPdc.htm?mode=showPicture&t=1&id=19288,,,,,2026-09-14 01:08:12,2026-09-29 18:07:04,7.8401897,98.3514972,[],"[{'source': 'opec', 'lat': 7.8401897, 'lon': 98.3514972, 'distance_m': 0, 'label': 'OPEC', 'anchor_m': 698}, {'source': 'arcgis_poi', 'distance_m': 2, 'label': 'Buds International School', 'score': 3, 'anchor_m': 698, 'copy': True}]","{'level': 'tambon', 'label': 'ตำบลฉลอง อำเภอเมืองภูเก็ต จังหวัดภูเก็ต'}",consensus-v2,False,low,,,,,
258,1183700009,นานาชาติ อินโนเวทีฟ ซัสเตนนะเบิล พาทเวย์ ภูเก็ต,Innovative Sustainable Pathway International School Phuket,ภูเก็ต,เมืองภูเก็ต,ราไวย์,"79/6, 71/139 หมู่ 4 ต.ราไวย์ อ.เมืองภูเก็ต จ.ภูเก็ต 83130",,Not Checked,,,,,,7.8165339,98.3374835,Overture Maps ขัดกับ OPEC (ห่างกัน 31.0 กม.) (พิกัดประมาณการ),Approximate,https://school.opec.go.th/school/1183700009,"['ประถมศึกษา', 'มัธยมศึกษาตอนต้น', 'มัธยมศึกษาตอนปลาย']",ประถมศึกษา - มัธยมศึกษาตอนปลาย,246,63,"['Cambridge Assessment International Education (Cambridge Lower Secondary)', 'Cambridge Lower Primary', 'Early years foundation stage statutory framework']",,,,ไม่รับเงินอุดหนุน,,,,,,,,https://pedb.opec.go.th/web/SchoolPdc.htm?mode=showPicture&t=1&id=19346,,,,,2026-09-14 01:08:13,2026-09-29 18:07:04,8.0932631,98.3051483,[],"[{'source': 'opec', 'lat': 8.0932631, 'lon': 98.3051483, 'distance_m': 30976, 'label': 'OPEC', 'anchor_m': 35909}, {'source': 'overture', 'lat': 7.8165339, 'lon': 98.3374835, 'distance_m': 0, 'label': 'International School of Phuket', 'score': 0, 'anchor_m': 5519, 'keys': ['domain'], 'confidence': 0.997, 'overture_id': 'ab855b78-73ef-486a-b83f-581846f88445', 'category': 'place_of_learning'}, {'source': 'arcgis_address', 'distance_m': 202, 'label': 'PointAddress: 71 หมู่ 4 ถนนวิเศษ ตำบลราไวย์ อำเภอเมืองภูเก็ต จังหวัดภูเก็ต 83130', 'anchor_m': 5318}]","{'level': 'tambon', 'label': 'ตำบลราไวย์ อำเภอเมืองภูเก็ต จังหวัดภูเก็ต'}",consensus-v2,False,low,,,,,
259,1183700010,นานาชาติ เบอร์ดา คล๊อด ภูเก็ต,Berda Claude International School Of Phuket,ภูเก็ต,เมืองภูเก็ต,ฉลอง,28/89 หมู่ 4 ต.ฉลอง อ.เมืองภูเก็ต จ.ภูเก็ต 83130,,Not Checked,,,,,,7.8439403,98.34683,"ยืนยันตรงกันหลายแหล่ง: ArcGIS POI, ArcGIS บ้านเลขที่, OPEC, Overture Maps, กรมการปกครอง (ทุกแหล่งห่างจากจุดนี้ไม่เกิน 397 ม.)",Exact,https://school.opec.go.th/school/1183700010,"['ก่อนอนุบาล', 'อนุบาล', 'ประถมศึกษา', 'มัธยมศึกษาตอนต้น', 'มัธยมศึกษาตอนปลาย']",ก่อนอนุบาล - มัธยมศึกษาตอนปลาย,315,122,"['หลักสูตรประเทศอังกฤษ', 'Cambridge Curriculums', 'Programme De L’Education National France']",,นายอาภากร จันทร์อยู่,นางสาวนภัสสร อุ่นบุญ,ไม่รับเงินอุดหนุน,,,,,,,,https://pedb.opec.go.th/web/SchoolPdc.htm?mode=showPicture&t=1&id=19434,,,,,2026-09-14 01:08:13,2026-09-29 18:07:04,7.8433029,98.3469526,"['ArcGIS POI', 'ArcGIS บ้านเลขที่', 'OPEC', 'Overture Maps', 'กรมการปกครอง']","[{'source': 'opec', 'lat': 7.8433029, 'lon': 98.3469526, 'distance_m': 72, 'label': 'OPEC', 'anchor_m': 448}, {'source': 'overture', 'lat': 7.8439403, 'lon': 98.34683, 'distance_m': 0, 'label': 'Berda Claude International School', 'score': 4, 'anchor_m': 507, 'keys': ['name'], 'confidence': 0.682, 'overture_id': 'ddcfc491-f832-4319-8ea6-6e5bb4e43dc5', 'category': 'place_of_learning'}, {'source': 'dopa', 'lat': 7.8434938, 'lon': 98.3469446, 'distance_m': 51, 'label': 'โรงเรียนนานาชาติ เบอร์ดา คล๊อด ภูเก็ต', 'score': 3, 'anchor_m': 466}, {'source': 'dopa', 'lat': 7.8434765, 'lon': 98.3469258, 'distance_m': 53, 'label': 'โรงเรียนนานาชาติ เบอร์ดาคล๊อด ภูเก็ต', 'score': 3, 'anchor_m': 464}, {'source': 'dopa', 'lat': 7.8434911, 'lon': 98.3469205, 'distance_m': 51, 'label': 'โรงเรียนนานาชาติ เบอร์ดาคล๊อด ภูเก็ต', 'score': 3, 'anchor_m': 465}, {'source': 'arcgis_poi', 'distance_m': 46, 'label': 'Phuket Berda Claude International School', 'score': 4, 'anchor_m': 462}, {'source': 'arcgis_poi', 'distance_m': 69, 'label': 'Claude Berda International School', 'score': 4, 'anchor_m': 450}, {'source': 'arcgis_address', 'distance_m': 397, 'label': 'PointAddress: 28 หมู่ 4 ตำบลฉลอง อำเภอเมืองภูเก็ต จังหวัดภูเก็ต 83130', 'anchor_m': 343}]","{'level': 'tambon', 'label': 'ตำบลฉลอง อำเภอเมืองภูเก็ต จังหวัดภูเก็ต'}",consensus-v2,True,high,True,Berda Claude International School of Phuket,False,2017,"['ONESQA', 'CIS', 'AEFE']"
260,1183700011,นานาชาติมอนเตสโซรี่ เฮาส์ ภูเก็ต,MONTESSORI HOUSE PHUKET INTERNATIONAL SCHOOL,ภูเก็ต,เมืองภูเก็ต,ฉลอง,28/114 หมู่ 4 ต.ฉลอง อ.เมืองภูเก็ต จ.ภูเก็ต 83130,,Not Checked,,,,,,7.8451582,98.34124,"ยืนยันตรงกันหลายแหล่ง: ArcGIS POI, Overture Maps (ทุกแหล่งห่างจากจุดนี้ไม่เกิน 23 ม.)",Exact,https://school.opec.go.th/school/1183700011,"['อนุบาล', 'ประถมศึกษา']",อนุบาล - ประถมศึกษา,3,7,[],,นางฉันท์สิณี  เล่าประสพวัฒนา,,ไม่รับเงินอุดหนุน,,,,,,,,https://pedb.opec.go.th/web/SchoolPdc.htm?mode=showPicture&t=1&id=12430,,,,,2026-09-14 01:08:15,2026-09-29 18:07:04,7.9519331,98.33808839999999,"['ArcGIS POI', 'Overture Maps']","[{'source': 'opec', 'lat': 7.9519331, 'lon': 98.3380884, 'distance_m': 11878, 'label': 'OPEC', 'anchor_m': 12506, 'shared': True}, {'source': 'overture', 'lat': 7.8451582, 'lon': 98.34124, 'distance_m': 0, 'label': 'Montessori House Phuket International School', 'score': 3, 'anchor_m': 748, 'keys': ['domain', 'name'], 'confidence': 0.964, 'overture_id': '11d20d13-f2fd-4966-8876-097c884ff251', 'category': 'college_university'}, {'source': 'overture', 'lat': 7.85575, 'lon': 98.3411, 'distance_m': 1178, 'label': 'プーケット モンテッソーリ インターナショナルスクール', 'score': 0, 'anchor_m': 1842, 'keys': ['domain'], 'confidence': 0.6, 'overture_id': '9e4841f1-28d7-4f28-9e7e-2706ef0aceff', 'category': 'place_of_learning'}, {'source': 'arcgis_poi', 'distance_m': 23, 'label': 'Montessori House Phuket International School', 'score': 3, 'anchor_m': 736}, {'source': 'arcgis_address', 'distance_m': 913, 'label': 'PointAddress: 28 หมู่ 4 ตำบลฉลอง อำเภอเมืองภูเก็ต จังหวัดภูเก็ต 83130', 'anchor_m': 343}]","{'level': 'tambon', 'label': 'ตำบลฉลอง อำเภอเมืองภูเก็ต จังหวัดภูเก็ต'}",consensus-v2,True,high,,,,,
261,1183700012,นานาชาติฟินน์เวย์ ภูเก็ต,FINNWAY INTERNATIONAL SCHOOL PHUKET,ภูเก็ต,เมืองภูเก็ต,เกาะแก้ว,9/1 หมู่ 2 ต.เกาะแก้ว อ.เมืองภูเก็ต จ.ภูเก็ต 83000,,Not Checked,,,,,,7.9580335,98.3866708,OpenStreetMap ชื่อตรงกับโรงเรียน (Finnway International School Phuket) และอยู่ในตำบลที่จดทะเบียน,Exact,https://school.opec.go.th/school/1183700012,"['อนุบาล', 'ประถมศึกษา']",อนุบาล - ประถมศึกษา,127,11,"['National Core Curriculum for Early Childhood Education and Care', 'หลักสูตรลิขสิทธิ์ของ Finish Globol Education Solution (FGES)']",,นายเกียรติศักดิ์ ปิลวาสน์,นายภคกฤตย วาสิกศิริ,ไม่รับเงินอุดหนุน,,,,,,,,https://pedb.opec.go.th/web/SchoolPdc.htm?mode=showPicture&t=1&id=23419,,,,,2026-09-14 01:08:14,2026-09-29 18:07:04,7.9519331,98.33808839999999,['OpenStreetMap'],"[{'source': 'opec', 'lat': 7.9519331, 'lon': 98.3380884, 'distance_m': 5393, 'label': 'OPEC', 'anchor_m': 6466, 'shared': True}, {'source': 'osm', 'lat': 7.9580335, 'lon': 98.3866708, 'distance_m': 0, 'label': 'Finnway International School Phuket', 'score': 3, 'osm_id': 'n12526323891', 'anchor_m': 2625}, {'source': 'overture', 'lat': 7.9628396, 'lon': 98.3855069, 'distance_m': 550, 'label': 'Rainbow Trout Creativity International School', 'score': 0, 'anchor_m': 3172, 'keys': ['domain'], 'confidence': 0.979, 'overture_id': '39fdbad7-d9b8-4a93-be37-3de45b2fd753', 'category': 'place_of_learning'}, {'source': 'arcgis_poi', 'distance_m': 4, 'label': 'Finnway International School Phuket', 'score': 3, 'anchor_m': 2626}, {'source': 'arcgis_address', 'distance_m': 406, 'label': 'PointAddress: 1 หมู่ 2 ถนนเทพกระษัตรี ตำบลเกาะแก้ว อำเภอเมืองภูเก็ต จังหวัดภูเก็ต 83000', 'anchor_m': 2223}]","{'level': 'tambon', 'label': 'ตำบลเกาะแก้ว อำเภอเมืองภูเก็ต จังหวัดภูเก็ต'}",consensus-v2,True,medium,,,,,
262,1183700013,นานาชาติ ร่วมฤดีวิเทศศึกษา ภูเก็ต,Ruamrudee International School Phuket,ภูเก็ต,เมืองภูเก็ต,ฉลอง,22/28 หมู่ 3 ต.ฉลอง อ.เมืองภูเก็ต จ.ภูเก็ต 83000,,Not Checked,,,,,,7.8408159,98.3660092,"ยืนยันตรงกันหลายแหล่ง: OpenStreetMap, Overture Maps (ทุกแหล่งห่างจากจุดนี้ไม่เกิน 52 ม.)",Exact,https://school.opec.go.th/school/1183700013,"['ก่อนอนุบาล', 'อนุบาล', 'ประถมศึกษา', 'มัธยมศึกษาตอนต้น', 'มัธยมศึกษาตอนปลาย']",ก่อนอนุบาล - มัธยมศึกษาตอนปลาย,89,6,[],,,,ไม่รับเงินอุดหนุน,"โรงเรียนร่วมฤดีวิเทศศึกษา หรือเป็นที่รู้จักในนามทั่วไปว่า “RIS” ได้ชื่อว่ามีความเป็นเลิศในด้าน การเรียนการสอนและเป็นโรงเรียนนานาชาติที่มีคุณภาพระดับแนวหน้าของประเทศมานานกว่า 6 ทศวรรษ โรงเรียนมีความมุ่งหวังในการส่งเสริมให้นักเรียนมีชีวิตที่สมดุล ประสบความสำเร็จ มีความสุขในชีวิต และ เป็นกำลังในการช่วยสร้างสรรค์สังคม หลักการเรียนการสอน 3 ประการ (Principles of Phoenix) ที่โรงเรียน ใช้เป็นรากฐานสำคัญจึงมีความสอดคล้องกันโดยเริ่มต้นจากองค์ประกอบหลัก คือ 
“Head” หมายถึง ความรู้ทางวิชาการ การคิดวิเคราะห์ และความคิดสร้างสรรค์ ที่เด็ก ๆ จะได้รับ และพร้อมเปิดรับการเรียนรู้สิ่งใหม่ ๆ อยู่เสมอ
“Hands” หมายถึง การสร้างทักษะด้วยการลงมือปฏิบัติจริง ได้แก่การพูด การแสดง ดนตรี กีฬา รวมถึง ความสามารถในการสร้างสรรค์สิ่งที่คิดไว้ให้กลายเป็นจริง
“Heart” เป็นสิ่งที่โรงเรียนให้ความสำคัญเป็นอย่างยิ่งและเป็นจุดเด่นที่ทำให้เกิดความแตกต่างทำให้เกิดอัตลักษณ์แห่งความเป็นร่วมฤดีนั่น คือการส่งเสริมให้นักเรียนเติบโตขึ้นอย่างมีความสุขทั้งร่างกาย และจิตใจ รวมถึงความใส่ใจในการอยู่ร่วมกันในสังคม",โรงเรียนนานาชาติ ร่วมฤดีวิเทศศึกษา ภูเก็ต มีความมุ่งมั่น ในการจัดการศึกษาระบบนานาชาติ ให้ได้มาตรฐานและเป็นที่ยอมรับในระดับสากล พัฒนาผู้เรียนให้เป็นบุคคลที่มีความรู้และสรรสร้างผู้นําสําหรับอนาคต,โรงเรียนนานาชาติ ร่วมฤดีวิเทศศึกษา ภูเก็ต จัดการศึกษาที่มีคุณภาพและบรรยากาศที่ส่งเสริมให้ นักเรียนพัฒนาศักยภาพของตนเองในสภาพแวดล้อมที่ปลอดภัยและเอื้ออำนวยต่อการเรียนรู้ของนักเรียนใน สภาพสังคมที่มีความแตกต่างทางวัฒนธรรม สร้างหลักสูตรวิชาการที่ เข้มแข็,,,,,https://pedb.opec.go.th/web/SchoolPdc.htm?mode=showPicture&t=1&id=25250,,,,,2026-09-14 01:08:15,2026-09-29 18:07:04,,,"['OpenStreetMap', 'Overture Maps']","[{'source': 'osm', 'lat': 7.8408159, 'lon': 98.3660092, 'distance_m': 0, 'label': 'Ruamrudee international school Phuket', 'score': 3, 'osm_id': 'w1214113173', 'anchor_m': 2298}, {'source': 'overture', 'lat': 7.8404128, 'lon': 98.3662543, 'distance_m': 52, 'label': 'Ruamrudee International School Phuket', 'score': 3, 'anchor_m': 2323, 'keys': ['name'], 'confidence': 0.976, 'overture_id': 'dbc77acc-13d5-49e2-83ce-51e1f9700af4', 'category': 'place_of_learning'}, {'source': 'website', 'lat': 7.840417, 'lon': 98.366256, 'distance_m': 52, 'label': 'https://risphuket.ac.th', 'pin': 'place', 'origin': 'school', 'anchor_m': 2323, 'copy': True}]","{'level': 'tambon', 'label': 'ตำบลฉลอง อำเภอเมืองภูเก็ต จังหวัดภูเก็ต'}",consensus-v2,True,high,True,Ruamrudee International School Phuket,False,2023,[]
263,1183700014,นานาชาติเฮดสตาร์ท เชิงทะเล,HEADSTART INTERNATIONAL SCHOOL CHERNGTALAY,ภูเก็ต,ถลาง,เชิงทะเล,9/2 ถนน ศรีสุนทร ต.เชิงทะเล อ.ถลาง จ.ภูเก็ต 83110,,Not Checked,,,,,,7.9839177,98.3181331,Overture Maps ขัดกับ ArcGIS POI (ห่างกัน 12.0 กม.) (พิกัดประมาณการ),Approximate,https://school.opec.go.th/school/1183700014,"['ก่อนอนุบาล', 'อนุบาล', 'ประถมศึกษา', 'มัธยมศึกษาตอนต้น']",ก่อนอนุบาล - มัธยมศึกษาตอนต้น,511,87,[],,,,ไม่รับเงินอุดหนุน,,,,,,,,https://pedb.opec.go.th/web/SchoolPdc.htm?mode=showPicture&t=1&id=25257,,,,,2026-09-14 01:08:15,2026-09-29 18:07:04,,,[],"[{'source': 'overture', 'lat': 7.9839177, 'lon': 98.3181331, 'distance_m': 0, 'label': 'HeadStart International School', 'score': 3, 'anchor_m': 744, 'keys': ['domain', 'name'], 'confidence': 0.932, 'overture_id': '8d76dbf7-ca67-4c1c-942d-6fa15c71ac29', 'category': 'place_of_learning'}, {'source': 'overture', 'lat': 7.8962842, 'lon': 98.3641607, 'distance_m': 10984, 'label': 'HeadStart International School', 'score': 3, 'anchor_m': 11686, 'keys': ['domain', 'name'], 'confidence': 0.854, 'overture_id': '63906a1a-dff3-4dbd-af75-b38c5c03d044', 'category': 'education'}, {'source': 'overture', 'lat': 7.885323, 'lon': 98.3619197, 'distance_m': 11977, 'label': 'สนามฟุตบอลหญ้าเทียม Headstart International School', 'score': 3, 'anchor_m': 12662, 'keys': ['name'], 'confidence': 0.663, 'overture_id': '44e925ad-241c-49e0-83df-42e6632e356b', 'category': 'sport_field'}, {'source': 'overture', 'lat': 7.8849173, 'lon': 98.3611844, 'distance_m': 11986, 'label': 'HeadStart International School, Phuket', 'score': 0, 'anchor_m': 12669, 'keys': ['domain'], 'confidence': 0.984, 'overture_id': 'fd0afdc3-d7d6-4d4c-9cf6-4d141a4be264', 'category': 'place_of_learning'}, {'source': 'arcgis_poi', 'distance_m': 12015, 'label': 'Headstart International School', 'score': 3, 'anchor_m': 12698}]","{'level': 'tambon', 'label': 'ตำบลเชิงทะเล อำเภอถลาง จังหวัดภูเก็ต'}",consensus-v2,False,low,True,"HeadStart International School, Cherngtalay",False,2010,[]
264,1183700015,นานาชาติ เฮย์ สคูล ภูเก็ต,HEI Schools Phuket International School,ภูเก็ต,ถลาง,ศรีสุนทร,11/1 หมู่ 7 ต.ศรีสุนทร อ.ถลาง จ.ภูเก็ต 83110,,Not Checked,,,,,,7.9657947,98.345292,Overture Maps ชื่อตรงกับโรงเรียนและระบุวิทยาเขตเดียวกัน (HEI Schools Phuket) และอยู่ในตำบลที่จดทะเบียน,Exact,https://school.opec.go.th/school/1183700015,"['ก่อนอนุบาล', 'อนุบาล', 'ประถมศึกษา']",ก่อนอนุบาล - ประถมศึกษา,118,10,[],,,,ไม่รับเงินอุดหนุน,,,,,,,,https://pedb.opec.go.th/web/SchoolPdc.htm?mode=showPicture&t=1&id=25581,,,,,2026-09-14 01:08:15,2026-09-29 18:07:04,,,['Overture Maps'],"[{'source': 'overture', 'lat': 7.9657947, 'lon': 98.345292, 'distance_m': 0, 'label': 'HEI Schools Phuket', 'score': 3, 'anchor_m': 3581, 'keys': ['domain', 'name'], 'confidence': 0.763, 'overture_id': 'a195971b-65eb-4518-85aa-aba29d12efcb', 'category': 'preschool'}, {'source': 'arcgis_address', 'distance_m': 2028, 'label': 'PointAddress: 1/1 หมู่ 7 ตำบลศรีสุนทร อำเภอถลาง จังหวัดภูเก็ต 83110', 'anchor_m': 2695}]","{'level': 'tambon', 'label': 'ตำบลศรีสุนทร อำเภอถลาง จังหวัดภูเก็ต'}",consensus-v2,True,medium,,,,,
265,1183700016,นานาชาติคินเดอร์วิลล์โนวา,Kinderville Nova International School,ภูเก็ต,เมืองภูเก็ต,ฉลอง,54/51 หมู่ 6 ต.ฉลอง อ.เมืองภูเก็ต จ.ภูเก็ต 83000,,Not Checked,,,,,,7.7892708,98.3261653,Overture Maps ขัดกับ เว็บไซต์โรงเรียน (ห่างกัน 7.1 กม.) (พิกัดประมาณการ),Approximate,https://school.opec.go.th/school/1183700016,['ประถมศึกษา'],ประถมศึกษา - ประถมศึกษา,42,16,['The national Curriculum in England'],,,,ไม่รับเงินอุดหนุน,,,,,,,,https://pedb.opec.go.th/web/SchoolPdc.htm?mode=showPicture&t=1&id=25639,,,,,2026-09-14 01:08:15,2026-09-29 18:07:04,,,[],"[{'source': 'overture', 'lat': 7.7892708, 'lon': 98.3261653, 'distance_m': 0, 'label': 'Kinderville Phuket', 'score': 0, 'anchor_m': 5984, 'keys': ['domain'], 'confidence': 0.563, 'overture_id': '9398734e-e687-4fc4-92dc-089834a870d1', 'category': 'preschool'}, {'source': 'arcgis_address', 'distance_m': 6814, 'label': 'PointAddress: 54 หมู่ 6 ถนนเจ้าฟ้า ตำบลฉลอง อำเภอเมืองภูเก็ต จังหวัดภูเก็ต 83130', 'anchor_m': 1512}, {'source': 'website', 'lat': 7.852783, 'lon': 98.330112, 'distance_m': 7076, 'label': 'https://kindervilleschool.com', 'pin': 'place', 'origin': 'school', 'anchor_m': 2209}]","{'level': 'tambon', 'label': 'ตำบลฉลอง อำเภอเมืองภูเก็ต จังหวัดภูเก็ต'}",consensus-v2,False,low,,,,,
266,1183700017,นานาชาติไลท์เฮ้าส์ แอท ราไวย์,Lighthouse At Rawai Internaional School,ภูเก็ต,เมืองภูเก็ต,ราไวย์,95/43 หมู่ 4 ต.ราไวย์ อ.เมืองภูเก็ต จ.ภูเก็ต 83100,,Not Checked,,,,,,7.8057404,98.3351708,Overture Maps ชื่อตรงกับโรงเรียนและระบุวิทยาเขตเดียวกัน (Lighthouse Secondary International Schoo) และอยู่ในตำบลที่จดทะเบียน,Exact,https://school.opec.go.th/school/1183700017,"['ประถมศึกษา', 'มัธยมศึกษาตอนต้น', 'มัธยมศึกษาตอนปลาย']",ประถมศึกษา - มัธยมศึกษาตอนปลาย,0,25,"['Early years foundation stage statutory framework', 'The national Curriculum in England']",,,,ไม่รับเงินอุดหนุน,,,,,,,,https://pedb.opec.go.th/web/SchoolPdc.htm?mode=showPicture&t=1&id=25649,,,,,2026-09-14 01:08:16,2026-09-29 18:07:04,,,['Overture Maps'],"[{'source': 'overture', 'lat': 7.8057404, 'lon': 98.3351708, 'distance_m': 0, 'label': 'Lighthouse Secondary International School @ Rawai', 'score': 3, 'anchor_m': 4317, 'keys': ['domain', 'name'], 'confidence': 0.773, 'overture_id': '256515d6-2ec7-4508-b938-ece0aa94e1af', 'category': 'place_of_learning'}, {'source': 'overture', 'lat': 7.7853053, 'lon': 98.3328064, 'distance_m': 2287, 'label': 'Lighthouse International School Phuket', 'score': 0, 'anchor_m': 2270, 'keys': ['domain'], 'confidence': 0.985, 'overture_id': '69b332af-d1ba-424c-afc6-ce72fd845822', 'category': 'place_of_learning'}, {'source': 'overture', 'lat': 7.8379134, 'lon': 98.3346427, 'distance_m': 3578, 'label': 'Lighthouse Chalong International Kindergarten and School', 'score': 0, 'anchor_m': 7693, 'keys': ['domain'], 'confidence': 0.97, 'overture_id': '9b2795dc-eaea-481f-9a16-f394fcf56ca0', 'category': 'preschool'}, {'source': 'overture', 'lat': 7.89514, 'lon': 98.3054, 'distance_m': 10468, 'label': 'Lighthouse Kidz', 'score': 0, 'anchor_m': 13924, 'keys': ['domain'], 'confidence': 0.783, 'overture_id': 'ee1f955f-b5b0-47d8-8a48-fd40ac2a6397', 'category': 'place_of_learning'}, {'source': 'arcgis_address', 'distance_m': 1365, 'label': 'PointAddress: 4/3 หมู่ 4 ถนนเจ้าฟ้า ตำบลราไวย์ อำเภอเมืองภูเก็ต จังหวัดภูเก็ต 83130', 'anchor_m': 3045}, {'source': 'arcgis_address', 'distance_m': 573, 'label': 'PointAddress: 4/3 หมู่ 4 ถนนวิเศษ ตำบลราไวย์ อำเภอเมืองภูเก็ต จังหวัดภูเก็ต 83130', 'anchor_m': 4690}]","{'level': 'tambon', 'label': 'ตำบลราไวย์ อำเภอเมืองภูเก็ต จังหวัดภูเก็ต'}",consensus-v2,True,medium,,,,,
267,1183700018,อนุบาลนานาชาติ ไลท์เฮ้าส์ แอท ฉลอง,LIGHTHOUSE AT CHALONG INTERNATIONAL KINDERGARTEN,ภูเก็ต,เมืองภูเก็ต,ฉลอง,34/4 หมู่ 7 ซอย เจ้าฟ้า 57 ถนน เจ้าฟ้าตะวันตก ต.ฉลอง อ.เมืองภูเก็ต จ.ภูเก็ต 83000,,Not Checked,,,,,,7.8379134,98.3346427,Overture Maps ชื่อตรงกับโรงเรียนและระบุวิทยาเขตเดียวกัน (Lighthouse Chalong International Kinderg) และอยู่ในตำบลที่จดทะเบียน,Exact,https://school.opec.go.th/school/1183700018,['อนุบาล'],อนุบาล - อนุบาล,0,4,['Early years foundation stage statutory framework'],,,,ไม่รับเงินอุดหนุน,,,,,,,,https://pedb.opec.go.th/web/SchoolPdc.htm?mode=showPicture&t=1&id=26065,,,,,2026-09-14 01:08:16,2026-09-29 18:07:04,,,['Overture Maps'],"[{'source': 'overture', 'lat': 7.8379134, 'lon': 98.3346427, 'distance_m': 0, 'label': 'Lighthouse Chalong International Kindergarten and School', 'score': 3, 'anchor_m': 1177, 'keys': ['domain', 'name'], 'confidence': 0.97, 'overture_id': '9b2795dc-eaea-481f-9a16-f394fcf56ca0', 'category': 'preschool'}, {'source': 'overture', 'lat': 7.7853053, 'lon': 98.3328064, 'distance_m': 5853, 'label': 'Lighthouse International School Phuket', 'score': 0, 'anchor_m': 6198, 'keys': ['domain'], 'confidence': 0.985, 'overture_id': '69b332af-d1ba-424c-afc6-ce72fd845822', 'category': 'place_of_learning'}, {'source': 'overture', 'lat': 7.89514, 'lon': 98.3054, 'distance_m': 7132, 'label': 'Lighthouse Kidz', 'score': 0, 'anchor_m': 7565, 'keys': ['domain'], 'confidence': 0.783, 'overture_id': 'ee1f955f-b5b0-47d8-8a48-fd40ac2a6397', 'category': 'place_of_learning'}, {'source': 'overture', 'lat': 7.8057404, 'lon': 98.3351708, 'distance_m': 3578, 'label': 'Lighthouse Secondary International School @ Rawai', 'score': 0, 'anchor_m': 3932, 'keys': ['domain'], 'confidence': 0.773, 'overture_id': '256515d6-2ec7-4508-b938-ece0aa94e1af', 'category': 'place_of_learning'}, {'source': 'arcgis_address', 'distance_m': 488, 'label': 'PointAddress: 57 ถนนเจ้าฟ้า ตำบลฉลอง อำเภอเมืองภูเก็ต จังหวัดภูเก็ต 83130', 'anchor_m': 1007}, {'source': 'arcgis_address', 'distance_m': 1384, 'label': 'PointAddress: 57 ถนนเจ้าฟ้า ตำบลฉลอง อำเภอเมืองภูเก็ต จังหวัดภูเก็ต 83130', 'anchor_m': 931}, {'source': 'arcgis_address', 'distance_m': 5762, 'label': 'PointAddress: 57 ถนนเจ้าฟ้า ตำบลวิชิต อำเภอเมืองภูเก็ต จังหวัดภูเก็ต 83000', 'anchor_m': 5072}]","{'level': 'tambon', 'label': 'ตำบลฉลอง อำเภอเมืองภูเก็ต จังหวัดภูเก็ต'}",consensus-v2,True,medium,,,,,
268,1183700019,นานาชาติประสานเกตเวย์,Prasan Gateway International School,ภูเก็ต,เมืองภูเก็ต,ฉลอง,45/9 หมู่ 1 ต.ฉลอง อ.เมืองภูเก็ต จ.ภูเก็ต 83000,,Not Checked,,,,,,7.8507056,98.350253,"ยืนยันตรงกันหลายแหล่ง: Overture Maps, เว็บไซต์โรงเรียน (ทุกแหล่งห่างจากจุดนี้ไม่เกิน 16 ม.)",Exact,https://school.opec.go.th/school/1183700019,"['ก่อนอนุบาล', 'อนุบาล', 'ประถมศึกษา', 'มัธยมศึกษาตอนต้น']",ก่อนอนุบาล - มัธยมศึกษาตอนต้น,0,1,[],,,,ไม่รับเงินอุดหนุน,,,,,,,,https://pedb.opec.go.th/web/SchoolPdc.htm?mode=showPicture&t=1&id=26080,,,,,2026-09-14 01:08:16,2026-09-29 18:07:04,,,"['Overture Maps', 'เว็บไซต์โรงเรียน']","[{'source': 'overture', 'lat': 7.8507056, 'lon': 98.350253, 'distance_m': 0, 'label': 'Prasan Gateway International School (PGIS)', 'score': 0, 'anchor_m': 1347, 'keys': ['domain'], 'confidence': 0.807, 'overture_id': 'f31d52ed-6494-4d27-b0e7-758e19cb1fb8', 'category': 'place_of_learning'}, {'source': 'arcgis_address', 'distance_m': 440, 'label': 'PointAddress: 4/5 หมู่ 1 ตำบลฉลอง อำเภอเมืองภูเก็ต จังหวัดภูเก็ต 83130', 'anchor_m': 1632}, {'source': 'website', 'lat': 7.850738, 'lon': 98.350107, 'distance_m': 16, 'label': 'https://www.pgisphuket.com', 'pin': 'place', 'origin': 'school', 'anchor_m': 1344}]","{'level': 'tambon', 'label': 'ตำบลฉลอง อำเภอเมืองภูเก็ต จังหวัดภูเก็ต'}",consensus-v2,True,high,,,,,
269,1183700020,นานาชาติ ภูเก็ตพินนาเคิล,Phuket Pinnacle International School,ภูเก็ต,ถลาง,เชิงทะเล,13/3 หมู่ 4 ต.เชิงทะเล อ.ถลาง จ.ภูเก็ต 83110,https://ppisschool.com/,OPEC Profile,https://ppisschool.com/,https://www.facebook.com/baankajonkietnursery/,0864759158,0864759158,,8.0004284,98.3104906,Overture Maps ชื่อตรงกับโรงเรียน (Phuket Pinnacle International School) และอยู่ในตำบลที่จดทะเบียน,Exact,https://school.opec.go.th/school/1183700020,"['ก่อนอนุบาล', 'อนุบาล']",ก่อนอนุบาล - อนุบาล,25,2,['Early years foundation stage statutory framework'],,,,ไม่รับเงินอุดหนุน,,,,,,,,https://pedb.opec.go.th/web/SchoolPdc.htm?mode=showPicture&t=1&id=26384,@pinnacle_school,,,,2026-09-14 01:08:16,2026-09-29 18:07:04,,,['Overture Maps'],"[{'source': 'overture', 'lat': 8.0004284, 'lon': 98.3104906, 'distance_m': 0, 'label': 'Phuket Pinnacle International School', 'score': 3, 'anchor_m': 1364, 'keys': ['domain', 'name', 'phone'], 'confidence': 0.984, 'overture_id': '013eaf5f-5a2d-4189-b8f0-226e30e109e2', 'category': 'preschool'}, {'source': 'arcgis_address', 'distance_m': 116, 'label': 'PointAddress: 13 หมู่ 4 ตำบลเชิงทะเล อำเภอถลาง จังหวัดภูเก็ต 83110', 'anchor_m': 1367}]","{'level': 'tambon', 'label': 'ตำบลเชิงทะเล อำเภอถลาง จังหวัดภูเก็ต'}",consensus-v2,True,medium,,,,,
270,1183700021,นานาชาติแบมบู แวลลีย์,Bamboo Valley International School,ภูเก็ต,ถลาง,เชิงทะเล,3/74 หมู่ 4 ต.เชิงทะเล อ.ถลาง จ.ภูเก็ต 83110,,Not Checked,,,,,,,,ยังไม่มีพิกัดจากแหล่งที่อนุญาตให้เก็บ (มีแต่ ArcGIS ซึ่งใช้ตรวจได้แต่เก็บไม่ได้) — รอแอดมินปักหมุด,None,https://school.opec.go.th/school/1183700021,[],ไม่ระบุ,0,0,[],,,,ไม่รับเงินอุดหนุน,,,,,,,,https://pedb.opec.go.th/web/SchoolPdc.htm?mode=showPicture&t=1&id=26405,,,,,2026-09-14 01:08:16,2026-09-29 18:07:04,,,[],"[{'source': 'arcgis_address', 'distance_m': None, 'label': 'PointAddress: 7/4 หมู่ 4 ตำบลเชิงทะเล อำเภอถลาง จังหวัดภูเก็ต 83110', 'anchor_m': 1974}]","{'level': 'tambon', 'label': 'ตำบลเชิงทะเล อำเภอถลาง จังหวัดภูเก็ต'}",consensus-v2,False,low,,,,,
271,1183700022,นานาชาติเซเลสเทีย อันดามัน,Celestia Andaman International School,ภูเก็ต,ถลาง,เทพกระษัตรี,11 หมู่ 8 ต.เทพกระษัตรี อ.ถลาง จ.ภูเก็ต 83110,,Not Checked,,,,,,,,ยังไม่มีพิกัดจากแหล่งที่อนุญาตให้เก็บ (มีแต่ ArcGIS ซึ่งใช้ตรวจได้แต่เก็บไม่ได้) — รอแอดมินปักหมุด,None,https://school.opec.go.th/school/1183700022,[],ไม่ระบุ,0,0,[],,,,ไม่รับเงินอุดหนุน,,,,,,,,https://pedb.opec.go.th/web/SchoolPdc.htm?mode=showPicture&t=1&id=26433,,,,,2026-09-14 01:08:17,2026-09-29 18:07:13,,,[],[],"{'level': 'tambon', 'lat': 8.02993061, 'lon': 98.333620435, 'label': 'ตำบลเทพกระษัตรี อำเภอถลาง จังหวัดภูเก็ต', 'extent': [7.96293061, 98.266620435, 8.09693061, 98.400620435]}",consensus-v2,False,low,,,,,
272,1183700023,นานาชาติเกลนอัลมอนด์ ภูเก็ต,Glenalmond Phuket International School,ภูเก็ต,ถลาง,เทพกระษัตรี,56 หมู่ 7 ต.เทพกระษัตรี อ.ถลาง จ.ภูเก็ต 83110,,Not Checked,,,,,,8.08442,98.34598,Overture Maps ชื่อตรงกับโรงเรียน (Glenalmond Phuket International School) และอยู่ในตำบลที่จดทะเบียน,Exact,https://school.opec.go.th/school/1183700023,[],ไม่ระบุ,0,1,[],,,,ไม่รับเงินอุดหนุน,,,,,,,,https://pedb.opec.go.th/web/SchoolPdc.htm?mode=showPicture&t=1&id=26445,,,,,2026-09-14 01:08:17,2026-09-29 18:07:04,,,['Overture Maps'],"[{'source': 'overture', 'lat': 8.08442, 'lon': 98.34598, 'distance_m': 0, 'label': 'Glenalmond Phuket International School', 'score': 3, 'anchor_m': 6210, 'keys': ['name'], 'confidence': 0.474, 'overture_id': '9f509ac5-d54d-4945-a32d-62728826226e', 'category': 'place_of_learning'}, {'source': 'arcgis_address', 'distance_m': 8803, 'label': 'PointAddress: 7 ถนนเทพกระษัตรี ตำบลศรีสุนทร อำเภอถลาง จังหวัดภูเก็ต 83110', 'anchor_m': 3598}]","{'level': 'tambon', 'label': 'ตำบลเทพกระษัตรี อำเภอถลาง จังหวัดภูเก็ต'}",consensus-v2,True,medium,,,,,
273,1184700002,นานาชาติ สมุย,International School of Samui,สุราษฎร์ธานี,เกาะสมุย,บ่อผุด,141/21 หมู่ 6 ต.บ่อผุด อ.เกาะสมุย จ.สุราษฎร์ธานี 84320,,Not Checked,,,,,,9.5442451,100.0458062,"ยืนยันตรงกันหลายแหล่ง: OPEC, Overture Maps (ทุกแหล่งห่างจากจุดนี้ไม่เกิน 42 ม.)",Exact,https://school.opec.go.th/school/1184700002,"['ก่อนอนุบาล', 'อนุบาล', 'ประถมศึกษา', 'มัธยมศึกษาตอนต้น', 'มัธยมศึกษาตอนปลาย']",ก่อนอนุบาล - มัธยมศึกษาตอนปลาย,244,35,"['หลักสูตรสหราชอาณาจักร', 'National Curriculum for England and Wales']",,นางสาวนันท์ลินี รัตนบุญวิจิตร์,นายStephen  Andrews,ไม่รับเงินอุดหนุน,,,,,,,,https://pedb.opec.go.th/web/SchoolPdc.htm?mode=showPicture&t=1&id=12854,,,,,2026-09-14 01:08:17,2026-09-29 18:07:04,9.5445238,100.04554840000003,"['OPEC', 'Overture Maps']","[{'source': 'opec', 'lat': 9.5445238, 'lon': 100.0455484, 'distance_m': 42, 'label': 'OPEC', 'anchor_m': 3682}, {'source': 'overture', 'lat': 9.5442451, 'lon': 100.0458062, 'distance_m': 0, 'label': 'International School of Samui', 'score': 0, 'anchor_m': 3647, 'keys': ['domain'], 'confidence': 0.984, 'overture_id': '255a07ba-1dc0-4fcc-addb-67982e5281a1', 'category': 'college_university'}, {'source': 'arcgis_address', 'distance_m': 351, 'label': 'PointAddress: 141 หมู่ 6 ตำบลบ่อผุด อำเภอเกาะสมุย จังหวัดสุราษฎร์ธานี 84320', 'anchor_m': 3384}]","{'level': 'tambon', 'label': 'ตำบลบ่อผุด อำเภอเกาะสมุย จังหวัดสุราษฎร์ธานี'}",consensus-v2,True,high,True,International School of Samui,True,2006,"['ONESQA', 'EDT']"
274,1184700003,นานาชาติ สุราษฎร์ธานี,Surathani International School,สุราษฎร์ธานี,เมืองสุราษฎร์ธานี,มะขามเตี้ย,51/91 หมู่ 3 ถนน พ่อขุนทะเล ต.มะขามเตี้ย อ.เมืองสุราษฎร์ธานี จ.สุราษฎร์ธานี 84000,https://stis.ac.th/,OPEC Profile,https://stis.ac.th/,https://www.facebook.com/STIS2557/,077405089,0980177189,,9.073939,99.3294858,"ยืนยันตรงกันหลายแหล่ง: OPEC, Overture Maps, กรมการปกครอง (ทุกแหล่งห่างจากจุดนี้ไม่เกิน 60 ม.)",Exact,https://school.opec.go.th/school/1184700003,"['ก่อนอนุบาล', 'อนุบาล', 'ประถมศึกษา', 'มัธยมศึกษาตอนต้น']",ก่อนอนุบาล - มัธยมศึกษาตอนต้น,63,12,"['หลักสูตรสหรัฐอเมริกัน', 'California Department of Education']",นางสาวจักษณี  สุธีอิสริยะกุล,นางอุนนิดา  คะเนนัย,นางสาวจักษณี  สุธีอิสริยะกุล,ไม่รับเงินอุดหนุน,,,,,,,,https://pedb.opec.go.th/web/SchoolPdc.htm?mode=showPicture&t=1&id=16646,@xtt8196y,https://www.instagram.com/stis_official/,,https://youtube.com/@stisinternationalschool238?si=wNNpovD2jlsF3-c2,2026-09-14 01:08:17,2026-09-29 18:07:04,9.0741297,99.32911779999995,"['OPEC', 'Overture Maps', 'กรมการปกครอง']","[{'source': 'opec', 'lat': 9.0741297, 'lon': 99.3291178, 'distance_m': 46, 'label': 'OPEC', 'anchor_m': 6420}, {'source': 'overture', 'lat': 9.073939, 'lon': 99.3294858, 'distance_m': 0, 'label': 'Surat Thani International School', 'score': 0, 'anchor_m': 6399, 'keys': ['domain', 'phone'], 'confidence': 0.95, 'overture_id': '02c52944-6892-4b0c-93ec-a0649ee32c3a', 'category': 'place_of_learning'}, {'source': 'overture', 'lat': 9.0739715, 'lon': 99.3291488, 'distance_m': 37, 'label': 'โรงเรียนนานาชาติสุราษฎร์ธานี', 'score': 3, 'anchor_m': 6427, 'keys': ['name'], 'confidence': 0.918, 'overture_id': '66b052a1-4089-4bc8-ac6a-6bb38c027da1', 'category': 'community_and_government'}, {'source': 'dopa', 'lat': 9.0743162, 'lon': 99.3290904, 'distance_m': 60, 'label': 'โรงเรียนนานาชาติสุราษฎร์ธานี', 'score': 3, 'anchor_m': 6411}]","{'level': 'tambon', 'label': 'ตำบลมะขามเตี้ย อำเภอเมืองสุราษฎร์ธานี จังหวัดสุราษฎร์ธานี'}",consensus-v2,True,high,True,Suratthani International School,False,2014,"['ONESQA', 'Cognia']"
275,1184700004,นานาชาติละไม,Lamai International School,สุราษฎร์ธานี,เกาะสมุย,มะเร็ต,206/36 หมู่ 4 ต.มะเร็ต อ.เกาะสมุย จ.สุราษฎร์ธานี 84310,https://www.lis.ac.th,OPEC Profile,https://www.lis.ac.th,,077423509,0950780903,,9.4739503,100.0531678,"ยืนยันตรงกันหลายแหล่ง: ArcGIS POI, OPEC, Overture Maps, กรมการปกครอง (ทุกแหล่งห่างจากจุดนี้ไม่เกิน 124 ม.) — มีจุดชื่อเดียวกันอีก 1 จุด ห่าง 1.2 กม.ขึ้นไป (วิทยาเขตอื่นหรือย้ายที่ตั้ง?)",Exact,https://school.opec.go.th/school/1184700004,"['อนุบาล', 'ประถมศึกษา']",อนุบาล - ประถมศึกษา,121,11,"['หลักสูตรสหราชอาณาจักร', 'National Curriculum for England and Wales']",,นายนัฐพล อักษร,,ไม่รับเงินอุดหนุน,โรงเรียนนานาชาติละไม มีวัตถุประสงค์มุ่งเน้นให้ผู้เรียนมีการพัฒนาทั้งร่างกายและสติปัญญา เหมาะสมกับช่วงวัยการศึกษาที่มีคุณภาพเป็นนักคิดอย่างมีหลักการและเหตุผล สามารถสื่อได้อย่างดีและดำเนินชีวิตอย่างมีความสุข,โรงเรียนนานาชาติละไม มุ่งเน้นพัฒนาผู้เรียนทุกคนซึ่งเป็นกำลังของชาติและโลกนี้ให้เป็นมนุษย์ที่ความสมดุลทั้งร่างกาย ความรู้ คุณธรรม มีจิตสำนึกในความเป็นพลเมืองไทยและพลเมืองโลกที่ยึดมั่นในการปกครองระบอบประชาธิปไตยมีความรู้และมีทักษะพื้นฐาน,สร้างคุณภาพทางการศึกษากระตุ้นให้ผู้เรียนมีทัศนคติที่มีต่อนานาประเทศ มีความกระตือรือร้นในการเรียนมีความสามารถไปประยุกต์ใช้ในการดำรงชีวิตอย่างมีความสุขและมีความรับผิดชอบต่อหน้าที่พลเมืองที่ดี,,เด็กมีความสุขในการมาเรียน,เด็กยิ้มอย่างมีความสุข มีความพร้อมในการเรียนรู้,,https://pedb.opec.go.th/web/SchoolPdc.htm?mode=showPicture&t=1&id=18943,,,,,2026-09-14 01:08:17,2026-09-29 18:07:04,9.474211,100.05320800000004,"['ArcGIS POI', 'OPEC', 'Overture Maps', 'กรมการปกครอง']","[{'source': 'opec', 'lat': 9.474211, 'lon': 100.053208, 'distance_m': 29, 'label': 'OPEC', 'anchor_m': 4248}, {'source': 'overture', 'lat': 9.4739503, 'lon': 100.0531678, 'distance_m': 0, 'label': 'Lamai International School', 'score': 3, 'anchor_m': 4224, 'keys': ['domain', 'name', 'phone'], 'confidence': 0.98, 'overture_id': 'e1329f5b-5747-4db8-8522-f8ac40c9b770', 'category': 'place_of_learning'}, {'source': 'overture', 'lat': 9.4716525, 'lon': 100.0420509, 'distance_m': 1246, 'label': 'Lamai International Nursery', 'score': 3, 'anchor_m': 3256, 'keys': ['name'], 'confidence': 0.968, 'overture_id': 'cc092a75-563e-445d-bc54-05b74dc5ee50', 'category': 'preschool'}, {'source': 'dopa', 'lat': 9.4741472, 'lon': 100.0532547, 'distance_m': 24, 'label': 'โรงเรียนนานาชาติละไม', 'score': 3, 'anchor_m': 4247}, {'source': 'dopa', 'lat': 9.4741327, 'lon': 100.053197, 'distance_m': 21, 'label': 'โรงเรียนนานาชาติละไม', 'score': 3, 'anchor_m': 4241}, {'source': 'arcgis_poi', 'distance_m': 124, 'label': 'Lamai International School', 'score': 3, 'anchor_m': 4121}]","{'level': 'tambon', 'label': 'ตำบลมะเร็ต อำเภอเกาะสมุย จังหวัดสุราษฎร์ธานี'}",consensus-v2,True,high,,,,,
276,1184700005,นานาชาติพีบิสส์,PBISS International School,สุราษฎร์ธานี,เกาะสมุย,บ่อผุด,6/5 หมู่ 3 ต.บ่อผุด อ.เกาะสมุย จ.สุราษฎร์ธานี 84320,,Not Checked,,,,,,9.5021462,100.0518267,"ยืนยันตรงกันหลายแหล่ง: ArcGIS บ้านเลขที่, OPEC, Overture Maps (ทุกแหล่งห่างจากจุดนี้ไม่เกิน 340 ม.)",Exact,https://school.opec.go.th/school/1184700005,"['ก่อนอนุบาล', 'อนุบาล', 'ประถมศึกษา', 'มัธยมศึกษาตอนต้น', 'มัธยมศึกษาตอนปลาย']",ก่อนอนุบาล - มัธยมศึกษาตอนปลาย,554,76,"['Cambridge', 'PEARSON BTEC International Level 3 Subsidiary Diploma', 'หลักสูตรภาษาไทย วัฒนธรรมไทยและประวัติศาสตร์ไทย']",,นางสาวอัชฌาดา  สายทอง,นายศิวพงศ์ เลื่อนราม,ไม่รับเงินอุดหนุน,,,,,,,,https://pedb.opec.go.th/web/SchoolPdc.htm?mode=showPicture&t=1&id=18871,,,,,2026-09-14 01:08:18,2026-09-29 18:07:04,9.5023362,100.0517134,"['ArcGIS บ้านเลขที่', 'OPEC', 'Overture Maps']","[{'source': 'opec', 'lat': 9.5023362, 'lon': 100.0517134, 'distance_m': 25, 'label': 'OPEC', 'anchor_m': 1062}, {'source': 'overture', 'lat': 9.5021462, 'lon': 100.0518267, 'distance_m': 0, 'label': 'PBISS', 'score': 0, 'anchor_m': 1084, 'keys': ['domain'], 'confidence': 0.989, 'overture_id': '6ed3a030-a70b-48f4-9446-727df1d41b54', 'category': 'place_of_learning'}, {'source': 'arcgis_address', 'distance_m': 340, 'label': 'PointAddress: 6 หมู่ 3 ตำบลบ่อผุด อำเภอเกาะสมุย จังหวัดสุราษฎร์ธานี 84320', 'anchor_m': 1178}]","{'level': 'tambon', 'label': 'ตำบลบ่อผุด อำเภอเกาะสมุย จังหวัดสุราษฎร์ธานี'}",consensus-v2,True,high,True,PBISS International School,False,2005,"['ONESQA', 'ACS WASC']"
277,1184700007,นานาชาติกรีนเอเคอร์,Greenacre International School,สุราษฎร์ธานี,เกาะสมุย,หน้าเมือง,108 หมู่ 2 ต.หน้าเมือง อ.เกาะสมุย จ.สุราษฎร์ธานี 84140,,Not Checked,,,,,,9.4626435,99.979922,"ยืนยันตรงกันหลายแหล่ง: ArcGIS POI, Overture Maps (ทุกแหล่งห่างจากจุดนี้ไม่เกิน 98 ม.)",Exact,https://school.opec.go.th/school/1184700007,"['อนุบาล', 'ประถมศึกษา', 'มัธยมศึกษาตอนต้น', 'มัธยมศึกษาตอนปลาย']",อนุบาล - มัธยมศึกษาตอนปลาย,195,22,"['หลักสูตรประเทศอังกฤษ', 'หลักสูตรสหราชอาณาจักร', 'หลักสูตรแห่งสหราชอาณาจักร']",นางปนัดดา หงสกุล,นางสาวลภัสรดา  ยิ่งยวด,,ไม่รับเงินอุดหนุน,,,,,,,,https://pedb.opec.go.th/web/SchoolPdc.htm?mode=showPicture&t=1&id=20459,,,,,2026-09-14 01:08:18,2026-09-29 18:07:04,9.45133702739136,100.00013872275395,"['ArcGIS POI', 'Overture Maps']","[{'source': 'opec', 'lat': 9.451337, 'lon': 100.0001387, 'distance_m': 2549, 'label': 'OPEC', 'anchor_m': 1678}, {'source': 'overture', 'lat': 9.4626435, 'lon': 99.979922, 'distance_m': 0, 'label': 'Greenacre International School', 'score': 3, 'anchor_m': 1838, 'keys': ['domain', 'name'], 'confidence': 0.988, 'overture_id': 'ed922c56-ac4d-4670-8ed6-974c68d65951', 'category': 'place_of_learning'}, {'source': 'arcgis_poi', 'distance_m': 98, 'label': 'Greenacre International School', 'score': 3, 'anchor_m': 1751}]","{'level': 'tambon', 'label': 'ตำบลหน้าเมือง อำเภอเกาะสมุย จังหวัดสุราษฎร์ธานี'}",consensus-v2,True,high,True,Greenacre International School,False,2018,"['ONESQA', 'EDT']"
278,1184700008,นานาชาติสิริปัญญา,Si Ri Panya International School,สุราษฎร์ธานี,เกาะพะงัน,บ้านใต้,52/30 หมู่ 1 ต.บ้านใต้ อ.เกาะพะงัน จ.สุราษฎร์ธานี 84280,,Not Checked,,,,,,9.7030479,100.0220197,"ยืนยันตรงกันหลายแหล่ง: Overture Maps, กรมการปกครอง (ทุกแหล่งห่างจากจุดนี้ไม่เกิน 7 ม.) — มีจุดชื่อเดียวกันอีก 1 จุด ห่าง 22.5 กม.ขึ้นไป (วิทยาเขตอื่นหรือย้ายที่ตั้ง?)",Exact,https://school.opec.go.th/school/1184700008,"['อนุบาล', 'ประถมศึกษา', 'มัธยมศึกษาตอนต้น', 'มัธยมศึกษาตอนปลาย']",อนุบาล - มัธยมศึกษาตอนปลาย,207,21,"['หลักสูตรสหราชอาณาจักร', 'A National curriculum in England']",,,-,ไม่รับเงินอุดหนุน,,,,,,,,https://pedb.opec.go.th/web/SchoolPdc.htm?mode=showPicture&t=1&id=23900,,,,,2026-09-14 01:08:18,2026-09-29 18:07:04,9.677372,100.061824,"['Overture Maps', 'กรมการปกครอง']","[{'source': 'opec', 'lat': 9.677372, 'lon': 100.061824, 'distance_m': 5214, 'label': 'OPEC', 'anchor_m': 4247}, {'source': 'overture', 'lat': 9.7030479, 'lon': 100.0220197, 'distance_m': 0, 'label': 'Si Ri Panya International School', 'score': 3, 'anchor_m': 1101, 'keys': ['domain', 'name'], 'confidence': 0.985, 'overture_id': '2eccecb0-555d-4f1b-817c-62306fb149d6', 'category': 'place_of_learning'}, {'source': 'dopa', 'lat': 9.703045, 'lon': 100.0219519, 'distance_m': 7, 'label': 'โรงเรียนนานาชาติสิริปัญญา', 'score': 3, 'anchor_m': 1108}, {'source': 'arcgis_poi', 'distance_m': 22543, 'label': 'Panya Di The British International School of Samui', 'score': 3, 'anchor_m': 22264}]","{'level': 'tambon', 'label': 'ตำบลบ้านใต้ อำเภอเกาะพะงัน จังหวัดสุราษฎร์ธานี'}",consensus-v2,True,high,True,Si Ri Panya International School,False,2019,"['ONESQA', 'EDT']"
279,1184700009,นานาชาติวินฟิลด์,Windfield International School,สุราษฎร์ธานี,เกาะสมุย,มะเร็ต,67/7 หมู่ 6 ต.มะเร็ต อ.เกาะสมุย จ.สุราษฎร์ธานี 84310,,Not Checked,,,,,,9.4769922,100.0430884,Overture Maps ยังไม่มีแหล่งอื่นยืนยัน (พิกัดประมาณการ),Approximate,https://school.opec.go.th/school/1184700009,"['อนุบาล', 'ประถมศึกษา', 'มัธยมศึกษาตอนต้น', 'มัธยมศึกษาตอนปลาย']",อนุบาล - มัธยมศึกษาตอนปลาย,538,78,"['หลักสูตรสหราชอาณาจักร', 'หลักสูตรแห่งประเทศฝรั่งเศส', 'Cambridge Assessment International Education', 'สหราชอาณาจักร', 'หลักสูตรฝรั่งเศส', 'หลักสูตรวิชาภาษาไทย วัฒนธรรมและประวัติศาสตร์ไทย']",,นางสาวนภัสสร อุ่นบุญ,นางฐิตานันท์ เพชรดี,ไม่รับเงินอุดหนุน,,,,,,,,https://pedb.opec.go.th/web/SchoolPdc.htm?mode=showPicture&t=1&id=24704,,,,,2026-09-14 01:08:18,2026-09-29 18:07:04,,,[],"[{'source': 'overture', 'lat': 9.4769922, 'lon': 100.0430884, 'distance_m': 0, 'label': 'Windfield International School', 'score': 3, 'anchor_m': 3824, 'keys': ['name'], 'confidence': 0.304, 'overture_id': '03edb0a8-e52f-44e2-906b-4b154c01d782', 'category': 'place_of_learning'}, {'source': 'arcgis_address', 'distance_m': 324, 'label': 'PointAddress: 67 หมู่ 6 ตำบลมะเร็ต อำเภอเกาะสมุย จังหวัดสุราษฎร์ธานี 84310', 'anchor_m': 3505}]","{'level': 'tambon', 'label': 'ตำบลมะเร็ต อำเภอเกาะสมุย จังหวัดสุราษฎร์ธานี'}",consensus-v2,False,low,True,Windfield International School,False,2021,"['ONESQA', 'NEASC', 'AEFE']"
280,1184700011,นานาชาติดาเนียล,Daniel International School,สุราษฎร์ธานี,กาญจนดิษฐ์,ทุ่งกง,99/1 หมู่ 4 ต.ทุ่งกง อ.กาญจนดิษฐ์ จ.สุราษฎร์ธานี 84290,https://www.dischool.ac.th,OPEC Profile,https://www.dischool.ac.th,https://www.facebook.com/DISuratthani,0924043699,,,9.1412893,99.376385,Overture Maps ชื่อตรงกับโรงเรียน (Daniel International School (但以理国际学校)โรง) และอยู่ในตำบลที่จดทะเบียน,Exact,https://school.opec.go.th/school/1184700011,"['ก่อนอนุบาล', 'อนุบาล', 'ประถมศึกษา', 'มัธยมศึกษาตอนต้น', 'มัธยมศึกษาตอนปลาย']",ก่อนอนุบาล - มัธยมศึกษาตอนปลาย,84,9,"['The HighScope Infant - Toddler Curriculum', 'The HighScope Preschool Curriculum', 'นานาชาติดาเนียล']",,นางเสาวลักษณ์ หนูรอด,นายเจน วิริยะวารี,ไม่รับเงินอุดหนุน,โรงเรียนนานาชาติดาเนียลถือกำเนิดขึ้นจากความทุ่มเทของนักการศึกษามืออาชีพชาวฮ่องกงคู่หนึ่งที่เข้ามาในประเทศไทยในฐานะครูสอนภาษาจีนตามโรงเรียนต่าง ๆ ในพื้นที่ โดยทั้งสองเกิดความคิดที่จะจัดตั้งโรงเรียนที่เต็มเปี่ยมไปด้วยคุณภาพในจังหวัดสุราษฎร์ธานีตามมาตรฐานสากล และวางรากฐานบนค่านิยมของคริสเตียน,"Love. ""มุ่งพัฒนานักเรียนให้ออกไปมีอิทธิพลต่อโลกใบนี้ ด้วยความฉลาดเลิศทางปัญญา ความซื่อสัตย์ เเละความรัก""",มุ่งมั่นพัฒนานักเรียนให้ออกไปมีอิทธิพลอันดีต่อโลกใบนี้ อัตลักษณ์ของนักเรียนโรงเรียนนานาชาติดาเนียล ( Identify ) D   Discernment  วิจารณปัญญาอันเลิศ     I  Integrity  ความสุจริตซื่อตรง   S Service with love   ใจรักที่จะช่วยเหลือ,Impact the world,,,Impact the world,https://pedb.opec.go.th/web/SchoolPdc.htm?mode=showPicture&t=1&id=25232,@danielschool,https://www.instagram.com/dis_suratthani?igsh=MmRibGNyNWd1cHhu,,https://www.youtube.com/@danielinternationalschool7247,2026-09-14 01:08:18,2026-09-29 18:07:04,9.141283,99.37638539999999,['Overture Maps'],"[{'source': 'opec', 'lat': 9.141283, 'lon': 99.3763854, 'distance_m': 1, 'label': 'OPEC', 'anchor_m': 3015}, {'source': 'overture', 'lat': 9.1412893, 'lon': 99.376385, 'distance_m': 0, 'label': 'Daniel International School (但以理国际学校)โรงเรียนนานาชาติดาเนียลสุราษฎร์ธานี', 'score': 3, 'anchor_m': 3016, 'copy': True, 'keys': ['domain', 'name'], 'confidence': 0.984, 'overture_id': '9d5e92c4-4467-4574-a090-78cc41d72748', 'category': 'place_of_learning'}]","{'level': 'tambon', 'label': 'ตำบลทุ่งกง อำเภอกาญจนดิษฐ์ จังหวัดสุราษฎร์ธานี'}",consensus-v2,True,medium,True,Daniel International School,True,2023,[]
281,1184700012,นานาชาติ บาลานซ์ สุราษฎร์ธานี,Balance Internatioal School Suratthani,สุราษฎร์ธานี,เมืองสุราษฎร์ธานี,บางใบไม้,88/8 หมู่ 1 ต.บางใบไม้ อ.เมืองสุราษฎร์ธานี จ.สุราษฎร์ธานี 84000,https://www.biss.in.th/,OPEC Profile,https://www.biss.in.th/,https://www.facebook.com/bisspublic/,077969595,0822542424,,9.1533908,99.3052074,"ยืนยันตรงกันหลายแหล่ง: OPEC, Overture Maps (ทุกแหล่งห่างจากจุดนี้ไม่เกิน 6 ม.)",Exact,https://school.opec.go.th/school/1184700012,"['ก่อนอนุบาล', 'อนุบาล', 'ประถมศึกษา', 'มัธยมศึกษาตอนต้น', 'มัธยมศึกษาตอนปลาย']",ก่อนอนุบาล - มัธยมศึกษาตอนปลาย,94,19,"['Cambridge Assessment International Education (Cambridge Early Years)', 'Cambridge Assessment International Education (Cambridge Lower Secondary)', 'Cambridge Assessment International Education (Cambridge Primary)', 'Cambridge Assessment International Education (Cambridge Upper Secondary)', 'หลักสูตรภาษาไทย วัฒนธรรมไทยและประวัติศาสตร์ไทย']",,นายสาธร ลิกขะไชย,นางสาวปัทมา แซ่โค้ว,ไม่รับเงินอุดหนุน,,,,,,,,https://pedb.opec.go.th/web/SchoolPdc.htm?mode=showPicture&t=1&id=25597,@biss,https://www.instagram.com/bisspublic/,,,2026-09-14 01:08:19,2026-09-29 18:07:04,9.1534375,99.30518750000002,"['OPEC', 'Overture Maps']","[{'source': 'opec', 'lat': 9.1534375, 'lon': 99.3051875, 'distance_m': 6, 'label': 'OPEC', 'anchor_m': 1171}, {'source': 'overture', 'lat': 9.1533908, 'lon': 99.3052074, 'distance_m': 0, 'label': 'Balance International School Suratthani (BISS)', 'score': 0, 'anchor_m': 1167, 'keys': ['phone'], 'confidence': 0.755, 'overture_id': '155a7a05-1c5a-45e1-8ab6-399dee65079b', 'category': 'place_of_learning'}]","{'level': 'tambon', 'label': 'ตำบลบางใบไม้ อำเภอเมืองสุราษฎร์ธานี จังหวัดสุราษฎร์ธานี'}",consensus-v2,True,high,True,Balance International School Suratthani,False,2024,[]
282,1184700013,นานาชาติบ้านอินทนิล,Baan Inthanin International School,สุราษฎร์ธานี,เกาะสมุย,แม่น้ำ,75/75 หมู่ 1 ต.แม่น้ำ อ.เกาะสมุย จ.สุราษฎร์ธานี 84330,,Not Checked,,,,,,,,ยังไม่มีพิกัดจากแหล่งที่อนุญาตให้เก็บ (มีแต่ ArcGIS ซึ่งใช้ตรวจได้แต่เก็บไม่ได้) — รอแอดมินปักหมุด,None,https://school.opec.go.th/school/1184700013,"['อนุบาล', 'ประถมศึกษา']",อนุบาล - ประถมศึกษา,24,7,['French Program du cycle 1 to 4 - Lycee'],,,,ไม่รับเงินอุดหนุน,,,,,,,,https://pedb.opec.go.th/web/SchoolPdc.htm?mode=showPicture&t=1&id=25992,,,,,2026-09-14 01:08:19,2026-09-29 18:07:04,,,[],"[{'source': 'arcgis_address', 'distance_m': None, 'label': 'PointAddress: 75 หมู่ 1 ตำบลแม่น้ำ อำเภอเกาะสมุย จังหวัดสุราษฎร์ธานี 84330', 'anchor_m': 655}]","{'level': 'tambon', 'label': 'ตำบลแม่น้ำ อำเภอเกาะสมุย จังหวัดสุราษฎร์ธานี'}",consensus-v2,False,low,,,,,
283,1184700014,นานาชาติยูนิคอร์นบริติช,Unicorn British International School,สุราษฎร์ธานี,เมืองสุราษฎร์ธานี,มะขามเตี้ย,144/55 หมู่ 1 ถนน วัดโพธิ์ - บางใหญ่ ต.มะขามเตี้ย อ.เมืองสุราษฎร์ธานี จ.สุราษฎร์ธานี 84000,https://unicornbritish.ac.th/,OPEC Profile,https://unicornbritish.ac.th/,https://www.facebook.com/UnicornBritishInternationalSchool,077900026,0980128469,,9.1147223,99.3438492,Overture Maps ขัดกับ OPEC (ห่างกัน 3.1 กม.) (พิกัดประมาณการ),Approximate,https://school.opec.go.th/school/1184700014,"['ก่อนอนุบาล', 'อนุบาล', 'ประถมศึกษา', 'มัธยมศึกษาตอนต้น']",ก่อนอนุบาล - มัธยมศึกษาตอนต้น,131,23,[],,,,ไม่รับเงินอุดหนุน,"Inspiring Minds, Shaping Futures
Unicorn British nurtures every child’s unique talents through an innovative British curriculum 
and self-discovery learning—where confidence grows, purpose is found, and future leaders emerge.",,,,,,,https://pedb.opec.go.th/web/SchoolPdc.htm?mode=showPicture&t=1&id=25993,@479taeok,https://www.instagram.com/unicorn_british_school?igsh=ajB4bXJqeGZ1NmF1,,,2026-09-14 01:08:19,2026-09-29 18:07:04,9.1188079,99.316223,[],"[{'source': 'opec', 'lat': 9.1188079, 'lon': 99.316223, 'distance_m': 3067, 'label': 'OPEC', 'anchor_m': 6832}, {'source': 'overture', 'lat': 9.1147223, 'lon': 99.3438492, 'distance_m': 0, 'label': 'Unicorn British International School', 'score': 3, 'anchor_m': 3771, 'keys': ['name', 'phone'], 'confidence': 0.649, 'overture_id': '696ec69f-7808-425d-82ac-322ab4c2e2a1', 'category': 'place_of_learning'}]","{'level': 'tambon', 'label': 'ตำบลมะขามเตี้ย อำเภอเมืองสุราษฎร์ธานี จังหวัดสุราษฎร์ธานี'}",consensus-v2,False,low,True,Unicorn British International School,False,2025,[]
284,1184700015,นานาชาติพะงัน,International School Of Pha Ngan,สุราษฎร์ธานี,เกาะพะงัน,บ้านใต้,53/14 หมู่ 1 ต.บ้านใต้ อ.เกาะพะงัน จ.สุราษฎร์ธานี 84280,,Not Checked,,,,,,9.70495,100.02436,Overture Maps ยังไม่มีแหล่งอื่นยืนยัน (พิกัดประมาณการ),Approximate,https://school.opec.go.th/school/1184700015,"['ก่อนอนุบาล', 'อนุบาล', 'ประถมศึกษา']",ก่อนอนุบาล - ประถมศึกษา,0,1,[],,,,ไม่รับเงินอุดหนุน,,,,,,,,https://pedb.opec.go.th/web/SchoolPdc.htm?mode=showPicture&t=1&id=26400,,,,,2026-09-14 01:08:18,2026-09-29 18:07:04,,,[],"[{'source': 'overture', 'lat': 9.70495, 'lon': 100.02436, 'distance_m': 0, 'label': 'International School Of Pha Ngan', 'score': 0, 'anchor_m': 908, 'keys': ['domain'], 'confidence': 0.71, 'overture_id': '50a37f62-b859-49bb-b4bf-6209b6685359', 'category': 'place_of_learning'}, {'source': 'arcgis_address', 'distance_m': 475, 'label': 'PointAddress: 14 หมู่ 1 ตำบลบ้านใต้ อำเภอเกาะพะงัน จังหวัดสุราษฎร์ธานี 84280', 'anchor_m': 1063}]","{'level': 'tambon', 'label': 'ตำบลบ้านใต้ อำเภอเกาะพะงัน จังหวัดสุราษฎร์ธานี'}",consensus-v2,False,low,,,,,
285,1186700001,นานาชาติธีโอดอร์,THEODORE INTERNATIONAL SCHOOL,ชุมพร,เมืองชุมพร,ตากแดด,41/6 ซอย เมืองชุมพร 15 หมู่ที่ 7 ถนน สายวัดประเดิม ต.ตากแดด อ.เมืองชุมพร จ.ชุมพร 86190,,Not Checked,,,,,,10.4617965,99.1469941,"ยืนยันตรงกันหลายแหล่ง: ArcGIS POI, OPEC, OpenStreetMap, Overture Maps, กรมการปกครอง (ทุกแหล่งห่างจากจุดนี้ไม่เกิน 91 ม.) — มีจุดชื่อเดียวกันอีก 1 จุด ห่าง 22.8 กม.ขึ้นไป (วิทยาเขตอื่นหรือย้ายที่ตั้ง?)",Exact,https://school.opec.go.th/school/1186700001,"['ก่อนอนุบาล', 'อนุบาล', 'ประถมศึกษา', 'มัธยมศึกษาตอนต้น', 'มัธยมศึกษาตอนปลาย']",ก่อนอนุบาล - มัธยมศึกษาตอนปลาย,72,8,"['หลักสูตร North American Division (NAD) สหรัฐอเมริกา', 'NAD']",นางสิชล รัตน์วงศ์,,,ไม่รับเงินอุดหนุน,,,,,,,,https://pedb.opec.go.th/web/SchoolPdc.htm?mode=showPicture&t=1&id=16866,,,,,2026-09-14 01:08:19,2026-09-29 18:07:04,10.4621264,99.1473487,"['ArcGIS POI', 'OPEC', 'OpenStreetMap', 'Overture Maps', 'กรมการปกครอง']","[{'source': 'opec', 'lat': 10.4621264, 'lon': 99.1473487, 'distance_m': 53, 'label': 'OPEC', 'anchor_m': 786}, {'source': 'osm', 'lat': 10.4617965, 'lon': 99.1469941, 'distance_m': 0, 'label': 'โรงเรียนนานาชาติธีโอดอร์ / Theodore International School (TIS)', 'score': 3, 'osm_id': 'n7706525385', 'anchor_m': 742}, {'source': 'overture', 'lat': 10.4624549, 'lon': 99.1465044, 'distance_m': 91, 'label': 'โรงเรียนนานาชาติธีโอดอร์ Theodore International School - TIS', 'score': 0, 'anchor_m': 705, 'keys': ['domain'], 'confidence': 0.982, 'overture_id': '08fbb5c4-c456-43e2-9da5-645a18f18cb5', 'category': 'education'}, {'source': 'overture', 'lat': 10.498085, 'lon': 99.1799899, 'distance_m': 5413, 'label': 'TIEC', 'score': 0, 'anchor_m': 6005, 'keys': ['domain'], 'confidence': 0.432, 'overture_id': '78b5cd0f-68d7-49a7-9cbc-e6f6dc02e0a8', 'category': 'place_of_learning'}, {'source': 'dopa', 'lat': 10.4616979, 'lon': 99.1465782, 'distance_m': 47, 'label': 'โรงเรียนนานาชาติธีโอดอร์', 'score': 3, 'anchor_m': 695}, {'source': 'arcgis_poi', 'distance_m': 22850, 'label': 'Theodore International School', 'score': 3, 'anchor_m': 23076}, {'source': 'arcgis_poi', 'distance_m': 44, 'label': 'Theodore International School', 'score': 3, 'anchor_m': 750}, {'source': 'arcgis_address', 'distance_m': 4376, 'label': 'PointAddress: 4/1 ถนนเมืองชุมพร ตำบลวังไผ่ อำเภอเมืองชุมพร จังหวัดชุมพร 86190', 'anchor_m': 4794}]","{'level': 'tambon', 'label': 'ตำบลตากแดด อำเภอเมืองชุมพร จังหวัดชุมพร'}",consensus-v2,True,high,True,Theodore International School,True,2014,['Cognia']
286,1186700002,นานาชาติเลกาซีออฟเกรซ คริสเตียน,LEGACY OF GRACE INTERNATIONAL CHRISTIAN SCHOOL,ชุมพร,เมืองชุมพร,บางลึก,13/4 หมู่ 3 ต.บางลึก อ.เมืองชุมพร จ.ชุมพร 86000,,Not Checked,,,,,,10.5391912,99.1847031,Overture Maps ขัดกับ OPEC (ห่างกัน 5.5 กม.) (พิกัดประมาณการ),Approximate,https://school.opec.go.th/school/1186700002,"['อนุบาล', 'ประถมศึกษา', 'มัธยมศึกษาตอนต้น', 'มัธยมศึกษาตอนปลาย']",อนุบาล - มัธยมศึกษาตอนปลาย,61,14,"['หลักสูตรสหรัฐอเมริกัน', 'Accelerated Christian Education (A.C.E.)']",นางพรพรรณ จารุศศิธร,,,ไม่รับเงินอุดหนุน,,,,,,,,https://pedb.opec.go.th/web/SchoolPdc.htm?mode=showPicture&t=1&id=23839,,,,,2026-09-14 01:08:19,2026-09-29 18:07:04,10.4897929,99.18812659999999,[],"[{'source': 'opec', 'lat': 10.4897929, 'lon': 99.1881266, 'distance_m': 5506, 'label': 'OPEC', 'anchor_m': 5854}, {'source': 'overture', 'lat': 10.5391912, 'lon': 99.1847031, 'distance_m': 0, 'label': 'Legacy of Grace International Christian School', 'score': 4, 'anchor_m': 1995, 'keys': ['domain', 'name'], 'confidence': 0.971, 'overture_id': 'd1d270e0-1fb5-420a-9127-a8669201a23c', 'category': 'place_of_learning'}, {'source': 'arcgis_address', 'distance_m': 802, 'label': 'PointAddress: 13 หมู่ 4 ตำบลบางลึก อำเภอเมืองชุมพร จังหวัดชุมพร 86000', 'anchor_m': 1580}, {'source': 'arcgis_address', 'distance_m': 5904, 'label': 'PointAddress: 3 หมู่ 4 ตำบลนาชะอัง อำเภอเมืองชุมพร จังหวัดชุมพร 86000', 'anchor_m': 7895}]","{'level': 'tambon', 'label': 'ตำบลบางลึก อำเภอเมืองชุมพร จังหวัดชุมพร'}",consensus-v2,False,low,,,,,
287,1190700001,นานาชาติอเมริกัน เพรพ,American Prep International School,สงขลา,หาดใหญ่,หาดใหญ่,830 ถนน กาญจนวณิชย์ ต.หาดใหญ่ อ.หาดใหญ่ จ.สงขลา 90110,,Not Checked,,,,,,7.0201279,100.4979608,"ยืนยันตรงกันหลายแหล่ง: ArcGIS POI, OPEC, Overture Maps (ทุกแหล่งห่างจากจุดนี้ไม่เกิน 15 ม.)",Exact,https://school.opec.go.th/school/1190700001,['ประถมศึกษา'],ประถมศึกษา - ประถมศึกษา,62,15,['The California Department of Education (CDE)'],นางสาวชนกวรรณ รัตรสาร,,นางสาวชนกวรรณ รัตรสาร,ไม่รับเงินอุดหนุน,,,,,,,,https://pedb.opec.go.th/web/SchoolPdc.htm?mode=showPicture&t=1&id=13224,,,,,2026-09-14 01:08:19,2026-09-29 18:07:04,7.020147,100.497894,"['ArcGIS POI', 'OPEC', 'Overture Maps']","[{'source': 'opec', 'lat': 7.020147, 'lon': 100.497894, 'distance_m': 8, 'label': 'OPEC', 'anchor_m': 2796}, {'source': 'overture', 'lat': 7.0201279, 'lon': 100.4979608, 'distance_m': 0, 'label': 'American Prep International School', 'score': 3, 'anchor_m': 2803, 'keys': ['domain', 'name'], 'confidence': 0.839, 'overture_id': 'b58170cc-83ec-48c3-a9ec-1e3e01cc656e', 'category': 'place_of_learning'}, {'source': 'arcgis_poi', 'distance_m': 15, 'label': 'American Prep International School', 'score': 3, 'anchor_m': 2794}, {'source': 'arcgis_address', 'distance_m': 15, 'label': 'PointAddress: 830 ถนนกาญจนวนิช ตำบลหาดใหญ่ อำเภอหาดใหญ่ จังหวัดสงขลา 90110', 'anchor_m': 2794, 'copy': True}]","{'level': 'tambon', 'label': 'ตำบลหาดใหญ่ อำเภอหาดใหญ่ จังหวัดสงขลา'}",consensus-v2,True,high,True,American Prep International School,False,2009,['ONESQA']
288,1190700002,นานาชาติบลูมส์เบอรี่-หาดใหญ่,BLOOMSBURY INTERNATIONAL SCHOOL HATYAI,สงขลา,หาดใหญ่,ควนลัง,2119 หมู่ 6 ถนน สนามบิน - ลพบุรีราเมศวร์ ต.ควนลัง อ.หาดใหญ่ จ.สงขลา 90110,,Not Checked,,,,,,6.9483536,100.412998,"ยืนยันตรงกันหลายแหล่ง: ArcGIS POI, OPEC, Overture Maps, กรมการปกครอง (ทุกแหล่งห่างจากจุดนี้ไม่เกิน 62 ม.)",Exact,https://school.opec.go.th/school/1190700002,"['ก่อนอนุบาล', 'อนุบาล', 'ประถมศึกษา', 'มัธยมศึกษาตอนต้น', 'มัธยมศึกษาตอนปลาย']",ก่อนอนุบาล - มัธยมศึกษาตอนปลาย,168,29,"['หลักสูตรประเทศอังกฤษ', 'ENC (English National Curriclum)', 'หลักสูตรภาษาไทย วัฒนธรรมไทยและประวัติศาสตร์ไทย']",,นางสุนันทา เขียวหอม,นายชิตชาย จันทรวงศ์,ไม่รับเงินอุดหนุน,,,,,,,,https://pedb.opec.go.th/web/SchoolPdc.htm?mode=showPicture&t=1&id=16674,,,,,2026-09-14 01:08:19,2026-09-29 18:07:04,6.948242,100.412986,"['ArcGIS POI', 'OPEC', 'Overture Maps', 'กรมการปกครอง']","[{'source': 'opec', 'lat': 6.948242, 'lon': 100.412986, 'distance_m': 12, 'label': 'OPEC', 'anchor_m': 4606}, {'source': 'overture', 'lat': 6.9483536, 'lon': 100.412998, 'distance_m': 0, 'label': 'Bloomsbury International School Hat Yai', 'score': 3, 'anchor_m': 4594, 'keys': ['domain', 'name'], 'confidence': 0.981, 'overture_id': '58919427-086f-4a66-b7fb-6a1447474805', 'category': 'place_of_learning'}, {'source': 'dopa', 'lat': 6.9483119, 'lon': 100.4127431, 'distance_m': 29, 'label': 'Bloomsbury international school hatyai', 'score': 3, 'anchor_m': 4606}, {'source': 'dopa', 'lat': 6.9481934, 'lon': 100.4129952, 'distance_m': 18, 'label': 'ห้องสมุดโรงเรียนนานาชาติบลูมส์เบอรี่หาดใหญ่', 'score': 3, 'anchor_m': 4611}, {'source': 'arcgis_poi', 'distance_m': 62, 'label': 'Bloomsbury International School Hat Yai', 'score': 3, 'anchor_m': 4654}, {'source': 'arcgis_poi', 'distance_m': 35, 'label': 'Bloomsbury International School Hatyai', 'score': 3, 'anchor_m': 4619}]","{'level': 'tambon', 'label': 'ตำบลควนลัง อำเภอหาดใหญ่ จังหวัดสงขลา'}",consensus-v2,True,high,True,Bloomsbury International School Hatyai,True,2014,"['ONESQA', 'CIS']"
289,1190700003,นานาชาติเซาท์เทิร์น หาดใหญ่,SOUTHERN INTERNATIONAL SCHOOL HATYAI,สงขลา,หาดใหญ่,หาดใหญ่,787 ถนน ราษฎร์อุทิศ ต.หาดใหญ่ อ.หาดใหญ่ จ.สงขลา 90110,https://www.southerninter.com,OPEC Profile,https://www.southerninter.com,"https://Southern International School, Hat Yai",074252111,0633239831,,7.0243486,100.4553018,"ยืนยันตรงกันหลายแหล่ง: OPEC, Overture Maps, กรมการปกครอง (ทุกแหล่งห่างจากจุดนี้ไม่เกิน 27 ม.)",Exact,https://school.opec.go.th/school/1190700003,"['อนุบาล', 'ประถมศึกษา', 'มัธยมศึกษาตอนต้น', 'มัธยมศึกษาตอนปลาย']",อนุบาล - มัธยมศึกษาตอนปลาย,245,37,"['หลักสูตรสหราชอาณาจักร', 'International Preschool Curriculum (IPC)']",นางทิพวรรณ์ พัฒโน,-,-,ไม่รับเงินอุดหนุน,"SIH was established in 2015 and provides an international education to both Thai & non-Thai students. We assist students to become motivated lifelong learners and be equipped with the necessary learning skills to enjoy greater academic challenges.  We believe that in order to achieve a culture of achievement we need to create a culture of opportunity for all our community members.  At SIH, we want our young people to be safe, to be happy and to achieve. and to grow into independent global citizens.The school welcomes enrollment from students aged 2 to 18 years old. Students are allocated to classes according to their ages.  Should you wish to visit the campus to look around our facilities please contact the school office and we would be happy to welcome you.","We aim to develop our young people in terms of 21st century skills, such as problem-solving, creative thinking, curiosity, communication and team-working, and eternal values such as respect, tolerance, environmental awareness and lifelong learning.","•	Education is a collaborative effort between family and school and is enriched by the community •	Learning is an essential, life-long endeavour  •	Achievement builds self-esteem, which leads to further achievement  •	Excellence is worth pursuing",gentle heart - rich wisdom - strong society,"We are a truly diverse and truly inclusive school, where we want every student to be able to be themselves and to develop their unique identity and talents.  We are a small school with a big heart and we are proud of our family atmosphere.","Situated in a safe, quiet part of Hat Yai city we are blessed with a spacious, green and well-equipped campus that encourages play, leisure and curiosity, and classrooms that inspire great learning.",,https://pedb.opec.go.th/web/SchoolPdc.htm?mode=showPicture&t=1&id=18957,@sih.school,,,https://www.youtube.com/channel/UCiVxH4HLpZD39Ov0zZuvesw,2026-09-14 01:08:19,2026-09-29 18:07:04,7.024476,100.455333,"['OPEC', 'Overture Maps', 'กรมการปกครอง']","[{'source': 'opec', 'lat': 7.024476, 'lon': 100.455333, 'distance_m': 15, 'label': 'OPEC', 'anchor_m': 2152}, {'source': 'overture', 'lat': 7.0243486, 'lon': 100.4553018, 'distance_m': 0, 'label': 'Southern International School Hat Yai', 'score': 0, 'anchor_m': 2149, 'keys': ['phone'], 'confidence': 0.976, 'overture_id': '646278c4-34eb-47ef-abb3-fafe9bfd0fb9', 'category': 'education'}, {'source': 'dopa', 'lat': 7.0241886, 'lon': 100.4554801, 'distance_m': 27, 'label': 'โรงเรียนนานาชาติเซาท์เทิร์นหาดใหญ่', 'score': 3, 'anchor_m': 2124}, {'source': 'dopa', 'lat': 7.0241886, 'lon': 100.4554801, 'distance_m': 27, 'label': 'ห้องสมุดโรงเรียนนานาชาติเซาท์เทิร์นหาดใหญ่', 'score': 3, 'anchor_m': 2124}, {'source': 'website', 'lat': 7.0086, 'lon': 100.4747, 'distance_m': 2766, 'label': 'https://www.southerninter.com', 'pin': 'place', 'origin': 'school', 'anchor_m': 853}]","{'level': 'tambon', 'label': 'ตำบลหาดใหญ่ อำเภอหาดใหญ่ จังหวัดสงขลา'}",consensus-v2,True,high,True,Southern International School Hat Yai,False,2015,"['EDT', 'NDNA']"
290,1190700004,นานาชาติวันเดอร์แวลี่ย์,Wonder Valley International School,สงขลา,หาดใหญ่,พะตง,191 หมู่ 5 ต.พะตง อ.หาดใหญ่ จ.สงขลา 90230,https://wondervalley.ac.th,OPEC Profile,https://wondervalley.ac.th,https://Wonder Valley International School,,0636308011,,6.8565665,100.534611,Overture Maps ชื่อตรงกับโรงเรียน (Wonder Valley International School) และอยู่ในตำบลที่จดทะเบียน,Exact,https://school.opec.go.th/school/1190700004,"['อนุบาล', 'ประถมศึกษา']",อนุบาล - ประถมศึกษา,29,9,"['The National Curriculum in England Key Stage 1', 'Early Years Foundation Stage (EYFS)']",,นางสุนันทา เขียวหอม,นางสาวสุญญา ศรประสิทธิ์,ไม่รับเงินอุดหนุน,"โรงเรียนนานาชาติวันเดอร์แวลี่ย์ Wonder Valley International School จัดตั้งขึ้นเมื่อ ปี พ.ศ. ๒๕๓๙
โดยนางวาณีรัตน์  ศรประสิทธิ์ เป็นผู้ก่อตั้ง ใช้ชื่อสวนสายน้ำจัดเป็นสถานที่ฝึกอบรมสัมมนาให้ความรู้แก่สถานศึกษา
มหาวิทยาลัย หน่วยงานภาครัฐ และภาคเอกชน
พ.ศ.๒๕๖๓ ได้จดทะเบียน บริษัท สร้างสมดุลจำกัด โดยมีวัตถุประสงค์เพื่อประกอบกิจการโรงเรียน สถานศึกษา
มีการจัดกิจกรรมการศึกษาทางเลือกให้แก่ผู้ปกครองที่มีความสนใจในการดูแลเด็ก การค้นหาศักยภาพของตนเองการเล่นอย่าง
มีความหมาย เน้นผู้เรียนเป็นสำคัญโดยจัดเป็นค่ายกิจกรรมการเรียนรู้
พ.ศ.๒๕๖๔ ได้ดำเนินการจัดตั้ง โรงเรียนนานาชาติวันเดอร์แวลี่ย์  Wonder Valley International School โดยมี
นางสาวสุญญา ศรประสิทธิ์ เป็นผู้แทนผู้รับใบอนุญาต เปิดสอนระดับก่อนประถมศึกษา โดยใช้หลักสูตรจากประเทศอังกฤษ
ปัจจุบันมีอาคารเรียน ๑ หลังจำนวน ๑ ห้องเรียน มีห้องสมุด ๑ ห้อง ห้องพยาบาล ๑ ห้อง
พ.ศ. ๒๕๖๖
โดยความเห็นชอบจากคณะกรรมการบริหารโรงเรียนมีนโยบายที่จะพัฒนาการศึกษาของเด็กในระดับประถมศึกษาให้มีประสิทธิ
ภาพตามแนวทางการจัดการศึกษา จึงขออนุญาตใช้หลักสูตรจากสหราชอาณาจักร (The national curriculum in England
2013) และหลักสูตรวิชาภาษาไทย วัฒนธรรมไทยและประวัติศาตร์ไทย เพื่อใช้ในการจัดการเรียนการสอนระดับประถมศึกษา
(Year 1-6 ) ซึ่งได้รับการพิจารณาอนุญาตให้ใช้หลักสูตรดังกล่าวหนังสือที่ ศธ.๐๒๑๑.๕/๒๒๙๗ ลงวันที่ ๓ มีนาคม ๒๕๖๕
จากนั้นจึงได้ดำเนินการก่อสร้างอาคารเรียน จำนวน ๑ หลัง ห้องเรียนและห้องประกอบจำนวน ๖ ห้อง",โรงเรียนนานาชาติวันเดอร์แวลี่ย์ เป็นชุมชนเพื่อการเรียนรู้อย่างเป็นองค์รวม มุ่งมั่นที่จะจัดการศึกษาเพื่อพัฒนาเด็กไปสู่ความสมบูรณ์อย่างสมดุลเต็มศักยภาพเป็นพลเมืองโลกที่เข้าใจความสัมพันธ์ของธรรมชาติและสรรพสิ่งรอบตัวโดยปราศจากความกลัว,1. พัฒนาคุณภาพผู้เรียนให้เต็มศักยภาพ 2. เสริมสร้างประสิทธิภาพการบริหารจัดการ 3. ส่งเสริมพัฒนาครูและบุคลากรทางการศึกษาทั้งระบบ 4. เสริมสร้างการมีส่วนร่วมในการจัดการศึกษาของผู้ที่มีส่วนเกี่ยวข้อง,,โรงเรียนอยู่ท่ามกลางธรรมชาติ บรรยากาศดี เด็กเติบโตเต็มศักยภาพของตนเอง ครูมืออาชีพที่เข้าใจบริบทของโรงเรียน,เข้าใจตนเองและรักในสิ่งที่ทำ เข้าใจความสำคัญของตนเองและผู้อื่น มีจิตสำนึกที่ดีและมีจิตสาธารณะ,การศึกษาที่ส่งเสริมพัฒนาการเด็กตามธรรมชาติอย่างสมดุลและเต็มศักยภาพ,https://pedb.opec.go.th/web/SchoolPdc.htm?mode=showPicture&t=1&id=24865,0638306011,wondervalley.hatyai,,@wondervalley_hatyai,2026-09-14 01:08:19,2026-09-29 18:07:04,,,['Overture Maps'],"[{'source': 'overture', 'lat': 6.8565665, 'lon': 100.534611, 'distance_m': 0, 'label': 'Wonder Valley International School', 'score': 3, 'anchor_m': 7708, 'keys': ['domain', 'name', 'phone'], 'confidence': 0.971, 'overture_id': '6670e699-0bb9-4d24-bfe0-6fc9291a6c63', 'category': 'place_of_learning'}, {'source': 'overture', 'lat': 6.8547434, 'lon': 100.5379791, 'distance_m': 424, 'label': 'โรงเรียนนานาชาติวันเดอร์แวลี่ย์', 'score': 3, 'anchor_m': 8107, 'keys': ['domain', 'name', 'phone'], 'confidence': 0.85, 'overture_id': 'd406919c-9ee8-4d8b-a405-1db4ab4d4897', 'category': 'place_of_learning'}, {'source': 'arcgis_address', 'distance_m': 91, 'label': 'PointAddress: 191 หมู่ 5 ตำบลพะตง อำเภอหาดใหญ่ จังหวัดสงขลา 90230', 'anchor_m': 7798}]","{'level': 'tambon', 'label': 'ตำบลพะตง อำเภอหาดใหญ่ จังหวัดสงขลา'}",consensus-v2,True,medium,True,Wonder Valley International School,False,2022,[]
