no,school_code,school_name_th,school_name_en,province,district,subdistrict,address,official_website,website_source,opec_website,facebook,telephone,mobile,email,latitude,longitude,opec_profile_url,levels_offered,level_range,student_count,teacher_count,curriculums,licensee_name,director_name,manager_name,government_support,school_history,vision,mission,maxim,uniqueness,identity,tags,school_logo_url,line_id,instagram,tiktok,youtube
1,1110700001,นานาชาติเซนต์ แอนดรูว์ส สาทร,ST. ANDREWS INTERNATIONAL SCHOOL SATHORN,กรุงเทพมหานคร,บางรัก,สีลม,9 ซอย ซอยสาทร 4 ถนน คอนแวนต์ แขวงสีลม เขตบางรัก กรุงเทพมหานคร 10500,https://www.standrewssathorn.com,Live Domain Match & Verification,,,,,,13.7255207,100.53556709999998,https://school.opec.go.th/school/1110700001,"['อนุบาล', 'ประถมศึกษา']",อนุบาล - ประถมศึกษา,375,24,['สหราชอาณาจักร'],นายโสพัส พัฒนวีรมงคล,นางสาววิมลรัตน์ นุกูลโรจน์,นายโสพัส พัฒนวีรมงคล,ไม่รับเงินอุดหนุน,,,,,,,,https://pedb.opec.go.th/web/SchoolPdc.htm?mode=showPicture&t=1&id=1300,,,,
2,1110700002,นานาชาติเกาหลี กรุงเทพ,KOREAN INTERNATIONAL SCHOOL OF BANGKOK,กรุงเทพมหานคร,บางเขน,อนุสาวรีย์,14/107 หมู่ 4 ซอย รามอินทรา 13 ถนน รามอินทรา แขวงอนุสาวรีย์ เขตบางเขน กรุงเทพมหานคร 10220,http://www.kisbangkok.co.kr,Live Domain Match & Verification,,,025436981,,,13.868015708570184,100.61177349461369,https://school.opec.go.th/school/1110700002,"['ประถมศึกษา', 'มัธยมศึกษาตอนต้น', 'มัธยมศึกษาตอนปลาย']",ประถมศึกษา - มัธยมศึกษาตอนปลาย,135,21,['หลักสูตรประจำชาติของประเทศสาธารณรัฐเกาหลี (MOE Republic of Korea)'],นายประเชิญ  กุลฐิติกิจ,นายประเชิญ  กุลฐิติกิจ,นางสุวรรณา เนตยากร,ไม่รับเงินอุดหนุน,โรงเรียนนานาชาติของเกาหลีในหนองจอก กรุงเทพมหานคร ประเทศไทย โรงเรียนให้บริการถึงระดับมัธยมศึกษาตอนปลาย ก่อตั้งขึ้นในปี 2544,วิสัยทัศน์ วิสัยทัศน์ วิสัยทัศน์ วิสัยทัศน์,พันธกิจ พันธกิจ พันธกิจ พันธกิจ,คติพจน์ คติพจน์ คติพจน์ คติพจน์,เอกลักษณ์  เอกลักษณ์  เอกลักษณ์  เอกลักษณ์,อัตลักษณ์ อัตลักษณ์ อัตลักษณ์ อัตลักษณ์,"นานาชาติ,เกาหลี,กรุงเทพ,ทดสอบ",https://pedb.opec.go.th/web/SchoolPdc.htm?mode=showPicture&t=1&id=1301,,,,
3,1110700003,อนุบาลไอ พี ซี อินเตอร์เนชั่นแนล,IPC INTERNATIONAL KINDERGARTEN,กรุงเทพมหานคร,วัฒนา,คลองตันเหนือ,313 ซอย สุขุมวิท31 แขวงคลองตันเหนือ เขตวัฒนา กรุงเทพมหานคร 10110,https://www.ipcgreen.com,Live Domain Match & Verification,,,,,,13.7422613,100.56051589999993,https://school.opec.go.th/school/1110700003,['อนุบาล'],อนุบาล - อนุบาล,0,3,['สหราชอาณาจักร หลักสูตร IB'],นางปนัดดา หงสกุล,ว่าที่เรือตรีระพี  แก้วมีแสง,นางแมรี่แอน จิราธิวัฒน์,ไม่รับเงินอุดหนุน,,,,,,,,https://pedb.opec.go.th/web/SchoolPdc.htm?mode=showPicture&t=1&id=1309,,,,
4,1110700004,อนุบาลนานาชาติคิดส์ อะคาเดมี่,KIDS' ACADEMY INTERNATIONAL PRE-SCHOOL,กรุงเทพมหานคร,วัฒนา,พระโขนงเหนือ,52/1-2  ซอย 2 ถนน สุขุมวิท 63 แขวงพระโขนงเหนือ เขตวัฒนา กรุงเทพมหานคร 10110,https://www.kidsacademy.ac.th,Live Domain Match & Verification,,,,,,13.778735,100.67321800000002,https://school.opec.go.th/school/1110700004,['อนุบาล'],อนุบาล - อนุบาล,56,14,['หลักสูตรประจำชาติของประเทศสหราชอาณาจักร'],,,,ไม่รับเงินอุดหนุน,,,,,,,,https://pedb.opec.go.th/web/SchoolPdc.htm?mode=showPicture&t=1&id=1310,,,,
5,1110700006,นานาชาติฮีทฟิลด์,HEATHFIELD INTERNATIONAL SCHOOL,กรุงเทพมหานคร,สะพานสูง,ราษฎร์พัฒนา,6 ถนน รามคำแหง แขวงราษฎร์พัฒนา เขตสะพานสูง กรุงเทพมหานคร 10240,https://heathfield.ac.th,OPEC Profile,https://www.heathfield.ac.th,,023722680,,,13.7833908,100.6860846,https://school.opec.go.th/school/1110700006,"['อนุบาล', 'ประถมศึกษา', 'มัธยมศึกษาตอนต้น', 'มัธยมศึกษาตอนปลาย']",อนุบาล - มัธยมศึกษาตอนปลาย,329,28,"['A National curriculum British Curriculum (Early Years Foundation Stage)', 'หลักสูตรแห่งชาติประเทศสหราชอาณาจักร']",นางเอมอร  พิบูลธรรม,นางปราณี หนูขาว,นางอาทิตยา  เนียมประดิษฐ์,ไม่รับเงินอุดหนุน,,,,,,,,https://pedb.opec.go.th/web/SchoolPdc.htm?mode=showPicture&t=1&id=1312,,,,
6,1110700007,นานาชาติแองโกลสิงคโปร์,ANGLO SINGAPOREAN INTERNATIONAL SCHOOL,กรุงเทพมหานคร,พระโขนง,บางจาก,1 ถนน สุขุมวิท 64 แขวงบางจาก เขตพระโขนง กรุงเทพมหานคร 10260,https://www.anglosingapore.ac.th,Live Domain Match & Verification,,,,,,13.6874875,100.6092236,https://school.opec.go.th/school/1110700007,"['ก่อนอนุบาล', 'อนุบาล', 'ประถมศึกษา', 'มัธยมศึกษาตอนต้น', 'มัธยมศึกษาตอนปลาย']",ก่อนอนุบาล - มัธยมศึกษาตอนปลาย,574,93,"['หลักสูตรสิงคโปร์', 'หลักสูตรสาธารณรัฐสิงคโปร์']",,นางสาวลภัสรดา ยวดยิ่ง,นางสาวลภัสรดา ยวดยิ่ง,ไม่รับเงินอุดหนุน,,,,,,,,https://pedb.opec.go.th/web/SchoolPdc.htm?mode=showPicture&t=1&id=1331,,,,
7,1110700008,นานาชาติแพน-เอเซีย,PAN-ASIA INTERNATIONAL SCHOOL,กรุงเทพมหานคร,ประเวศ,ดอกไม้,18 ซอย 67 ถนน เฉลิมพระเกียรติ ร.9 แขวงดอกไม้ เขตประเวศ กรุงเทพมหานคร 10250,https://www.pais.ac.th,OPEC Profile,https://www.pais.ac.th,,,,,13.703406,100.68665,https://school.opec.go.th/school/1110700008,"['ก่อนอนุบาล', 'อนุบาล', 'ประถมศึกษา', 'มัธยมศึกษาตอนต้น', 'มัธยมศึกษาตอนปลาย']",ก่อนอนุบาล - มัธยมศึกษาตอนปลาย,314,96,"['หลักสูตรของรัฐแมสซาชูเซตส์', 'Massachusetts Curriculum Frameworks', 'IB / International Baccalaureate Programme']",นางวนิดา  ฮามัด,นายฮุสนี  ฮามัด,นายอิซอม ตาวีเลาะ,ไม่รับเงินอุดหนุน,,,,,,,,https://pedb.opec.go.th/web/SchoolPdc.htm?mode=showPicture&t=1&id=1368,,,,
8,1110700009,นานาชาติบริติชโคลัมเบีย กรุงเทพ,ฺBritish Columbia International School Bangkok,กรุงเทพมหานคร,ภาษีเจริญ,บางหว้า,606 ถนน กัลปพฤกษ์ แขวงบางหว้า เขตภาษีเจริญ กรุงเทพมหานคร 10160,https://www.bcisb.ac.th,Live Domain Match & Verification,,,,,,13.694035,100.435435,https://school.opec.go.th/school/1110700009,"['ก่อนอนุบาล', 'อนุบาล', 'ประถมศึกษา', 'มัธยมศึกษาตอนต้น', 'มัธยมศึกษาตอนปลาย']",ก่อนอนุบาล - มัธยมศึกษาตอนปลาย,599,27,"['หลักสูตรกระทรวงศึกษาธิการบริติชโคลัมเบีย ประเทศแคนาดา', 'British Columbia Curriculum', 'British Columbia Early Learning Program', 'หลักสูตรของกระทรวงศึกษาธิการบริติชโคลัมเบีย']",นายภักดี ฐานปัญญา,นางสาววิสรทิพย์  วิสาวะโท,ดร.มาลี  ฐานปัญญา,ไม่รับเงินอุดหนุน,,,,,,,,https://pedb.opec.go.th/web/SchoolPdc.htm?mode=showPicture&t=1&id=1445,,,,
9,1110700010,นานาชาติเวลล์ส-อ่อนนุช,WELLS INTERNATIONAL SCHOOL - ON NUT,กรุงเทพมหานคร,พระโขนง,บางจาก,2209 ถนน สุขุมวิท แขวงบางจาก เขตพระโขนง กรุงเทพมหานคร 10260,https://wells.ac.th,Live Domain Match & Verification,,,,,,13.7039165,100.6057442,https://school.opec.go.th/school/1110700010,"['ประถมศึกษา', 'มัธยมศึกษาตอนต้น', 'มัธยมศึกษาตอนปลาย']",ประถมศึกษา - มัธยมศึกษาตอนปลาย,396,69,['California Department of Education'],นางสาวกนกพร ชัยนิคม,Miss Weeranuch  Jarawat,Mr. Yao - Lang  Chang,ไม่รับเงินอุดหนุน,,,,,,,,https://pedb.opec.go.th/web/SchoolPdc.htm?mode=showPicture&t=1&id=1452,,,,
10,1110700011,นานาชาติเซนต์แอนดรูว์ส ดุสิต,St.Andrews International School Dusit,กรุงเทพมหานคร,ดุสิต,สวนจิตรลดา,253/1 ถนน สวรรคโลก แขวงสวนจิตรลดา เขตดุสิต กรุงเทพมหานคร 10300,https://www.standrewsdusit.com,Live Domain Match & Verification,,,,,,13.7706317,100.5259159,https://school.opec.go.th/school/1110700011,"['อนุบาล', 'ประถมศึกษา']",อนุบาล - ประถมศึกษา,207,17,"['หลักสูตรสหราชอาณาจักร', 'UK National Curriculum']",,,นางสาวเสาวคนธ์ ลิมอักษณ,ไม่รับเงินอุดหนุน,,,,,,,,https://pedb.opec.go.th/web/SchoolPdc.htm?mode=showPicture&t=1&id=1689,,,,
11,1110700012,นานาชาติ มอนเตสซอรี่ อะแคเดอมี่ แบงค็อก,Montessori Academy Bangkok,กรุงเทพมหานคร,บางนา,บางนา,1444 ถนน บางนา - ตราด แขวงบางนา เขตบางนา กรุงเทพมหานคร 10260,https://www.montessoribkk.com,Live Domain Match & Verification,,,,,,13.662484303,100.617766376,https://school.opec.go.th/school/1110700012,"['ก่อนอนุบาล', 'อนุบาล', 'ประถมศึกษา', 'มัธยมศึกษาตอนต้น', 'มัธยมศึกษาตอนปลาย']",ก่อนอนุบาล - มัธยมศึกษาตอนปลาย,60,18,['Hershey Montessori school'],นางสาวเสาวนีย์ จิราธนันต์,นางสาววัชรี  สังวรณ์,นางสาววันทนีย์  จิราธนันต์,ไม่รับเงินอุดหนุน,,,,,,,,https://pedb.opec.go.th/web/SchoolPdc.htm?mode=showPicture&t=1&id=1725,,,,
12,1110700014,นานาชาติเค็นซิงตัน,Kensington Internation School,กรุงเทพมหานคร,ตลิ่งชัน,บางพรม,88 และ 88/1 แขวงบางพรม เขตตลิ่งชัน กรุงเทพมหานคร 10170,https://kensington.ac.th,Live Domain Match & Verification,,,,,,13.7553771,100.44974960000002,https://school.opec.go.th/school/1110700014,"['ก่อนอนุบาล', 'อนุบาล', 'ประถมศึกษา']",ก่อนอนุบาล - ประถมศึกษา,301,18,['English National Curriculum'],นางวราภรณ์   กาญจนวัฒน์ พันธุ์วิโรจน์,นางปิยวรรณ  พัฒนวรวัฒน์,นางวราภรณ์ กสญจนวัฒน์ พันธุ์วิโรจน์,ไม่รับเงินอุดหนุน,,,,,,,,https://pedb.opec.go.th/web/SchoolPdc.htm?mode=showPicture&t=1&id=1811,,,,
13,1110700015,นานาชาติแองโกลสิงคโปร์ สุขุมวิท 31,Anglo Singapore International School Sukumvit 31,กรุงเทพมหานคร,วัฒนา,คลองตันเหนือ,"108/2, 108/3 ซอย สุขุมวิท 31 ถนน สุขุมวิท แขวงคลองตันเหนือ เขตวัฒนา กรุงเทพมหานคร 10110",https://www.anglosingapore.ac.th,Live Domain Match & Verification,,,,,,13.7449467,100.57065160000002,https://school.opec.go.th/school/1110700015,"['ก่อนอนุบาล', 'อนุบาล', 'ประถมศึกษา']",ก่อนอนุบาล - ประถมศึกษา,356,80,['หลักสูตรของสาธารณรัฐสิงคโปร์'],,นางนฤมล เจริญเดช,นางนฤมล เจริญเดช,ไม่รับเงินอุดหนุน,,,,,,,,https://pedb.opec.go.th/web/SchoolPdc.htm?mode=showPicture&t=1&id=1861,,,,
14,1110700016,อนุบาลนานาชาติคิดส์ คิงดอม,Kids Kingdom International Kindergarten School,กรุงเทพมหานคร,วัฒนา,คลองตันเหนือ,22และ22/1 ซอย สุขุมวิท 47 ถนน สุขุมวิท แขวงคลองตันเหนือ เขตวัฒนา กรุงเทพมหานคร 10110,https://kidskingdom.ac.th,OPEC Profile,https://kidskingdom.ac.th/,https://www.facebook.com/KidsKingdomBangkok/,022587242,0818367114,,13.7373724,100.5494486,https://school.opec.go.th/school/1110700016,['อนุบาล'],อนุบาล - อนุบาล,29,13,['International Preschool Curriculum (IPC)'],,นางภาวินี  อินกอ,นางสาวสุรัญจนี  สัจจเทพ,ไม่รับเงินอุดหนุน,"โรงเรียนอนุบาลนานาชาติคิดส์ คิงดอม ใช้หลักสูตร International Preschool Curriculum (IPC) ในการจัดการเรียนการสอนระดับก่อนประถมศึกษา สำหรับเด็กอายุ 3 ปี ถึง 6 ปี โดยมุ่งเน้นให้นักเรียนมีความรักในการเรียนรู้ผ่านการอบรมเลี้ยงดูและการส่งเสริมกระบวนการเรียนรู้ที่มีคุณภาพและเหมาะสมกับพัฒนาการทั้งด้านร่างกาย อารมณ์ สังคม และสติปัญญา โดยครูที่ผ่านการพัฒนาวิชาชีพโดยตรง มีคุณสมบัติที่เหมาะสมในการสนับสนุนการเรียนรู้ เรียนรู้ไปพร้อมกับเด็ก ส่งเสริมการพัฒนาทักษะในการดำเนินชีวิต จัดบรรยากาศภายในโรงเรียนและห้องเรียนที่มีความอบอุ่นและความเอื้ออาทร จัดสิ่งแวดล้อมที่เอื้อต่อการเรียนรู้จัดเตรียมสื่อและแหล่งเรียนรู้ที่หลากหลายโดยคำนึงถึงความปลอดภัยเป็นสำคัญ คงไว้ซึ่งการอนุรักษ์วัฒนธรรมและความเป็นไทย และพัฒนาศักยภาพของเด็กให้ปรากฏชัดเจนยิ่งขึ้น เพื่อนักเรียนเป็นผู้เรียนรู้ตลอดชีวิตที่มีความสุข และมีจิตใจที่ดี
งาม",เน้นให้นักเรียนมีพัฒนาการตามวัย ทั้งด้านร่างกายจิตใจ อารมณ์และสังคมอย่าง เต็มศักยภาพ เข้าใจธรรมชาติและสิ่งแวดล้อมรอบตัว และอยู่ในสังคมได้อย่างมี ความสุข ตลอดจนมีความรู้ ความเข้าใจในเนื้อหาทักษะตามรายวิชา และสามารถใช้ภาษาอังกฤษได้ตามเกณฑ์อย่างถูกต้อง,,,การสอนแบบเล่นปนเรียน (Playing and Learning) เน้นให้เด็กกล้าแสดงออก มีความเป็นผู้นำและผู้ตามที่ดี และสามา รถดำรงชีวิตในสังคมได้อย่างมีความสุข,เล่นและเรียนอย่างสร้างสรรค์,,https://pedb.opec.go.th/web/SchoolPdc.htm?mode=showPicture&t=1&id=1863,,https://www.instagram.com/kidskingdombangkok/,,
15,1110700017,อนุบาลนานาชาติ คินเดอร์แบร์ อคาเดมี,Kinder Bear Academy International Preschool,กรุงเทพมหานคร,บึงกุ่ม,นวลจันทร์,159 ซอยนวลจันทร์ 36 ถนน นวลจันทร์ แขวงนวลจันทร์ เขตบึงกุ่ม กรุงเทพมหานคร 10230,https://www.kinderschool.com,Live Domain Match & Verification,,,,,,13.8291415,100.64675149999994,https://school.opec.go.th/school/1110700017,"['ก่อนอนุบาล', 'อนุบาล']",ก่อนอนุบาล - อนุบาล,34,8,['Early Years Development Framework'],นางเขมณฐา ลดาวัลย์,นางนันทพร  นามแสง,นางเขมณฐา  ลดาวัลย์,ไม่รับเงินอุดหนุน,,,,,,,,https://pedb.opec.go.th/web/SchoolPdc.htm?mode=showPicture&t=1&id=1864,,,,
16,1110700018,อนุบาลนานาชาติคิดส์วิลเลจ,KIDZ VILLAGE INTERNATIONAL KINDERGARTEN,กรุงเทพมหานคร,ทวีวัฒนา,ศาลาธรรมสพน์,500 ซอย ศาลาธรรมสพน์ 11 ถนน ศาลาธรรมสพน์ แขวงศาลาธรรมสพน์ เขตทวีวัฒนา กรุงเทพมหานคร 10170,https://kidz-village.ac.th,OPEC Profile,https://kidz-village.ac.th/,,028883336,0909753007,,13.7935544,100.38474910000002,https://school.opec.go.th/school/1110700018,"['ก่อนอนุบาล', 'อนุบาล']",ก่อนอนุบาล - อนุบาล,2,10,['British Curriculum'],นางสาวนันทพร เลิศประเสริฐคง,นายมูฮัมหมัด  มะลี,นางสาวนันทพร  เลิประเสริฐคง,ไม่รับเงินอุดหนุน,"โรงเรียนอนุบาลนานาชาติKidz Village ถูกก่อตั้งในพื้นที่ที่มีสภาพแวดล้อมทางธรรมชาติที่ทางกลุ่มผู้อํานวยการและคณะครูผู้สอนเล็งเห็นว่า ธรรมชาติมีความสําคัญต่อพัฒนาการการเรียนรู้ของเด็กในทุกๆด้าน ทั้งด้านสติปัญญา อารมณ์สังคม ร่างกาย ร่วมถึงจิตวิญญาณ” (Kellert, 2005) โดยทางคณะผู้จัดตั้งได้นําสถาปัตยกรรมไทยดั้งเดิม ที่เป็นลักษณะของโครงสร้างเพดานสูงมาออกแบบให้เป็นห้องเรียน ที่มีประตูเปิดเต็มผนังเพื่อให้อากาศถ่ายเท พร้อมทั้งสภาพแวดล้อมที่อุดมสมบูรณ์ของโรงเรียน ที่ครอบคลุมด้วยต้นไม้น้อยใหญ่คลองธรรมชาติสวน และ สนามเด็กเล่นที่กว้างขวาง และ สรรพสัตว์ที่สามารถขยายการเรียนรู้ของพวกเขาในสภาพแวดล้อมที่หลากหลายโดยใช้ทักษะและความรู้ในบริบทที่หลากหลาย ตลอดระยะเวลานับตั้งแต่ก่อตั้ง",โรงเรียนอนุบาลนานาชาติคิดส์วิลเลจ มุ่งส่งเสริมเรื่องพัฒนาการทางด้านอารมณ์ ด้านร่างกาย และการเข้าร่วมสังคมของเด็กๆ เพื่อให้พวกเขากลายเป็นพลเมืองดีและอยู่ร่วมกับเพื่อน ร่วมถึงผู้ใหญ่ในสังคมได้อย่างสบายใจและให้ความเคารพต่อผู้อื่นด้วย,โรงเรียนอนุบาลนานาชาติคิดส์วิลเลจ เล็งเห็นว่า การเรียนรู้จากการมีสภาพแวดล้อมตามธรรมชาติ จะสามารถกระตุ้นเด็กๆทุกคนด้วยกิจกรรมที่ส่งเสริมความคิดสร้างสรรค์และจินตนาการของพวกเขา,Happy learning in a natural environment  Supporting children to become lifelong learners,Kidz Village มอบหลักสูตรการเรียนรู้และการสอนที่ไม่เหมือนใคร โดยนำพื้นที่การเรียนรู้กลางแจ้งขนาดใหญ่ของโรงเรียน (พื้นที่ฟาร์ม สวน ทรายและน้ำ) เข้ามาในชีวิตประจำวัน นักเรียนจะได้รับคำแนะนำให้เรียนรู้และอยู่ร่วมกันอย่างปลอดภัยในธรรมชาติ โดยคำนึงถึงการดู,Kidz village คือ community ที่ให้สมาชิก เจ้าหน้าที่ นักเรียน และผู้ปกครอง รู้สึกถึงการต้อนรับอย่างอบอุ่น และเป็นที่พอใจ Community ของเรามีเป้าหมายร่วมกันในการจัดหาหลักสูตรการเรียนรู้ตั้งแต่เริ่มต้นที่ดีที่สุดสำหรับนักเรียนของเรา,"โรงเรียนอนุบาลนานาชาติ,หลักสูตรBritishcurriculum,โรงเรียนอนุบาล,โรงเรียนนานาชาติ,เตรียมอนุบาล,อนุบาลนานาชาติ,อนุบาลพุทธมณฑลสาย2,นานาชาติแถวพุทธมณฑลสาย2,internationalschool,Kindergarten,Learningcentre,Nursery,หลักสูตรนานาชาติ",https://pedb.opec.go.th/web/SchoolPdc.htm?mode=showPicture&t=1&id=1989,,,,https://www.youtube.com/@kidzvillageinternational
17,1110700019,นานาชาตินีวาอเมริกัน,NIVA AMERICAN INTERNATIONAL SCHOOL,กรุงเทพมหานคร,บางกะปิ,คลองจั่น,2537 ลาดพร้าว 101 ถนน ลาดพร้าว แขวงคลองจั่น เขตบางกะปิ กรุงเทพมหานคร 10240,https://www.niva.ac.th,Live Domain Match & Verification,,,,,,13.802777,100.6294438,https://school.opec.go.th/school/1110700019,"['อนุบาล', 'ประถมศึกษา', 'มัธยมศึกษาตอนต้น', 'มัธยมศึกษาตอนปลาย']",อนุบาล - มัธยมศึกษาตอนปลาย,365,27,"['หลักสูตรของประเทศสหรัฐอเมริกา จากมลรัฐมิสซิสซิปปี้', 'หลักสูตรของประเทศสหรัฐอเมริกา จากมลรัฐมิสซิสซิปปี']",,นางจิราวรรณ  จันทร์ปรียากุล,นายนาธานนนท์  ไชยสุริยันธารณ์,ไม่รับเงินอุดหนุน,,,,,,,,https://pedb.opec.go.th/web/SchoolPdc.htm?mode=showPicture&t=1&id=2008,,,,
18,1110700020,นานาชาติแอ๊ดเวนต์รามคำแหง,RAMKHUMHAENG ADVENT INTERNATIONAL SCHOOL,กรุงเทพมหานคร,บางกะปิ,หัวหมาก,1 ซอย รามคำแหง 119 ถนน รามคำแหง แขวงหัวหมาก เขตบางกะปิ กรุงเทพมหานคร 10240,https://www.rais.ac.th,OPEC Profile,https://www.rais.ac.th,https://www.facebook.com/rais1999,023700316,0877165777,,13.7684494,100.65838689999998,https://school.opec.go.th/school/1110700020,"['อนุบาล', 'ประถมศึกษา', 'มัธยมศึกษาตอนต้น', 'มัธยมศึกษาตอนปลาย']",อนุบาล - มัธยมศึกษาตอนปลาย,944,53,"['Common Core States Standards and New Generation Science Standrads', 'North American Division Curriculum']",นางสาวเพียงพิศ โพธิจันทร์,นางนุจรินทร์  ศรีกุเรชา,นางสาวทิพยาภรณ์  มาเสริฐศรี,ไม่รับเงินอุดหนุน,,,,,,,,https://pedb.opec.go.th/web/SchoolPdc.htm?mode=showPicture&t=1&id=2009,@rais,https://www.instagram.com/rais_official/?hl=en,https://www.tiktok.com/@rais.school,https://www.youtube.com/@rais.school
19,1110700021,นานาชาติเทร็ลล์,TRAILL INTERNATIONAL SCHOOL,กรุงเทพมหานคร,บางกะปิ,หัวหมาก,36 ซอยรามคำแหง 18 ถนน รามคำแหง แขวงหัวหมาก เขตบางกะปิ กรุงเทพมหานคร 10240,https://www.tis.ac.th,Live Domain Match & Verification,,,,,,13.7444611,100.57192150000003,https://school.opec.go.th/school/1110700021,"['อนุบาล', 'ประถมศึกษา', 'มัธยมศึกษาตอนต้น', 'มัธยมศึกษาตอนปลาย']",อนุบาล - มัธยมศึกษาตอนปลาย,423,64,['High School Diploma / อังกฤษ (สหราชอาณาจักร)'],นางสาวนฤมล เกษมราธิกุล,นางสุวารี  วัตยา,นายเฉลิม  เทร็ลล์,ไม่รับเงินอุดหนุน,,,,,,,,https://pedb.opec.go.th/web/SchoolPdc.htm?mode=showPicture&t=1&id=2010,,,,
20,1110700022,อาร์ ซี อินเตอร์เนชั่นแนล สคูล,RC INTERNATIONAL SCHOOL,กรุงเทพมหานคร,ปทุมวัน,ลุมพินี,25/3-4 ซอยร่วมฤดี 1 ถนน เพลินจิต แขวงลุมพินี เขตปทุมวัน กรุงเทพมหานคร 10330,https://www.rcis.ac.th,Live Domain Match & Verification,,,,,,13.7393448,100.55042520000006,https://school.opec.go.th/school/1110700022,"['อนุบาล', 'ประถมศึกษา']",อนุบาล - ประถมศึกษา,148,24,"['Cambridge International Curriculum', 'สหราชอาณาจักร หลักสูตร IB']",นางจุฑามาศ  ภัทรมาลัย,นายกิตติเทพ  พงษ์ชัยโชค,นางธัญทิพย์  อภิชัยโชติรัตน์,ไม่รับเงินอุดหนุน,,,,,,,,https://pedb.opec.go.th/web/SchoolPdc.htm?mode=showPicture&t=1&id=2011,,,,
21,1110700023,อนุบาลนานาชาติมัลเบอรี่เฮ้าส์,MULBERRYHOUSE INTERNATIONAL PRE-SCHOOL,กรุงเทพมหานคร,ปทุมวัน,ลุมพินี,7 ซอย ซอยต้นสน ถนน เพลินจิต แขวงลุมพินี เขตปทุมวัน กรุงเทพมหานคร 10330,https://www.mulberryhousepreschool.com,Live Domain Match & Verification,,,,,,13.7425493,100.54555929999992,https://school.opec.go.th/school/1110700023,['อนุบาล'],อนุบาล - อนุบาล,8,5,['Early Years Foundation Stage (EYFS)'],,,,ไม่รับเงินอุดหนุน,,,,,,,,https://pedb.opec.go.th/web/SchoolPdc.htm?mode=showPicture&t=1&id=2012,,,,
22,1110700024,ร่วมฤดีวิเทศศึกษา,RUAMRUDEE INTERNATIONAL SCHOOL,กรุงเทพมหานคร,มีนบุรี,มีนบุรี,6 ซอย รามคำแหง 184 ถนน รามคำแหง แขวงมีนบุรี เขตมีนบุรี กรุงเทพมหานคร 10510,https://www.rism.ac.th,Live Domain Match & Verification,,,,,,13.7388327,100.54866719999995,https://school.opec.go.th/school/1110700024,"['ก่อนอนุบาล', 'อนุบาล', 'ประถมศึกษา', 'มัธยมศึกษาตอนต้น', 'มัธยมศึกษาตอนปลาย']",ก่อนอนุบาล - มัธยมศึกษาตอนปลาย,1106,165,"['หลักสูตร AP', 'หลักสูตร IB Diploma', 'หลักสูตร International Baccalaureate (IB)', 'หลักสูตรภาษาเยอรมัน', 'หลักสูตรสหรัฐอเมริกัน', 'American Education Reaches Out (AERO)']",นายธนู  กระทอง,นายจิตตพล ปลั่งกลาง,นายปิยะพงศ์  ศิริวิริยานันท์,ไม่รับเงินอุดหนุน,,,,,,,,https://pedb.opec.go.th/web/SchoolPdc.htm?mode=showPicture&t=1&id=2013,,,,
23,1110700025,ประถมนานาชาติบรอมส์โกรฟ,BROMSGROVE INTERNATIONAL PRIMARY SCHOOL,กรุงเทพมหานคร,มีนบุรี,มีนบุรี,344  รามคำแหง 164 ถนน สุขาภิบาล 3 แขวงมีนบุรี เขตมีนบุรี กรุงเทพมหานคร 10510,https://www.bromsgrove.ac.th,Live Domain Match & Verification,,,,,,13.8187801,100.7973283,https://school.opec.go.th/school/1110700025,"['อนุบาล', 'ประถมศึกษา']",อนุบาล - ประถมศึกษา,95,7,['Early Years Foundation Stage (EYFS) children aged 2-5 years and English National Curriculum (ENC) fo'],นางสาววิชชุพร สืบสุข,,นางสาวดวงรัตน์   อุฬารกุล,ไม่รับเงินอุดหนุน,,,,,,,,https://pedb.opec.go.th/web/SchoolPdc.htm?mode=showPicture&t=1&id=2015,,,,
24,1110700026,นานาชาติฮาร์โรว์ กรุงเทพฯ,HARROW INTERNATIONAL SCHOOL,กรุงเทพมหานคร,ดอนเมือง,ดอนเมือง,45 ซอย ซอยโกสุมร่วมใจ 14 ถนน โกสุมร่วมใจ แขวงดอนเมือง เขตดอนเมือง กรุงเทพมหานคร 10210,https://www.harrowschool.ac.th,Live Domain Match & Verification,,,,,,13.9062072,100.58388360000004,https://school.opec.go.th/school/1110700026,"['ก่อนอนุบาล', 'อนุบาล', 'ประถมศึกษา', 'มัธยมศึกษาตอนต้น', 'มัธยมศึกษาตอนปลาย']",ก่อนอนุบาล - มัธยมศึกษาตอนปลาย,1647,290,"['The Early Years Foundation Stage (EYFS)', 'หลักสูตรแห่งชาติของสหราชอาณาจักรและเวลส์']",,นางสาวขนิษฐา พระวิเชนทร์,นางสาวขนิษฐา  พระวิเชนทร์,ไม่รับเงินอุดหนุน,,,,,,,,https://pedb.opec.go.th/web/SchoolPdc.htm?mode=showPicture&t=1&id=2016,,,,
25,1110700027,นานาชาติการ์เด้น กรุงเทพฯ,"GARDEN INTERNATIONAL SCHOOL, BANGKOK",กรุงเทพมหานคร,ยานนาวา,ช่องนนทรี,2/1-2/2 ซอย เย็นอากาศ 2 แขวงช่องนนทรี เขตยานนาวา กรุงเทพมหานคร 10120,https://www.gardenpreschool.com,Live Domain Match & Verification,,,,,,13.7146279,100.54620239999997,https://school.opec.go.th/school/1110700027,"['อนุบาล', 'ประถมศึกษา', 'มัธยมศึกษาตอนต้น', 'มัธยมศึกษาตอนปลาย']",อนุบาล - มัธยมศึกษาตอนปลาย,433,59,['Curriculum in England'],,นางสาวพุทธสุข ภูอ่อนศรี,นางสาวจุฑารัตน์ ดอกจันกลาง,ไม่รับเงินอุดหนุน,,,,,,,,https://pedb.opec.go.th/web/SchoolPdc.htm?mode=showPicture&t=1&id=2017,,,,
26,1110700028,อาร์บิสนานาชาติ,RBIS INTERNATIONAL SCHOOL,กรุงเทพมหานคร,พญาไท,สามเสนใน,48/2 ซอยราชวิถี 2 ถนน ราชวิถี แขวงสามเสนใน เขตพญาไท กรุงเทพมหานคร 10400,https://rbis.ac.th,Live Domain Match & Verification,,,,,,13.766279,100.54513099999997,https://school.opec.go.th/school/1110700028,"['อนุบาล', 'ประถมศึกษา', 'มัธยมศึกษาตอนต้น', 'มัธยมศึกษาตอนปลาย']",อนุบาล - มัธยมศึกษาตอนปลาย,91,7,"['หลักสูตรเวลส์', 'หลักสูตรสหราชอาณาจักร', 'International General Certificate of Secondary Education (IGCSE)(KS4)']",นางรัศมี  กลีบบัว,,นางสาวอาวีนันท์  กลีบบัว,ไม่รับเงินอุดหนุน,,,,,,,,https://pedb.opec.go.th/web/SchoolPdc.htm?mode=showPicture&t=1&id=2018,,,,
27,1110700029,อนุบาลนานาชาติบลูมมิ่ง บัดส์,BLOOMING BUDS INTERNATIONAL KINDERGARTEN,กรุงเทพมหานคร,บางกอกใหญ่,วัดท่าพระ,194/5  ซอยวัดใหม่พิเรนทร์ ซอย ซอยวัดใหม่พิเรนทร์ ถนน จรัญสนิทวงศ์ 12 แขวงวัดท่าพระ เขตบางกอกใหญ่ กรุงเทพมหานคร 10600,https://bbik.ac.th,Live Domain Match & Verification,,,,,,13.7421116,100.47263040000007,https://school.opec.go.th/school/1110700029,['อนุบาล'],อนุบาล - อนุบาล,50,8,['หลักสูตรจากโรงเรียนซิลเวอร์ไลน์ ประเทศสาธารณรัฐอินเดีย'],นางสาวหทัยภัทร คำน้ำแดง,นางสาวทัศนี  เกิดเนียม,นางสาวทัศนี  เกิดเนียม,ไม่รับเงินอุดหนุน,,,,,,,,https://pedb.opec.go.th/web/SchoolPdc.htm?mode=showPicture&t=1&id=2019,,,,
28,1110700030,สมาคมไทย-ญี่ปุ่น,THAI-JAPANESE ASSOCIATION SCHOOL,กรุงเทพมหานคร,ห้วยขวาง,บางกะปิ,258 ซอย 17 ถนน พระราม 9 แขวงบางกะปิ เขตห้วยขวาง กรุงเทพมหานคร 10310,https://www.tjas.ac.th,Live Domain Match & Verification,,,,,,13.7351912,100.56511639999997,https://school.opec.go.th/school/1110700030,"['ประถมศึกษา', 'มัธยมศึกษาตอนต้น']",ประถมศึกษา - มัธยมศึกษาตอนต้น,1928,179,['หลักสูตรแกนกลาง ประเทศญี่ปุ่น'],นางสาวอรสุม  ตรีอมรเลิศ,นางสาวอรสุม  ตรีอมรเลิศ,นางสาวอรสุม  ตรีอมรเลิศ,ไม่รับเงินอุดหนุน,,,,,,,,https://pedb.opec.go.th/web/SchoolPdc.htm?mode=showPicture&t=1&id=2020,,,,
29,1110700031,นานาชาติเคไอเอส,KIS INTERNATIONAL SCHOOL,กรุงเทพมหานคร,ห้วยขวาง,สามเสนนอก,999/123-124 ถนน ประชาอุทิศ แขวงสามเสนนอก เขตห้วยขวาง กรุงเทพมหานคร 10310,https://kis.ac.th,Live Domain Match & Verification,,,,,,13.7712752,100.58923600000003,https://school.opec.go.th/school/1110700031,"['ก่อนอนุบาล', 'อนุบาล', 'ประถมศึกษา', 'มัธยมศึกษาตอนต้น', 'มัธยมศึกษาตอนปลาย']",ก่อนอนุบาล - มัธยมศึกษาตอนปลาย,816,98,"['หลักสูตร International Baccalaureate (IB)', 'British Early Years Foundation Stage (EYFS)', 'International Baccalaureate (IB)', 'International Baccalaureate Career-related Programme (IB-CP)', 'หลักสูตรมัธยมศึกษาตอนปลาย']",,,นายพริษฐ์ รักตพงศ์ไพศาล,ไม่รับเงินอุดหนุน,,,,,,,,https://pedb.opec.go.th/web/SchoolPdc.htm?mode=showPicture&t=1&id=2021,,,,
30,1110700032,นานาชาติเดอะรีเจ้นท์-กรุงเทพ,The Regent's International School-Bangkok,กรุงเทพมหานคร,ห้วยขวาง,ห้วยขวาง,62 ถนน ประชาอุทิศ แขวงห้วยขวาง เขตห้วยขวาง กรุงเทพมหานคร 10310,https://regents.ac.th,Live Domain Match & Verification,,,,,,13.768031,100.59623069999998,https://school.opec.go.th/school/1110700032,"['อนุบาล', 'ประถมศึกษา', 'มัธยมศึกษาตอนต้น', 'มัธยมศึกษาตอนปลาย']",อนุบาล - มัธยมศึกษาตอนปลาย,0,8,"['หลักสูตร High School Diploma', 'High school Diploma Curriculum']",นางกานดา ดีสุขจิตร,,น.ส.ขวัญชนก  เตชะวิจิตร์,ไม่รับเงินอุดหนุน,,,,,,,,https://pedb.opec.go.th/web/SchoolPdc.htm?mode=showPicture&t=1&id=2022,,,,
31,1110700033,อนุบาลนานาชาติเพรพ,PREP INTERNATIONAL KINDERGARTEN,กรุงเทพมหานคร,ห้วยขวาง,สามเสนนอก,78  ซอยสองสกุล ถนน สุทธิสารวินิฉัย แขวงสามเสนนอก เขตห้วยขวาง กรุงเทพมหานคร 10310,https://www.prep.ac.th,OPEC Profile,https://www.prep.ac.th,https://www.facebook.com/PrepInternationalKindergarten,022747426,0863171960,,13.789439,100.58428400000003,https://school.opec.go.th/school/1110700033,['อนุบาล'],อนุบาล - อนุบาล,27,7,['Early Year Foundation Stage and Montessori'],นางประชุมพร  สุวรรณตรา,นางสาวอาภรณ์รัตน์ เจนจรัสสกุล,นางมณีอร  เจนจรัสสกุล,ไม่รับเงินอุดหนุน,อนุบาลนานาชาติเพรพใช้หลักสูตรการเรียนการสอบแบบ Early Years Foundation Stage (EYFS) ของประเทศอังกฤษ โดยใช้ปรัชญา กระบวนการเรียนการสอน และสื่อการสอน ในแบบมอนเตสซอรี่ (Montessori) ซึ่งเป็นการเรียนรู้ผ่านเครื่องมือที่ออกแบบมาเฉพาะ เพื่อเสริมสร้างพัฒนาการในด้านต่าง ๆ อาทิ เช่น ด้านเชาว์ปัญญา คณิตศาสตร์ ภาษา กล้ามเนื้อมัดเล็กและมัดใหญ่ ประสาทสัมผัสทั้ง 5 การช่วยเหลือตัวเองในใช้ชีวิตประจำวันให้เหมาะสมตามวัย โดยการเรียนรู้แบบมอนเตสซอรี่นั้นจะช่วยทำให้นักเรียนมีสมาธิจดจ่อกับการเล่นและกิจกรรมที่อยู่ตรงหน้า ซึ่งส่งเสริมให้เขามีสมาธิต่อการเรียนรู้ในภายหน้าได้ดียิ่งขึ้น,,,,,,"Play is the Language of Kids.,Montessori ,EYFS",https://pedb.opec.go.th/web/SchoolPdc.htm?mode=showPicture&t=1&id=2023,,https://www.instagram.com/prep_montessori/,,
32,1110700034,นานาชาติอินเตอร์เนชั่นแนลไพโอเนียร์ส,INTERNATIONAL PIONEERS SCHOOL,กรุงเทพมหานคร,คลองสาน,คลองต้นไทร,20 ซอยเจริญนคร 14 ถนน เจริญนคร แขวงคลองต้นไทร เขตคลองสาน กรุงเทพมหานคร 10600,https://ips.ac.th,OPEC Profile,https://www.ips.ac.th/,https://www.facebook.com/ipsthailand,028623030,,,13.7223606,100.50111100000004,https://school.opec.go.th/school/1110700034,"['อนุบาล', 'ประถมศึกษา', 'มัธยมศึกษาตอนต้น', 'มัธยมศึกษาตอนปลาย']",อนุบาล - มัธยมศึกษาตอนปลาย,836,106,"['หลักสูตรสหราชอาณาจักร', 'Cambridge A level และ Pearson Edexcel', 'High School Diploma / อังกฤษ (สหราชอาณาจักร)']",,นางอัลกา ปานเดย์,Mr. Suryansh  Pandey,ไม่รับเงินอุดหนุน,,To empower every child holistically to be a competitive global citizen who endeavours to build a sustainable world.,"The school’s mission is to encourage and inspire all children in our care to become internationally minded, pioneering scholars, to launch themselves on a journey of discovery, into their own being and the universe they are a part of, thus raising se",,,,,https://pedb.opec.go.th/web/SchoolPdc.htm?mode=showPicture&t=1&id=2024,,ipsthailand,,
33,1110700035,อนุบาลนานาชาติ มอนเตสเซอรี่,INTERNATIONAL MONTESCSRI CENTER,กรุงเทพมหานคร,สะพานสูง,สะพานสูง,251/183 ซ.58 ม.บ้านสัมมากร ถนน สุขาภิบาล 3 แขวงสะพานสูง เขตสะพานสูง กรุงเทพมหานคร 10240,https://www.imc.ac.th,Live Domain Match & Verification,,,,,,13.7535597,100.67614070000002,https://school.opec.go.th/school/1110700035,['อนุบาล'],อนุบาล - อนุบาล,1,14,[],นางสาวอริสรา  อาลี,นางสาวตรารุณี  พาชื่น,นางสาวอริสรา  อาลี,ไม่รับเงินอุดหนุน,,,,,,,,https://pedb.opec.go.th/web/SchoolPdc.htm?mode=showPicture&t=1&id=2025,,,,
34,1110700037,ประชาคมนานาชาติ,INTERNATIONAL COMMUNITY SCHOOL,กรุงเทพมหานคร,บางนา,บางนาเหนือ,1225 ถนน เดอะพาร์คแลนด์ แขวงบางนาเหนือ เขตบางนา กรุงเทพมหานคร 10260,https://www.ics.ac.th,Live Domain Match & Verification,,,,,,13.6674752,100.65205719999994,https://school.opec.go.th/school/1110700037,"['อนุบาล', 'ประถมศึกษา', 'มัธยมศึกษาตอนต้น', 'มัธยมศึกษาตอนปลาย']",อนุบาล - มัธยมศึกษาตอนปลาย,1228,171,"['หลักสูตรที่ โรงเรียนสร้างขึ้นเอง เป็นระบบการศึกษาประเทศสหรัฐอเมริกา', 'American Curriculum']",นายชาญ โชตินันทเศรษฐ์,นางอังสนา  กิ่งหิรัญวัฒนา,นางอังสนา  กิ่งหิรัญวัฒนา,ไม่รับเงินอุดหนุน,,,,,,,,https://pedb.opec.go.th/web/SchoolPdc.htm?mode=showPicture&t=1&id=2027,,,,
35,1110700039,นานาชาติ ไบรท์ตัน คอลเลจ กรุงเทพ วิภาวดี,Brighton College International School Bangkok Vibhavadi,กรุงเทพมหานคร,จตุจักร,ลาดยาว,107 ถนน วิภาวดีรังสิต แขวงลาดยาว เขตจตุจักร กรุงเทพมหานคร 10900,https://brightoncollege.ac.th/vibhavadi,OPEC Profile,https://www.brightoncollegevibha.ac.th/,https://brightoncollegebangkok.com/vibhavadi,025130270,0846760616,,13.8347636,100.55801730000007,https://school.opec.go.th/school/1110700039,"['ก่อนอนุบาล', 'อนุบาล', 'ประถมศึกษา', 'มัธยมศึกษาตอนต้น', 'มัธยมศึกษาตอนปลาย']",ก่อนอนุบาล - มัธยมศึกษาตอนปลาย,535,72,"['หลักสูตร High School Diploma', 'หลักสูตรวิชา ภาษาไทย วัฒนธรรมไทยและประวัติศาสตร์ไทย', 'หลักสูตรสหราชอาณาจักร', 'National Curriculum of England, IPC, IMYC, IGCSE A level']",นางสาวพนิดา  ภัทรพิเศาพงศ์,นางสาวอารยา  ทวิชศรี,นางสุพัตรา  อังควินิจวงศ์,ไม่รับเงินอุดหนุน,,,,,,,,https://pedb.opec.go.th/web/SchoolPdc.htm?mode=showPicture&t=1&id=2029,,,,
36,1110700040,นานาชาติโชรส์เบอรี กรุงเทพ,SHREWSBURY INTERNATIONAL SCHOOL BANGKOK,กรุงเทพมหานคร,บางคอแหลม,วัดพระยาไกร,1922 ถนน เจริญกรุง แขวงวัดพระยาไกร เขตบางคอแหลม กรุงเทพมหานคร 10120,https://sisb.ac.th,Live Domain Match & Verification,,,,,,13.7100331,100.5092118,https://school.opec.go.th/school/1110700040,"['อนุบาล', 'ประถมศึกษา', 'มัธยมศึกษาตอนต้น', 'มัธยมศึกษาตอนปลาย']",อนุบาล - มัธยมศึกษาตอนปลาย,1853,335,['หลักสูตรสหราชอาณาจักร'],ดร.จิรยุทธ์ มหัทธนกุล,นางปิยนุช  ทองทั่ว,นายจิรยุทธ์  มหัทธนกุล,ไม่รับเงินอุดหนุน,,,,,,,,https://pedb.opec.go.th/web/SchoolPdc.htm?mode=showPicture&t=1&id=2030,,,,
37,1110700041,นานาชาติคินเคด กรุงเทพ,KINCAID INTERNATIONAL SCHOOL OF BANGKOK,กรุงเทพมหานคร,ประเวศ,ประเวศ,205/73-74 ซอยผาสุกสันติ 3 ถนน พัฒนาการ 69 แขวงประเวศ เขตประเวศ กรุงเทพมหานคร 10250,https://www.kincaidschool.com,Live Domain Match & Verification,,,,,,13.7232957,100.66059670000004,https://school.opec.go.th/school/1110700041,"['อนุบาล', 'ประถมศึกษา', 'มัธยมศึกษาตอนต้น', 'มัธยมศึกษาตอนปลาย']",อนุบาล - มัธยมศึกษาตอนปลาย,380,48,"['หลักสูตรแคลิฟอร์เนีย', 'หลักสูตรสหรัฐอเมริกัน', 'California Department of Education CDE']",นางสาวไมตรี  คงนุกูล,นางชฎาทิพย์  ศรีภิรมย์มิตร,นางไมตรี  คงนุกูล,ไม่รับเงินอุดหนุน,,,,,,,,https://pedb.opec.go.th/web/SchoolPdc.htm?mode=showPicture&t=1&id=2031,,,,
38,1110700042,อนุบาลนานาชาติตะลันต์,TALENTS INTERNATIONAL PRE-SCHOOL,กรุงเทพมหานคร,ประเวศ,ประเวศ,201/32  ซอย 76 ถนน พัฒนาการ แขวงประเวศ เขตประเวศ กรุงเทพมหานคร 10250,https://bestweb.com,Live Domain Match & Verification,,,,,,13.720146535765,100.660870606387,https://school.opec.go.th/school/1110700042,['อนุบาล'],อนุบาล - อนุบาล,10,11,"[""A Child's World""]",นายตระการ  เชนศรี,นายตระการ  เขนศรี,นางแอน  เชนศรี,ไม่รับเงินอุดหนุน,,,,,,,,https://pedb.opec.go.th/web/SchoolPdc.htm?mode=showPicture&t=1&id=2032,,,,
39,1110700043,อนุบาลนานาชาติโคบาโตะ,KOBATO INTERNATIONAL KINDERGARTEN,กรุงเทพมหานคร,คลองเตย,คลองเตย,19 ซอย ซอยสันติสุข ถนน สุขุมวิท 38 แขวงคลองเตย เขตคลองเตย กรุงเทพมหานคร 10110,https://www.kobato.com,Live Domain Match & Verification,,,,,,13.7184484,100.57776609999996,https://school.opec.go.th/school/1110700043,['อนุบาล'],อนุบาล - อนุบาล,33,4,['ภาษาญี่ปุ่น ภาษาอังกฤษ และภาษาไทย'],นายสมชาต  โสวรรณะ,นายสมชาต  โสวรรณะ,นายสมชาต  โสวรรณะ,ไม่รับเงินอุดหนุน,,,,,,,,https://pedb.opec.go.th/web/SchoolPdc.htm?mode=showPicture&t=1&id=2033,,,,
40,1110700044,นานาชาติโมเดิร์น กรุงเทพฯ,"Modern International School, Bangkok",กรุงเทพมหานคร,วัฒนา,คลองตันเหนือ,"127,129,133 ซอย พบมิตร ถนน สุขุมวิท 39 แขวงคลองตันเหนือ เขตวัฒนา กรุงเทพมหานคร 10110",https://www.misb.ac.th,Live Domain Match & Verification,,,,,,13.7444611,100.57192150000003,https://school.opec.go.th/school/1110700044,"['อนุบาล', 'ประถมศึกษา', 'มัธยมศึกษาตอนต้น', 'มัธยมศึกษาตอนปลาย']",อนุบาล - มัธยมศึกษาตอนปลาย,299,28,"['หลักสูตรสหราชอาณาจักร', 'British National Curriculum']",นายเดชาธร  รัตนโกวิท,,นายกิตติพันธ์ ใจดี,ไม่รับเงินอุดหนุน,,,,,,,,https://pedb.opec.go.th/web/SchoolPdc.htm?mode=showPicture&t=1&id=2034,,,,
41,1110700045,นานาชาติทรีนีตี้,TRINITY INTERNATIONAL SCHOOL,กรุงเทพมหานคร,คลองเตย,คลองตัน,30 ซอย ซอยนภาศัพท์แยกที่ 2  แขวงคลองตัน เขตคลองเตย กรุงเทพมหานคร 10110,https://www.tis.ac.th,Live Domain Match & Verification,,,,,,13.722674,100.57496,https://school.opec.go.th/school/1110700045,"['อนุบาล', 'ประถมศึกษา', 'มัธยมศึกษาตอนต้น', 'มัธยมศึกษาตอนปลาย']",อนุบาล - มัธยมศึกษาตอนปลาย,375,61,"['หลักสูตรแคลิฟอร์เนีย', 'United State (Californian) Common Core']",นางวาณี  สิริวัฒนะกมล,,นายวิโรจน์ สิริวัฒนะกมล,ไม่รับเงินอุดหนุน,,,,,,,,https://pedb.opec.go.th/web/SchoolPdc.htm?mode=showPicture&t=1&id=2035,,,,
42,1110700046,อนุบาลนานาชาติเยาวรักษ์ (คิดดี้แคร์),KIDDYKARE INTERNATIONAL KINDERGARTEN,กรุงเทพมหานคร,คลองเตย,คลองตัน,59/34  ซอยสุขุมวิท 26 ซอย ท่านหญิงพวงรัตน์ประไพ ถนน สุขุมวิท 26 แขวงคลองตัน เขตคลองเตย กรุงเทพมหานคร 10110,https://kiddykare.org,Live Domain Match & Verification,,,,,,13.7241333,100.57125689999998,https://school.opec.go.th/school/1110700046,['อนุบาล'],อนุบาล - อนุบาล,4,3,['Early Years Foundation Stage (EYFS)'],นางสาวธนิศรา  ศรีศิลา,นางสาวธนิศรา  ศรีศิลา,นางสาวธนิศรา  ศรีศิลา,ไม่รับเงินอุดหนุน,,โรงเรียนอนุบาลนานาชาติเยาวรักร์(คิดดี้แคร์)เป็นโรงเรียนนานาชาติ เปิดสอนในระดับชั้นอนุบาลโดย โรงเรียนได้มุ่งเน้นการจัดการเรียนการสอนที่มีคุณภาพและได้มาตรฐานแก่เด็กทุกคน ท่ามกลางสภาพ แวดล้อมด้านการศึกษาที่เหมาะสม เด็กได้รับความรัก ความอบอุ่นการเอาใจใส่,พันธกิจ : เพื่อบรรลุวิสัยทัศน์ของโรงเรียนจึงกําหนดพันธกิจดังนี้ พันธกิจที่ 1 ประชาสัมพันธ์ และสร้างความสัมพันธ์อันดีให้เกิดขึ้นระหว่างโรงเรียน บ้าน ชุมชน พันธกิจที่ 2 จัดการบริหารให้มีระบบแผนที่มีประสิทธิภาพ พันธกิจที่ 3 พัฒนาศักยภาพของบุคลากร ครูผู้,,,ทุกนาที มีคุณภาพ,,https://pedb.opec.go.th/web/SchoolPdc.htm?mode=showPicture&t=1&id=2036,,,,
43,1110700047,อนุบาลนานาชาติเมโลดี้ส,MELODIES INTERNATIONAL KINDERGATEN,กรุงเทพมหานคร,คลองเตย,พระโขนง,55 ซอยสุขุมวิท 38 ถนน สุขุมวิท แขวงพระโขนง เขตคลองเตย กรุงเทพมหานคร 10110,https://www.melodies.ac.th,Live Domain Match & Verification,,,,,,13.7200028,100.57936110000003,https://school.opec.go.th/school/1110700047,['อนุบาล'],อนุบาล - อนุบาล,96,20,"['หลักสูตรญี่ปุ่น', 'หลักสูตรอินเตอร์']",นางนภาพร  เกิดสันเทียะ,นางนภาพร  เกิดสันเทียะ,นางนภาพร  เกิดสันเทียะ,ไม่รับเงินอุดหนุน,,,,,,,,https://pedb.opec.go.th/web/SchoolPdc.htm?mode=showPicture&t=1&id=2037,,,,
44,1110700050,นานาชาติ บี เอส บี บริติช ไพรแมรี่,BSB BRITISH INTERNATIONAL PRIMARY SCHOOL,กรุงเทพมหานคร,คลองเตย,คลองเตย,36-36/1 ซอย 4 (นานาใต้) ถนน สุขุมวิท แขวงคลองเตย เขตคลองเตย กรุงเทพมหานคร 10110,https://www.bsb.ac.th,Live Domain Match & Verification,,,,,,13.7382935,100.55308259999993,https://school.opec.go.th/school/1110700050,"['อนุบาล', 'ประถมศึกษา']",อนุบาล - ประถมศึกษา,216,33,['หลักสูตรสหราชอาณาจักร'],นางสาวพิมพ์พันธ์  จงเจียมดี,นางสาวพิมพ์พันธ์  จงเจียมดี,นางสาวพิมพ์พันธ์  จงเจียมดี,ไม่รับเงินอุดหนุน,,,,,,,,https://pedb.opec.go.th/web/SchoolPdc.htm?mode=showPicture&t=1&id=2040,,,,
45,1110700052,นานาชาติคริสเตียนกรุงเทพ,Bangkok Christian International School,กรุงเทพมหานคร,สวนหลวง,สวนหลวง,53 ถนน พัฒนาการ แขวงสวนหลวง เขตสวนหลวง กรุงเทพมหานคร 10250,https://www.christian.ac.th,Live Domain Match & Verification,,,,,,13.734138,100.63157799999999,https://school.opec.go.th/school/1110700052,"['ประถมศึกษา', 'มัธยมศึกษาตอนต้น', 'มัธยมศึกษาตอนปลาย']",ประถมศึกษา - มัธยมศึกษาตอนปลาย,409,62,"['หลักสูตรสหรัฐอเมริกัน', 'American Curriculum']",นายประสิทธิ์  มังคลา,,นายประสิทธิ์  มังคลา,ไม่รับเงินอุดหนุน,,,,,,,,https://pedb.opec.go.th/web/SchoolPdc.htm?mode=showPicture&t=1&id=2042,,,,
46,1110700053,นานาชาติเซนต์มาร์ค,ST. MARK'S INTERNATIONAL SCHOOL,กรุงเทพมหานคร,สวนหลวง,สวนหลวง,900 ถนน พระราม 9 แขวงสวนหลวง เขตสวนหลวง กรุงเทพมหานคร 10250,https://stmarks.ac.th,Live Domain Match & Verification,,,,,,13.7408145,100.6274512,https://school.opec.go.th/school/1110700053,"['อนุบาล', 'ประถมศึกษา', 'มัธยมศึกษาตอนต้น', 'มัธยมศึกษาตอนปลาย']",อนุบาล - มัธยมศึกษาตอนปลาย,12,22,['Western Australian Curriculum'],นายสวัสดีวงศ์  เรืองเมธานนท์,นายไพรัช ณ ถลาง,นายสวัสดีวงศ์  เรืองเมธานนท์,ไม่รับเงินอุดหนุน,,,,,,,,https://pedb.opec.go.th/web/SchoolPdc.htm?mode=showPicture&t=1&id=2043,,,,
47,1110700056,นานาชาตินิสท์,NIST International School,กรุงเทพมหานคร,วัฒนา,คลองเตยเหนือ,36 ซอย 15 (ร่วมใจ) ถนน สุขุมวิท แขวงคลองเตยเหนือ เขตวัฒนา กรุงเทพมหานคร 10110,https://www.nist.ac.th,Live Domain Match & Verification,,,,,,13.7476646,100.55978230000005,https://school.opec.go.th/school/1110700056,"['อนุบาล', 'ประถมศึกษา', 'มัธยมศึกษาตอนต้น', 'มัธยมศึกษาตอนปลาย']",อนุบาล - มัธยมศึกษาตอนปลาย,1567,199,"['หลักสูตร IGCSE', 'หลักสูตร International Baccalaureate (IB)', 'International Baccalaureate (IBO)']",นายมีชัย  วีระไทยยะ,นางปูนัม  สัจเดว,นายปรับชะรัน ซิงห์ ทักราล,ไม่รับเงินอุดหนุน,,,,,,,,https://pedb.opec.go.th/web/SchoolPdc.htm?mode=showPicture&t=1&id=2046,,,,
48,1110700057,นานาชาติดิเออร์ลี่เลิร์นนิ่งเซนเตอร์,THE EARLY LEARNING CENTRE INTERNATIONAL SCHOOL,กรุงเทพมหานคร,วัฒนา,คลองตันเหนือ,18 ซอยอรรคพัฒน์ ซอย อรรคพัฒน์ ถนน สุขุมวิท 49/4 แขวงคลองตันเหนือ เขตวัฒนา กรุงเทพมหานคร 10110,https://www.elc.ac.th,Live Domain Match & Verification,,,,,,13.7343735,100.57871679999994,https://school.opec.go.th/school/1110700057,"['อนุบาล', 'ประถมศึกษา']",อนุบาล - ประถมศึกษา,260,132,['Ontario Curriculum'],นางนภารัศมิ์  เลาหโชติสาร,นางขวัญเรือน เรืองฤทธิ์,นางสาวนภารัศมิ์  เลาหโชติสาร,ไม่รับเงินอุดหนุน,,,,,,,,https://pedb.opec.go.th/web/SchoolPdc.htm?mode=showPicture&t=1&id=2047,,,,
49,1110700058,นานาชาติ ฟิวเจอร์ สเต็ปส์ บางกอก,FUTURE STEPS INTERNATIONAL SCHOOL BANGKOK,กรุงเทพมหานคร,วัฒนา,คลองตันเหนือ,58/2 ซอย สุขุมวิท 31 แยก 4 ถนน สุขุมวิท แขวงคลองตันเหนือ เขตวัฒนา กรุงเทพมหานคร 10110,https://www.fsb.ac.th,Live Domain Match & Verification,,,,,,13.740795857152,100.569150038329,https://school.opec.go.th/school/1110700058,"['ก่อนอนุบาล', 'อนุบาล', 'ประถมศึกษา']",ก่อนอนุบาล - ประถมศึกษา,247,35,"['British Curriculum', 'สหราชอาณาจักร']",ม.ล.ลักษสุภา  กฤภากร,ม.ล.ลักษสุภา  กฤภากร,ม.ล.ลักษสุภา  กฤภากร,ไม่รับเงินอุดหนุน,,,,,,,,https://pedb.opec.go.th/web/SchoolPdc.htm?mode=showPicture&t=1&id=2048,,,,
50,1110700059,เอ็กซีแอล อเมริกัน สคูล ออฟ แบงค็อก,XCL American School of Bangkok,กรุงเทพมหานคร,วัฒนา,คลองตันเหนือ,15 หมู่ - ซอย สุขุมวิท 49-7 ถนน สุขุมวิท แขวงคลองตันเหนือ เขตวัฒนา กรุงเทพมหานคร 10110,https://asb.ac.th,Live Domain Match & Verification,,,,,,13.735045,100.57582209999998,https://school.opec.go.th/school/1110700059,"['อนุบาล', 'ประถมศึกษา', 'มัธยมศึกษาตอนต้น', 'มัธยมศึกษาตอนปลาย']",อนุบาล - มัธยมศึกษาตอนปลาย,578,68,"['หลักสูตรสหรัฐอเมริกัน', 'American']",,นางกล่อมจันทร์ จันทรศิริ,นางกรรณิการ์ คุ้มไพโรจน์,ไม่รับเงินอุดหนุน,,,,,,,,https://pedb.opec.go.th/web/SchoolPdc.htm?mode=showPicture&t=1&id=2049,,,,
51,1110700060,อนุบาลนานาชาตินิวแบมบิโน,NEW BAMBINO INTERNATIONAL KINDERGARTEN,กรุงเทพมหานคร,วัฒนา,คลองตันเหนือ,184/1 ซอย สุขุมวิท 49 แยก 10 ถนน สุขุมวิท แขวงคลองตันเหนือ เขตวัฒนา กรุงเทพมหานคร 10110,https://www.newbambino.ac.th,Live Domain Match & Verification,,,,,,13.7066693,100.5401779,https://school.opec.go.th/school/1110700060,['อนุบาล'],อนุบาล - อนุบาล,56,1,[],นายอะกีร่า ยังเจริญ,นายศุภวัสส์  ยังเจริญ,นายศุภวัสส์  ยังเจริญ,ไม่รับเงินอุดหนุน,,,,,,,,https://pedb.opec.go.th/web/SchoolPdc.htm?mode=showPicture&t=1&id=2050,,,,
52,1110700062,นานาชาติเวลล์ส-บางนา,Well International School - Bang Na,กรุงเทพมหานคร,ประเวศ,หนองบอน,"10,12 ซอย หัวสิงห์ (ศรีนครินทร์ 62) แขวงหนองบอน เขตประเวศ กรุงเทพมหานคร 10250",https://wells.ac.th,Live Domain Match & Verification,,,,,,13.673041,100.643102,https://school.opec.go.th/school/1110700062,"['ก่อนอนุบาล', 'อนุบาล', 'ประถมศึกษา']",ก่อนอนุบาล - ประถมศึกษา,121,32,['International Baccalaureate (IB) Primary Year Programe (PYP)'],นางรัชนี กำแพงแก้ว,นางรัชนี  กำแพงแก้ว,นาย เย่า ล่าง จาง,ไม่รับเงินอุดหนุน,,,,,,,,https://pedb.opec.go.th/web/SchoolPdc.htm?mode=showPicture&t=1&id=2052,,,,
53,1110700063,นานาชาติบางกอก พรีแพราธอรี แอนด์ เซ็กเคินเดอรี,BANGKOK INTERNATIONAL PREPARATORY AND SECONDARY SCHOOL,กรุงเทพมหานคร,วัฒนา,พระโขนงเหนือ,77 ซอย ริมคลองพระโขนง แขวงพระโขนงเหนือ เขตวัฒนา กรุงเทพมหานคร 10110,https://www.bangkokprep.ac.th,Live Domain Match & Verification,,,,,,13.7097861,100.60167679999995,https://school.opec.go.th/school/1110700063,"['ก่อนอนุบาล', 'อนุบาล', 'ประถมศึกษา', 'มัธยมศึกษาตอนต้น', 'มัธยมศึกษาตอนปลาย']",ก่อนอนุบาล - มัธยมศึกษาตอนปลาย,1755,191,"['หลักสูตรสหราชอาณาจักร', 'PEARSON BTEC International Level 3 Subsidiary Diploma', 'The English National Curriculum', 'หลักสูตรของสหราชอาณาจักร', 'หลักสูตรแห่งสหราชอาณาจักร']",,,นายสุพัฒน์ ราชกิจ,ไม่รับเงินอุดหนุน,,,,,,,,https://pedb.opec.go.th/web/SchoolPdc.htm?mode=showPicture&t=1&id=2053,,,,
54,1110700064,นานาชาติเอกมัย,EKAMAI INTERNATIONAL SCHOOL,กรุงเทพมหานคร,วัฒนา,คลองตันเหนือ,57 ซอย เจริญใจ ถนน เอกมัย แขวงคลองตันเหนือ เขตวัฒนา กรุงเทพมหานคร 10110,https://www.eis.ac.th,Live Domain Match & Verification,,,,,,13.730953,100.59232470000006,https://school.opec.go.th/school/1110700064,"['ก่อนอนุบาล', 'อนุบาล', 'ประถมศึกษา', 'มัธยมศึกษาตอนต้น', 'มัธยมศึกษาตอนปลาย']",ก่อนอนุบาล - มัธยมศึกษาตอนปลาย,1159,194,"['หลักสูตรสหรัฐอเมริกัน', 'Modified American/NAD Curriculum']",,นายจรัญ ดำรงเกียรติยศ,นางนัทธมน พันธ์ละวิน,ไม่รับเงินอุดหนุน,,,,,,,,https://pedb.opec.go.th/web/SchoolPdc.htm?mode=showPicture&t=1&id=2054,,,,
55,1110700065,นานาชาติสิงคโปร์กรุงเทพฯ,SINGAPORE INTERNATIONAL SCHOOL OF BANGKOK,กรุงเทพมหานคร,วังทองหลาง,วังทองหลาง,498/11 ซอย รามคำแหง39 (เทพลีลา 1) แขวงวังทองหลาง เขตวังทองหลาง กรุงเทพมหานคร 10310,https://sisb.ac.th,Live Domain Match & Verification,,,,,,13.7701848,100.60263880000002,https://school.opec.go.th/school/1110700065,"['ก่อนอนุบาล', 'อนุบาล', 'ประถมศึกษา', 'มัธยมศึกษาตอนต้น', 'มัธยมศึกษาตอนปลาย']",ก่อนอนุบาล - มัธยมศึกษาตอนปลาย,1331,227,"['หลักสูตร IBDP', 'หลักสูตรสหราชอาณาจักรบริเตนใหญ่และไอร์แลนเหนือ', 'หลักสูตรสิงคโปร์', 'AS/A Level', 'High school Diploma', 'IBDP', 'IGCSE', 'National Curriculum and Curriculum Planning and Development Division Ministry of Education Singapore', 'UK National Curriculum']",,,นางสาวหงส์ จางสถาพร,ไม่รับเงินอุดหนุน,,,,,,,,https://pedb.opec.go.th/web/SchoolPdc.htm?mode=showPicture&t=1&id=2055,,,,
56,1110700066,นานาชาติเซนต์แอนดรูว์สกรุงเทพฯ,St Andrews International School Bangkok,กรุงเทพมหานคร,วัฒนา,พระโขนงเหนือ,9 ซอย ปรีดีพนมยงค์ 20 (พานิชกุล) ถนน สุขุมวิท 71 แขวงพระโขนงเหนือ เขตวัฒนา กรุงเทพมหานคร 10110,https://www.nordangliaeducation.com/sta-bangkok,OPEC Profile,https://www.nordangliaeducation.com/sta-bangkok,https://www.facebook.com/standrewsbangkok/,023812387,,,13.723818269946062,100.59736131699512,https://school.opec.go.th/school/1110700066,"['ก่อนอนุบาล', 'อนุบาล', 'ประถมศึกษา', 'มัธยมศึกษาตอนต้น', 'มัธยมศึกษาตอนปลาย']",ก่อนอนุบาล - มัธยมศึกษาตอนปลาย,2089,246,"['หลักสูตร ASDAN ขององค์การ ASDAN', 'หลักสูตร International Baccalaureate (IB)', 'Early Years Foundation Stage', 'International Baccalaureate Diploma Programme (IBDP)', 'National Curriculum in England', 'St Andrews International School Bangkok Diploma', 'St Andrews International School Bangkok STARS']",นางสาวอิสรินทร์ เซ่งไพเราะ,นางศรินธร วิทยะสิรินันท์,นายศิราวุธ สุวรรณโพธิ์,ไม่รับเงินอุดหนุน,,,,,,,,https://pedb.opec.go.th/web/SchoolPdc.htm?mode=showPicture&t=1&id=2056,,https://www.instagram.com/standrewsbangkok/,,https://www.youtube.com/c/StAndrewsInternationalSchoolBangkok
57,1110700067,อนุบาลนานาชาติสบายใจ,SABAI-JAI INTERNATIONAL SCHOOL,กรุงเทพมหานคร,สะพานสูง,สะพานสูง,237 ถนน รามคำแหง แขวงสะพานสูง เขตสะพานสูง กรุงเทพมหานคร 10240,https://www.sabaijai.com,Live Domain Match & Verification,,,,,,13.7890018,100.69524960000001,https://school.opec.go.th/school/1110700067,['อนุบาล'],อนุบาล - อนุบาล,11,7,['หลักสูตรจากโรงเรียนนานาชาติไทย-จีน'],นางฉันทนา  ชะระวณิช,นางวิมล ชัยพิศุทธิ์,นางสาวสิริวิภา วสันตอุทยา,ไม่รับเงินอุดหนุน,,,,,,,,https://pedb.opec.go.th/web/SchoolPdc.htm?mode=showPicture&t=1&id=2058,,,,
58,1110700068,ฝรั่งเศสนานาชาติ กรุงเทพ,LYCEE FRANCAIS INTERNATIONAL DE BANGKOK,กรุงเทพมหานคร,วังทองหลาง,วังทองหลาง,498 ซอย รามคำแหง39(เทพลีลา1) ถนน รามคำแหง แขวงวังทองหลาง เขตวังทองหลาง กรุงเทพมหานคร 10310,https://lfib.ac.th,Live Domain Match & Verification,,,,,,13.7706537,100.6005437,https://school.opec.go.th/school/1110700068,"['อนุบาล', 'ประถมศึกษา', 'มัธยมศึกษาตอนต้น', 'มัธยมศึกษาตอนปลาย']",อนุบาล - มัธยมศึกษาตอนปลาย,989,100,['French National Curriculum'],,นางชนาเนา วรัญญ,นางชนางเนา วรัญญ,ไม่รับเงินอุดหนุน,,,,,,,,https://pedb.opec.go.th/web/SchoolPdc.htm?mode=showPicture&t=1&id=2060,,,,
59,1110700069,นานาชาติพระคุณกรุงเทพ,Bangkok Grace International School,กรุงเทพมหานคร,วังทองหลาง,พลับพลา,560/1-9 ถนน ลาดพร้าว แขวงพลับพลา เขตวังทองหลาง กรุงเทพมหานคร 10310,https://www.grace.ac.th,Live Domain Match & Verification,,,,,,13.7714874,100.61677540000005,https://school.opec.go.th/school/1110700069,"['อนุบาล', 'ประถมศึกษา', 'มัธยมศึกษาตอนต้น', 'มัธยมศึกษาตอนปลาย']",อนุบาล - มัธยมศึกษาตอนปลาย,0,6,"['หลักสูตรรัฐเวอร์จีเนียร์', 'American Curriculum']",นางสุวิมล ปัญญางาม,นางศิริมา ฮุนตระกูล,นางอรชร เปรมรัตน์,ไม่รับเงินอุดหนุน,,,,,,,,https://pedb.opec.go.th/web/SchoolPdc.htm?mode=showPicture&t=1&id=2061,,,,
60,1110700070,บางกอกพัฒนา,BANGKOK PATANA SCHOOL,กรุงเทพมหานคร,บางนา,บางนาใต้,643 ถนน ลาซาล แขวงบางนาใต้ เขตบางนา กรุงเทพมหานคร 10260,https://www.patana.ac.th,OPEC Profile,https://www.patana.ac.th,,027852200,,,13.6619392,100.6222702,https://school.opec.go.th/school/1110700070,"['ก่อนอนุบาล', 'อนุบาล', 'ประถมศึกษา', 'มัธยมศึกษาตอนต้น', 'มัธยมศึกษาตอนปลาย']",ก่อนอนุบาล - มัธยมศึกษาตอนปลาย,2168,310,"['หลักสูตรประเทศอังกฤษ', 'IB - International Baccalaureate Organization', 'International Baccalaureate Career-related Programme (IB-CP)', 'หลักสูตรกลางของประเทศอังกฤษ']",,นางสาวปิ่นกาญจน์ วัชรปาณ,นางสาวพัชรินทร์ จริงเข้าใจ,ไม่รับเงินอุดหนุน,,,,,,,,https://pedb.opec.go.th/web/SchoolPdc.htm?mode=showPicture&t=1&id=2062,,,,
61,1110700071,นานาชาติชาร์เตอร์,CHARTER INTERNATIONAL SCHOOL,กรุงเทพมหานคร,ประเวศ,ประเวศ,36 ถนน เฉลิมพระเกียรติร.9 แขวงประเวศ เขตประเวศ กรุงเทพมหานคร 10250,https://cis.ac.th,Live Domain Match & Verification,,,,,,13.7145536,100.69577490000006,https://school.opec.go.th/school/1110700071,"['ก่อนอนุบาล', 'อนุบาล', 'ประถมศึกษา', 'มัธยมศึกษาตอนต้น', 'มัธยมศึกษาตอนปลาย']",ก่อนอนุบาล - มัธยมศึกษาตอนปลาย,334,48,"['หลักสูตรสหราชอาณาจักร', 'หลักสูตรแห่งชาติของประเทศสหราชอาณาจักร']",,,นายเมธา เธียรประสิทธิ์,ไม่รับเงินอุดหนุน,,,,,,,,https://pedb.opec.go.th/web/SchoolPdc.htm?mode=showPicture&t=1&id=4000,,,,
62,1110700072,นานาชาติเวลล์ส,WELLS INTERNATIONAL SCHOOL,กรุงเทพมหานคร,วัฒนา,คลองตันเหนือ,6  ซอย 51 ถนน สุขุมวิท แขวงคลองตันเหนือ เขตวัฒนา กรุงเทพมหานคร 10110,https://wells.ac.th,Live Domain Match & Verification,,,,,,13.7039165,100.6057442,https://school.opec.go.th/school/1110700072,"['ก่อนอนุบาล', 'อนุบาล']",ก่อนอนุบาล - อนุบาล,59,21,['หลักสูตรของสำนักการศึกษาแห่งรัฐแคลิฟอร์เนีย ประเทศสหรัฐอเมริกา'],นายธำรง  อรุณสันติเดชา,นางสาวอินทิรา บริบูรณ์,นายเย่า ล่าง จาง,ไม่รับเงินอุดหนุน,,,,,,,,https://pedb.opec.go.th/web/SchoolPdc.htm?mode=showPicture&t=1&id=4002,,,,
63,1110700073,นานาชาติแอ๊ดเวนตีสกรุงเทพ,BANGKOK ADVENTIST INTERNATIONAL SCHOOL,กรุงเทพมหานคร,วัฒนา,คลองตันเหนือ,12 ซอย ปรีดีพนมยงค์ 37 ถนน สุขุมวิท 71 แขวงคลองตันเหนือ เขตวัฒนา กรุงเทพมหานคร 10110,https://bais.ac.th,Live Domain Match & Verification,,,023819406,0877943800,,13.7315578,100.58709410000006,https://school.opec.go.th/school/1110700073,"['อนุบาล', 'ประถมศึกษา', 'มัธยมศึกษาตอนต้น']",อนุบาล - มัธยมศึกษาตอนต้น,128,14,['หลักสูตรนานาชาติ'],,นายดนัย อากาศสุภา,นายดนัย  อากาศสุภา,ไม่รับเงินอุดหนุน,,,,,,,,https://pedb.opec.go.th/web/SchoolPdc.htm?mode=showPicture&t=1&id=4032,,,,
64,1110700074,นานาชาติกีรพัฒน์,KEERA-PAT INTERNATIONAL SCHOOL,กรุงเทพมหานคร,บางเขน,ท่าแร้ง,58 หมู่ที่ 9 ซอยอยู่เย็น ถนน รามอินทรา แขวงท่าแร้ง เขตบางเขน กรุงเทพมหานคร 10220,https://kpis.ac.th,OPEC Profile,https://www.kpis.ac.th/,https://www.facebook.com/kpis.fb,,,,13.845111,100.63277199999993,https://school.opec.go.th/school/1110700074,"['อนุบาล', 'ประถมศึกษา', 'มัธยมศึกษาตอนต้น', 'มัธยมศึกษาตอนปลาย']",อนุบาล - มัธยมศึกษาตอนปลาย,610,75,"['หลักสูตรสหรัฐอเมริกัน', 'AP Statistics', 'Common Core California America']",,นางสาวประพิมพ์พรรณ วงษ์วิจารณ์,นายภัทรธีร์ กีรสว่างพร,ไม่รับเงินอุดหนุน,,โรงเรียนนานาชาติกีรพัฒน์เป็นโรงเรียนนานาชาติที่สร้างสมดุลทางการศึกษาซึ่งจะช่วยสร้างให้ผู้เรียนมีคุณธรรม และจริยธรรมควบคู่กับความรู้ มีความรับผิดชอบต่อสังคม และรู้เท่าทันโลกปัจจุบัน ซึ่งมีการแข่งขันทางด้านข้อมูลข่าวสาร,โรงเรียนนานาชาติกีรพัฒน์เป็นโรงเรียนนานาชาติที่ให้การศึกษาขั้นพื้นฐานแก่ผู้เรียนในด้านความรู้ทักษะ และทัศนคติที่จำเป็นเพื่อการอยู่ร่วมกันอย่างสมานฉันท์ในสังคมที่มีความแตกต่างและหลากหลายเช่นเป็นนักสื่อสาร ที่มีประสิทธิภาพ เป็นผู้เรียนรู้ตลอดชีวิต เป็น,1. เป็นนักสื่อสารที่มีประสิทธิภาพ 2. เป็นผู้กำกับตนเองให้เป็นผู้เรียนรู้ตลอดชีวิต 3. เป็นนักคิด และรู้จักแก้ไขปัญหา 4. เป็นพลเมืองโลกที่รู้จักรับผิดชอบ,,,,https://pedb.opec.go.th/web/SchoolPdc.htm?mode=showPicture&t=1&id=4055,@kpisbangkok,,,
65,1110700075,นานาชาติ บีคอนเฮาส์ แย้มสอาด,BEACONHOUSE YAMSAARD INTERNATIONAL SCHOOL,กรุงเทพมหานคร,ประเวศ,ประเวศ,166/1 ซอย พัฒนาการ 78 ถนน พัฒนาการ แขวงประเวศ เขตประเวศ กรุงเทพมหานคร 10250,https://bys.ac.th,Live Domain Match & Verification,,,,,,13.8029997,100.56674350000003,https://school.opec.go.th/school/1110700075,"['ก่อนอนุบาล', 'อนุบาล', 'ประถมศึกษา', 'มัธยมศึกษาตอนต้น']",ก่อนอนุบาล - มัธยมศึกษาตอนต้น,114,31,"['หลักสูตรสหราชอาณาจักร', 'UK National Curriculum']",นายศุภลักษณ์  วีณิน,นางสาวอัจฉรียา  วีณิน,นางอภิลักษณ์ แย้มสอาด,ไม่รับเงินอุดหนุน,,,,,,,,https://pedb.opec.go.th/web/SchoolPdc.htm?mode=showPicture&t=1&id=4057,,,,
66,1110700076,ไทยซิกข์นานาชาติ กรุงเทพ,THAI SIKN INTERNATIONAL SCHOOL OF BANGKOK,กรุงเทพมหานคร,คลองสาน,สมเด็จเจ้าพระยา,717 หมู่ 1 ซอย สารภี 2 ถนน ประชาธิปก แขวงสมเด็จเจ้าพระยา เขตคลองสาน กรุงเทพมหานคร 10600,https://www.tsis.ac.th,Live Domain Match & Verification,,,,,,13.6592739,100.59464300000002,https://school.opec.go.th/school/1110700076,['ประถมศึกษา'],ประถมศึกษา - ประถมศึกษา,265,19,['หลักสูตรกลางของประเทศอังกฤษ'],นายปานชัย  สิงห์สัจเทพ,นายบุญหนา  ธรเสนา,นายรายินเดอร์  ปาลซิงห์ หักราลบุตร,ไม่รับเงินอุดหนุน,,,,,,,,https://pedb.opec.go.th/web/SchoolPdc.htm?mode=showPicture&t=1&id=4058,,,,
67,1110700078,นานาชาติแอสคอต,ASCOT INTERNATIONAL SCHOOL,กรุงเทพมหานคร,สะพานสูง,สะพานสูง,80/82 หมู่ 11 ซอย ซอยรามคำแหง 118 ถนน รามคำแหง แขวงสะพานสูง เขตสะพานสูง กรุงเทพมหานคร 10240,https://ascot.ac.th/en/home-en,Live Domain Match & Verification,,,,,,13.7628865,100.68705499999999,https://school.opec.go.th/school/1110700078,"['อนุบาล', 'ประถมศึกษา', 'มัธยมศึกษาตอนต้น', 'มัธยมศึกษาตอนปลาย']",อนุบาล - มัธยมศึกษาตอนปลาย,461,33,"['IB Diploma Programme', 'National Curriculum for England and Wales']",นางทัศนียา  พอตเตอร์,นางสาวภัทรรินทร์ ศิริรัตน์,นายเรวัต นารูล่า,ไม่รับเงินอุดหนุน,,,,,,,,https://pedb.opec.go.th/web/SchoolPdc.htm?mode=showPicture&t=1&id=4090,,,,
68,1110700080,นานาชาติบรอมส์โกรฟ,BROMSGROVE INTERNATIONAL SCHOOL THAILAND,กรุงเทพมหานคร,มีนบุรี,แสนแสบ,55 หมู่ 9 ถนน สุวินทวงศ์ แขวงแสนแสบ เขตมีนบุรี กรุงเทพมหานคร 10510,https://www.bromsgrove.ac.th,Live Domain Match & Verification,,,,,,13.795555,100.70974769999998,https://school.opec.go.th/school/1110700080,"['อนุบาล', 'ประถมศึกษา', 'มัธยมศึกษาตอนต้น', 'มัธยมศึกษาตอนปลาย']",อนุบาล - มัธยมศึกษาตอนปลาย,431,73,"['หลักสูตรประเทศอังกฤษ', 'หลักสูตรเวลส์', 'English National Curriculum']",,,นางกฤตยา ภวัครานนท์,ไม่รับเงินอุดหนุน,,,,,,,,https://pedb.opec.go.th/web/SchoolPdc.htm?mode=showPicture&t=1&id=4122,,,,
69,1110700081,นานาชาติแอสเตอร์ กรุงเทพ,Aster International School Bangkok,กรุงเทพมหานคร,ยานนาวา,ช่องนนทรี,"289/2, 289/4-6 ซอย นราธิวาสราชนครินทร์ 24 ถนน นราธิวาสราชนครินทร์ แขวงช่องนนทรี เขตยานนาวา กรุงเทพมหานคร 10120",https://aster.ac.th,OPEC Profile,https://aster.ac.th/,https://www.facebook.com/asterbangkok,026722100,,,13.7012349,100.53630659999999,https://school.opec.go.th/school/1110700081,"['ก่อนอนุบาล', 'อนุบาล', 'ประถมศึกษา', 'มัธยมศึกษาตอนต้น', 'มัธยมศึกษาตอนปลาย']",ก่อนอนุบาล - มัธยมศึกษาตอนปลาย,470,44,"['The Early Years Foundation Stage', 'A National curriculum in England', 'Cambridge Assessment International Education', 'Cambridge Assessment International Education (CAIE)', 'Cambridge International A & AS Level', 'Early Year Foundation Stage Development Matters', 'National Curriculum in England', 'The Early Years Foundation Stage (EYFS)', 'หลักสูตรของสำนักการศึกษาแห่งรัฐแคลิฟอร์เนีย ประเทศสหรัฐอเมริกา', 'หลักสูตรวิชาภาษาไทย วัฒนธรรมและประวัติศาสตร์ไทย']",,นางสาวเสาวนีย์ เสือพันธ์,นางสาวปาริตา เสือพันธ์,ไม่รับเงินอุดหนุน,,,,,,,,https://pedb.opec.go.th/web/SchoolPdc.htm?mode=showPicture&t=1&id=4123,,,,
70,1110700082,อินเตอร์เนชั่นแนล เกวลี(หทัยราษฎร์),KEVALEE INTERNATIONAL SCHOOL,กรุงเทพมหานคร,คลองสามวา,สามวาตะวันตก,90 ซอย หทัยราษฎร์ 37   ถนน หทัยราษฎร์ แขวงสามวาตะวันตก เขตคลองสามวา กรุงเทพมหานคร 10510,https://kis.ac.th,Live Domain Match & Verification,,,,,,13.8776361,100.7159279,https://school.opec.go.th/school/1110700082,"['อนุบาล', 'ประถมศึกษา', 'มัธยมศึกษาตอนต้น', 'มัธยมศึกษาตอนปลาย']",อนุบาล - มัธยมศึกษาตอนปลาย,77,18,"['หลักสูตรของทางโรงเรียน', 'American', 'Early years foundation stage statutory framework', 'High School Diploma / อังกฤษ (สหราชอาณาจักร)', 'The national Curriculum in England']",นางสาวนีรนาท เกวลี,นายพิริยะ  เกวลี,นางสาวนิรมล   เกวลี,ไม่รับเงินอุดหนุน,,,,,,,,https://pedb.opec.go.th/web/SchoolPdc.htm?mode=showPicture&t=1&id=4163,,,,
71,1110700083,นานาชาติเซนต์ แอนดรูว์ส บางนา,ST.ANDREWS INTERNATIONAL SCHOOL BANGNA,กรุงเทพมหานคร,บางนา,บางนา,7 ซอย 107 ถนน สุขุมวิท แขวงบางนา เขตบางนา กรุงเทพมหานคร 10260,https://www.nordangliaeducation.com/sta-bangkok,Live Domain Match & Verification,,,,,,13.6596728,100.60202819999995,https://school.opec.go.th/school/1110700083,"['อนุบาล', 'ประถมศึกษา', 'มัธยมศึกษาตอนต้น', 'มัธยมศึกษาตอนปลาย']",อนุบาล - มัธยมศึกษาตอนปลาย,514,42,"['หลักสูตรสหราชอาณาจักร', 'British National Curriculum', 'The International Baccalaureate (IB)']",,นางสาวพิชญ์สินี ปวัตรพงศ์,นางสาวเสาวคนธ์ ลืมอักษร,ไม่รับเงินอุดหนุน,,,,,,,,https://pedb.opec.go.th/web/SchoolPdc.htm?mode=showPicture&t=1&id=4226,,,,
72,1110700084,นานาชาติ ออสเตรเลีย กรุงเทพ สุขุมวิท 20,Australian International School Bangkok Sukhumvit 20,กรุงเทพมหานคร,คลองเตย,คลองเตย,162/2 และ 164 ถนน สุขุมวิท 20 แขวงคลองเตย เขตคลองเตย กรุงเทพมหานคร 10110,https://www.australianisb.ac.th,Live Domain Match & Verification,,,,,,13.7283878,100.56405689999997,https://school.opec.go.th/school/1110700084,['อนุบาล'],อนุบาล - อนุบาล,31,11,['Australian National Curriculum'],นางปนัดดา  หงสกุล,นายสุรัตน์ ชยธวัช,นางปนัดดา  หงสกุล,ไม่รับเงินอุดหนุน,,,,,,,,https://pedb.opec.go.th/web/SchoolPdc.htm?mode=showPicture&t=1&id=4308,,,,
73,1110700085,อนุบาลคิราคิราคิดส์ นานาชาติ,KIRAKIRA KIDS INTERNATIONAL KINDERGARTEN SCHOOL,กรุงเทพมหานคร,วัฒนา,คลองตันเหนือ,"81,83 ซอยเศรษฐบุตร (สุขุมวิท 61) ถนน สุขุมวิท แขวงคลองตันเหนือ เขตวัฒนา กรุงเทพมหานคร 10110",https://www.kirakirakids.ac.th,Live Domain Match & Verification,,,,,,13.729598,100.5831432,https://school.opec.go.th/school/1110700085,['อนุบาล'],อนุบาล - อนุบาล,64,14,"['Course of study for Kindergarten, Ministry of Education, Culture, Sports, Science and Technology 200']",นายวราวุธ  วงศ์วิเศษ,นายทรงพล บุญประเสริฐ,นายณัฐพล บุญประเสริฐ,ไม่รับเงินอุดหนุน,,,,,,,,https://pedb.opec.go.th/web/SchoolPdc.htm?mode=showPicture&t=1&id=4321,,,,
74,1110700086,นานาชาติกลอรี่สิงคโปร์,GLORY SINGAPORE INTERNATIONAL SCHOOL,กรุงเทพมหานคร,บางนา,บางนาเหนือ,33 ซอย วชิรธรรมสาธิต 18 ถนน สุขุมวิท 101/1 แขวงบางนาเหนือ เขตบางนา กรุงเทพมหานคร 10260,https://glorysingapore.com,Live Domain Match & Verification,,,,,,13.6824852,100.6184366,https://school.opec.go.th/school/1110700086,"['ก่อนอนุบาล', 'อนุบาล', 'ประถมศึกษา', 'มัธยมศึกษาตอนต้น', 'มัธยมศึกษาตอนปลาย']",ก่อนอนุบาล - มัธยมศึกษาตอนปลาย,273,36,"['Cambridge IGCSE และ Cambridge AS and A Level (Secondary)', 'Early Years Development Framework', 'Nurturing Early Learners', 'สหราชอาณาจักร']",นางอรษา  ชาวเมืองบน,คุณดวงฤทัย ฉัตรศิขรินทร,นางอรษา  ชาวเมืองบน,ไม่รับเงินอุดหนุน,,,,,,,,https://pedb.opec.go.th/web/SchoolPdc.htm?mode=showPicture&t=1&id=4324,,,,
75,1110700087,อนุบาลนานาชาติออยสก้า,OISCA INTERNATIONAL KINDERGARTEN SCHOOL,กรุงเทพมหานคร,วัฒนา,คลองตันเหนือ,876 ซอย ปรีดี พนมยงค์ 36 ถนน สุขุมวิท 71 แขวงคลองตันเหนือ เขตวัฒนา กรุงเทพมหานคร 10110,https://www.oisca-inter.com,Live Domain Match & Verification,,,,,,13.7184294,100.54678239999998,https://school.opec.go.th/school/1110700087,['อนุบาล'],อนุบาล - อนุบาล,71,13,[],นางกมลลักษณ์  หงษ์หยก,นางเสรณ๊ย์ แก้วสุกล,นางกมลลักษณ์  หงษ์หยก,ไม่รับเงินอุดหนุน,,,,,,,,https://pedb.opec.go.th/web/SchoolPdc.htm?mode=showPicture&t=1&id=4338,,,,
76,1110700088,นานาชาติเครซเซนต์,CRESCENT INTERNATIONAL SCHOOL,กรุงเทพมหานคร,สาทร,ทุ่งมหาเมฆ,72 ซอย บำเพ็ญบุญ ถนน พระราม 4 แขวงทุ่งมหาเมฆ เขตสาทร กรุงเทพมหานคร 10120,https://cis.ac.th,Live Domain Match & Verification,,,,,,13.7184294,100.54678239999998,https://school.opec.go.th/school/1110700088,"['ก่อนอนุบาล', 'อนุบาล', 'ประถมศึกษา', 'มัธยมศึกษาตอนต้น', 'มัธยมศึกษาตอนปลาย']",ก่อนอนุบาล - มัธยมศึกษาตอนปลาย,491,21,"['Cambridge International A & AS Level', 'สหราชอาณาจักร หลักสูตร IB']",นายลือศักดิ์  เอกชน,,นายลือศักดิ์  เอกชน,ไม่รับเงินอุดหนุน,,โรงเรียนนานาชาติเครซเซนต์เตรียมการศึกษาให้มีประสิทธิภาพ  เพื่อรองรับการผสมผ่านทางพหุวัฒนธรรม ซึ่งยอมรับคุณค่าของความเป็นมนุษย์บนพื้นฐษนของความศรัทธา และความเชื่อมั่นในวัฒนธรรมประเพณีอันดีงาม,,,,,,https://pedb.opec.go.th/web/SchoolPdc.htm?mode=showPicture&t=1&id=4339,,,,
77,1110700089,นานาชาติเบิร์คลีย์,Berkeley International School,กรุงเทพมหานคร,บางนา,บางนา,123 ถนน บางนา-ตราด แขวงบางนา เขตบางนา กรุงเทพมหานคร 10260,https://www.berkeley.ac.th,Live Domain Match & Verification,,,,,,13.672343,100.61402499999997,https://school.opec.go.th/school/1110700089,"['ก่อนอนุบาล', 'อนุบาล', 'ประถมศึกษา', 'มัธยมศึกษาตอนต้น', 'มัธยมศึกษาตอนปลาย']",ก่อนอนุบาล - มัธยมศึกษาตอนปลาย,426,31,"['หลักสูตรสหรัฐอเมริกัน', 'American Common Core']",,นางสาวเมธาวดี ดวงแก้ว,นางสาวกรรณิการ์ ลีลาปัญญาเลิศ,ไม่รับเงินอุดหนุน,,,,,,,,https://pedb.opec.go.th/web/SchoolPdc.htm?mode=showPicture&t=1&id=4650,,,,
78,1110700091,นานาชาติรีเจ้นท์ กรุงเทพ - พระราม 9,Regent's International School Bangkok - Rama 9,กรุงเทพมหานคร,วังทองหลาง,วังทองหลาง,601/99 ซอยรามคำแหง 39 ซอย รามคำแหง 39 (เทพลีลา 1) แขวงวังทองหลาง เขตวังทองหลาง กรุงเทพมหานคร 10310,https://regents.ac.th,Live Domain Match & Verification,,,,,,13.768031,100.59623069999998,https://school.opec.go.th/school/1110700091,"['ก่อนอนุบาล', 'อนุบาล', 'ประถมศึกษา', 'มัธยมศึกษาตอนต้น', 'มัธยมศึกษาตอนปลาย']",ก่อนอนุบาล - มัธยมศึกษาตอนปลาย,644,44,"['หลักสูตรประเทศอังกฤษ', 'English National Curriculum & IGCSE', 'International Baccalaureate (IB)']",,นางสาวรักชนก เตชะวิจิตร์,นางสาวขวัญชนก เตชะวิจิตร์,ไม่รับเงินอุดหนุน,,,,,,,,https://pedb.opec.go.th/web/SchoolPdc.htm?mode=showPicture&t=1&id=4668,,,,
79,1110700092,อนุบาลนานาชาติ เดอะไทนี่ซี๊ด,The Tiny Seeds International Pre - School,กรุงเทพมหานคร,คลองเตย,คลองเตย,105/1-3 ซอยสุขุมวิท 36 (แยกนภาศัพท์ ซอย 5) ถนน สุขุมวิท แขวงคลองเตย เขตคลองเตย กรุงเทพมหานคร 10110,https://tinyseedsschool.com,Live Domain Match & Verification,,,,,,13.718885,100.57415990000004,https://school.opec.go.th/school/1110700092,['อนุบาล'],อนุบาล - อนุบาล,6,4,['The National Curriculum in England Key Stage 1'],นางสาวชุดาภา ภาคสุวรรณ,-,-,ไม่รับเงินอุดหนุน,,,,,,,,https://pedb.opec.go.th/web/SchoolPdc.htm?mode=showPicture&t=1&id=4682,,,,
80,1110700093,อนุบาลนานาชาติ เอบีซี แพทเวยส์,ABC PATHWAYS INTERNATIONAL KINDERGARTEN,กรุงเทพมหานคร,วัฒนา,คลองตันเหนือ,92/32 ซอยทวีสุข (สุขุมวิท 31) ถนน สุขุมวิท แขวงคลองตันเหนือ เขตวัฒนา กรุงเทพมหานคร 10110,https://www.abcpathways.co.th,Live Domain Match & Verification,,,,,,13.744077,100.57132569999999,https://school.opec.go.th/school/1110700093,['อนุบาล'],อนุบาล - อนุบาล,25,3,['หลักสูตรสหราชอาณาจักร'],,,,ไม่รับเงินอุดหนุน,,,,,,,,https://pedb.opec.go.th/web/SchoolPdc.htm?mode=showPicture&t=1&id=16701,,,,
81,1110700094,อนุบาลนานาชาติแอนนาเบลส์ เออร์ลี่ เยียร์ส,ANNABEL'S EARLY YEARS INTERNATIONAL KINDERGARTEN,กรุงเทพมหานคร,วัฒนา,คลองตันเหนือ,19 ซอย เจริญมิตร (เอกมัย 10) ถนน เอกมัย (สุขุมวิท63) แขวงคลองตันเหนือ เขตวัฒนา กรุงเทพมหานคร 10110,https://www.annabels.ac.th,Live Domain Match & Verification,,,,,,13.7256703,100.57638050000003,https://school.opec.go.th/school/1110700094,['อนุบาล'],อนุบาล - อนุบาล,26,10,['British Early Years Foundation Stage (EYFS)'],,,นางสุภาวดี จิระวัฒนานันท์,ไม่รับเงินอุดหนุน,,,,,,,,https://pedb.opec.go.th/web/SchoolPdc.htm?mode=showPicture&t=1&id=16700,,,,
82,1110700095,อนุบาลนานาชาติเพรพ มอนเตสซอรี่,Prep Montessori International Kindergarten,กรุงเทพมหานคร,วังทองหลาง,พลับพลา,24 ซอย ซอยลาดพร้าว 88 ถนน ประดิษฐ์มนูธรรม แขวงพลับพลา เขตวังทองหลาง กรุงเทพมหานคร 10310,https://www.prep.ac.th,Live Domain Match & Verification,,,,,,13.789439,100.58428400000003,https://school.opec.go.th/school/1110700095,"['ก่อนอนุบาล', 'อนุบาล']",ก่อนอนุบาล - อนุบาล,34,7,['Early Year Foundation Stage and Montessori'],บริษัท เพรพ มอนเตสเซอรี่ เอ็ดดูเคชั่น จำกัด,-,นางสาวอาภรณ์รัตน์ เจนจรัสสกุล,ไม่รับเงินอุดหนุน,,,,,,,,https://pedb.opec.go.th/web/SchoolPdc.htm?mode=showPicture&t=1&id=18842,,,,
83,1110700096,นานาชาติ ออสเตรเลีย กรุงเทพ,AUSTRALIAN INTERNATIONAL SCHOOL BANGKOK,กรุงเทพมหานคร,วัฒนา,คลองตันเหนือ,319 และ 333/100 ซอย สุขุมวิท31 ถนน สุขุมวิท แขวงคลองตันเหนือ เขตวัฒนา กรุงเทพมหานคร 10110,https://www.australianisb.ac.th,Live Domain Match & Verification,,,,,,13.7283878,100.56405689999997,https://school.opec.go.th/school/1110700096,"['อนุบาล', 'ประถมศึกษา', 'มัธยมศึกษาตอนต้น', 'มัธยมศึกษาตอนปลาย']",อนุบาล - มัธยมศึกษาตอนปลาย,544,22,['Australian National Curriculum'],นางปนัดดา หงสกุล,-,-,ไม่รับเงินอุดหนุน,,,,,,,,https://pedb.opec.go.th/web/SchoolPdc.htm?mode=showPicture&t=1&id=18895,,,,
84,1110700097,นานาชาติ ไบรท์ตัน คอลเลจ กรุงเทพ,Brighton College International School Bangkok,กรุงเทพมหานคร,บางกะปิ,หัวหมาก,8/8 ซอย ซอยกรุงเทพกรีฑา 15  ถนน กรุงเทพกรีฑา  แขวงหัวหมาก เขตบางกะปิ กรุงเทพมหานคร 10240,https://www.bcisb.ac.th,Live Domain Match & Verification,,,,,,13.7543559,100.67215540000007,https://school.opec.go.th/school/1110700097,"['ก่อนอนุบาล', 'อนุบาล', 'ประถมศึกษา', 'มัธยมศึกษาตอนต้น', 'มัธยมศึกษาตอนปลาย']",ก่อนอนุบาล - มัธยมศึกษาตอนปลาย,780,86,"['National curriculum of England, IGCSE, A and AS level']",บริษัท แฮนส์ เมเนจเมนท์ จำกัด,นายวิสุทธิ์ เจริญศิริวัฒน์,นางสุพัตรา อังควินิจวงศ์,ไม่รับเงินอุดหนุน,,,,,,,,https://pedb.opec.go.th/web/SchoolPdc.htm?mode=showPicture&t=1&id=19106,,,,
85,1110700098,นานาชาติอคาเซีย พรีสคูล สุขุมวิท กรุงเทพ,Acacia International Preschool Sukhumvit Bangkok,กรุงเทพมหานคร,วัฒนา,พระโขนงเหนือ,11. ซอย เอกมัย 6 ถนน สุขุมวิท 63 แขวงพระโขนงเหนือ เขตวัฒนา กรุงเทพมหานคร 10110,https://acaciaschool.com,Live Domain Match & Verification,,,,,,13.726444,100.58765399999993,https://school.opec.go.th/school/1110700098,"['ก่อนอนุบาล', 'อนุบาล']",ก่อนอนุบาล - อนุบาล,70,5,['สหราชอาณาจักร หลักสูตร IB'],,,,ไม่รับเงินอุดหนุน,,,,,,,,https://pedb.opec.go.th/web/SchoolPdc.htm?mode=showPicture&t=1&id=19320,,,,
86,1110700099,นานาชาติเรนทรี,Raintree Internatiomal School,กรุงเทพมหานคร,สาทร,ทุ่งมหาเมฆ,126 ถนน นางลิ้นจี่ แขวงทุ่งมหาเมฆ เขตสาทร กรุงเทพมหานคร 10120,https://raintree.ac.th,Live Domain Match & Verification,,,,,,13.7076567,100.54306280000003,https://school.opec.go.th/school/1110700099,"['ก่อนอนุบาล', 'อนุบาล']",ก่อนอนุบาล - อนุบาล,120,24,['A National curriculum British Curriculum (Early Years Foundation Stage)'],,นางจณิศรา กาลรา,นางสาวพรรณรจน์ ชลิตอาภรณ์,ไม่รับเงินอุดหนุน,,,,,,,,https://pedb.opec.go.th/web/SchoolPdc.htm?mode=showPicture&t=1&id=19415,,,,
87,1110700100,อนุบาลนานาชาติ ลา เปติท อีโคล แบงค็อก,La Petite Ecole International Kindergarten School Bangkok,กรุงเทพมหานคร,ยานนาวา,ช่องนนทรี,27/5 ซอยเย็นอากาศ 2 แยก 1 ถนน เย็นอากาศ แขวงช่องนนทรี เขตยานนาวา กรุงเทพมหานคร 10120,https://www.lapetiteecole.com,Live Domain Match & Verification,,,,,,13.713735385665,100.548726357775,https://school.opec.go.th/school/1110700100,"['ก่อนอนุบาล', 'อนุบาล']",ก่อนอนุบาล - อนุบาล,0,3,['French National Curriculum'],,นางสาวสุรางคนา เตื้อติสอน,นางสาวสุรางคนา เตื้อติสอน,ไม่รับเงินอุดหนุน,,,,,,,,https://pedb.opec.go.th/web/SchoolPdc.htm?mode=showPicture&t=1&id=19438,,,,
88,1110700101,นานาชาติสิงคโปร์ธนบุรี,Singapore International School Thonburi,กรุงเทพมหานคร,ภาษีเจริญ,คลองขวาง,138 ถนน ราชมนตรี แขวงคลองขวาง เขตภาษีเจริญ กรุงเทพมหานคร 10160,https://sisb.ac.th,Live Domain Match & Verification,,,,,,13.7078357,100.48678159999997,https://school.opec.go.th/school/1110700101,"['ก่อนอนุบาล', 'อนุบาล', 'ประถมศึกษา', 'มัธยมศึกษาตอนต้น', 'มัธยมศึกษาตอนปลาย']",ก่อนอนุบาล - มัธยมศึกษาตอนปลาย,1384,151,"['SISB High School Diploma', 'แคมบริจด์']",,นางสาวภัทรรินทร์ ศิริรัตน,นางนริศา เลิศนามวงศ์วาน,ไม่รับเงินอุดหนุน,,,,,,,,https://pedb.opec.go.th/web/SchoolPdc.htm?mode=showPicture&t=1&id=19442,,,,
89,1110700102,อนุบาลนานาชาติแอสโซซิเอะกรุงเทพฯ ๓๕,Associe International Kindergarten Bangkok 35,กรุงเทพมหานคร,วัฒนา,คลองตันเหนือ,23/1 ซอย ซอยสุขุมวิท 35 เจริญนิเวศน์ ถนน สุขุมวิท  แขวงคลองตันเหนือ เขตวัฒนา กรุงเทพมหานคร 10110,https://www.aikb35.ac.th/en,Live Domain Match & Verification,,,,,,13.734134,100.5697224,https://school.opec.go.th/school/1110700102,"['ก่อนอนุบาล', 'อนุบาล']",ก่อนอนุบาล - อนุบาล,98,28,['National Kindergarten Standards ของกระทรวงวัฒนธรรมการกีฬาและเทคโนโลยีของประเทศญี่ปุ่น'],,นางสมใจ ธาดาสวัสดิ์ สิ่วลือ,นางจันทนา วัฒนชัย,ไม่รับเงินอุดหนุน,,,,,,,,https://pedb.opec.go.th/web/SchoolPdc.htm?mode=showPicture&t=1&id=19444,,,,
90,1110700103,นานาชาติเซนทรัล,Central International School,กรุงเทพมหานคร,ห้วยขวาง,ห้วยขวาง,57/1 ซอย ทวีมิตร ถนน พระราม9 แขวงห้วยขวาง เขตห้วยขวาง กรุงเทพมหานคร 10310,https://cis.ac.th,Live Domain Match & Verification,,,,,,13.7466304,100.53933510000002,https://school.opec.go.th/school/1110700103,"['ก่อนอนุบาล', 'อนุบาล', 'ประถมศึกษา']",ก่อนอนุบาล - ประถมศึกษา,100,23,"['หลักสูตรแคลิฟอร์เนีย', 'California Curriculum', 'California Infant/Toddler Curriculum Framework', 'California Preschool Curriculum Framework', 'International Preschool Curriculum', 'หลักสูตรภาษาไทย วัฒนธรรมไทยและประวัติศาสตร์ไทย']",,นางสาวอัยญดา ณภัทรกรสกุล,นางสาวสังวาลย์ สุวรรณาคิน,ไม่รับเงินอุดหนุน,,,,,,,,https://pedb.opec.go.th/web/SchoolPdc.htm?mode=showPicture&t=1&id=19576,,,,
91,1110700104,นานาชาติรอยส์ รอยัล,ROYCE ROYAL INTERNATIONAL SCHOOL,กรุงเทพมหานคร,บางขุนเทียน,ท่าข้าม,111/433 หมู่บ้าน บ้านงามเจริญ5 หมู่3 ถนน อนามัยงามเจริญ แขวงท่าข้าม เขตบางขุนเทียน กรุงเทพมหานคร 10150,https://www.royceroyal.ac.th,Live Domain Match & Verification,,,,,,13.630824,100.45294030000002,https://school.opec.go.th/school/1110700104,"['ก่อนอนุบาล', 'อนุบาล', 'ประถมศึกษา']",ก่อนอนุบาล - ประถมศึกษา,63,12,['The British Early Year Foundation Stage'],,นายเสน่ห์ สุระสังวาลย์,นางสาวสิริณี เกียรติผดุงกุล,ไม่รับเงินอุดหนุน,,,,,,,,https://pedb.opec.go.th/web/SchoolPdc.htm?mode=showPicture&t=1&id=19559,,,,
92,1110700105,นานาชาติโชรส์เบอรีกรุงเทพ ซิตี้แคมปัส,Shrewsbury International School Bangkok City Campus,กรุงเทพมหานคร,ห้วยขวาง,บางกะปิ,982 ถนน ริมคลองสามเสน(พระราม9) แขวงบางกะปิ เขตห้วยขวาง กรุงเทพมหานคร 10310,https://www.shrewsbury.ac.th,Live Domain Match & Verification,,,022031222,,,13.7522319,100.57877989999997,https://school.opec.go.th/school/1110700105,"['ก่อนอนุบาล', 'อนุบาล', 'ประถมศึกษา']",ก่อนอนุบาล - ประถมศึกษา,465,80,"['หลักสูตรสหราชอาณาจักร', 'British Curriculum']",บริษัท ซิตี้ วิลล่า จำกัด,,,ไม่รับเงินอุดหนุน,,,,,,,,https://pedb.opec.go.th/web/SchoolPdc.htm?mode=showPicture&t=1&id=19727,,,,
93,1110700107,นานาชาติ เวลลิงตันคอลเลจ กรุงเทพ,Wellington College International Bangkok,กรุงเทพมหานคร,สะพานสูง,ทับช้าง,18 ถนน กรุงเทพกรีฑา แขวงทับช้าง เขตสะพานสูง กรุงเทพมหานคร 10240,https://www.wcib.ac.th,Live Domain Match & Verification,,,,,,13.7439531,100.6720388,https://school.opec.go.th/school/1110700107,"['ก่อนอนุบาล', 'อนุบาล', 'ประถมศึกษา', 'มัธยมศึกษาตอนต้น', 'มัธยมศึกษาตอนปลาย']",ก่อนอนุบาล - มัธยมศึกษาตอนปลาย,924,136,"['หลักสูตร Wellington College', 'หลักสูตรของโรงเรียนเวลลิงตัน', 'หลักสูตรภาษาไทย วัฒนธรรมไทยและประวัติศาสตร์ไทย']",,,นางสาวอุษา เขียวหวาน,ไม่รับเงินอุดหนุน,,,,,,,,https://pedb.opec.go.th/web/SchoolPdc.htm?mode=showPicture&t=1&id=19839,,,,
94,1110700108,อนุบาลนานาชาติดับเบิลทรี ราชพฤกษ์,Double Trees Ratchaphruek International Kindergarten,กรุงเทพมหานคร,ตลิ่งชัน,บางระมาด,77/16 ถนน ราชพฤกษ์ แขวงบางระมาด เขตตลิ่งชัน กรุงเทพมหานคร 10170,https://doubletreesschool.ac.th,Live Domain Match & Verification,,,,,,13.7655153,100.4437964,https://school.opec.go.th/school/1110700108,"['ก่อนอนุบาล', 'อนุบาล']",ก่อนอนุบาล - อนุบาล,50,11,"['หลักสูตรสหราชอาณาจักร', 'The Early Years Foundation Stage']",,,,ไม่รับเงินอุดหนุน,,,,,,,,https://pedb.opec.go.th/web/SchoolPdc.htm?mode=showPicture&t=1&id=23594,,,,
95,1110700109,นานาชาติเบซิส กรุงเทพฯ,BASIS International School Bangkok,กรุงเทพมหานคร,บางขุนเทียน,แสมดำ,2/1-2 แขวงแสมดำ เขตบางขุนเทียน กรุงเทพมหานคร 10150,https://basis.ac.th,Live Domain Match & Verification,,,,,,13.6640599,100.43445789999998,https://school.opec.go.th/school/1110700109,"['ก่อนอนุบาล', 'อนุบาล', 'ประถมศึกษา', 'มัธยมศึกษาตอนต้น', 'มัธยมศึกษาตอนปลาย']",ก่อนอนุบาล - มัธยมศึกษาตอนปลาย,512,30,['BASIS Education'],นางจิธณัท ร่มสายหยุด,นายสมนึก ทองเอี่ยม,,ไม่รับเงินอุดหนุน,,,,,,,,https://pedb.opec.go.th/web/SchoolPdc.htm?mode=showPicture&t=1&id=23795,,,,
96,1110700110,นานาชาติฮัมมิ่งเบิร์ด,Hummimgbird International School,กรุงเทพมหานคร,ตลิ่งชัน,ฉิมพลี,25/4 หมู่ 8 แขวงฉิมพลี เขตตลิ่งชัน กรุงเทพมหานคร 10170,https://www.hisschool.com,Live Domain Match & Verification,,,,,,13.7865485,100.4160402,https://school.opec.go.th/school/1110700110,"['ก่อนอนุบาล', 'อนุบาล']",ก่อนอนุบาล - อนุบาล,21,13,"['หลักสูตรสหราชอาณาจักร', 'The Early Years Foundation Stage', 'The British National Curriculum']",,นางมีมี สัจจกมล,นายทศพล  ชัยชนะวิชชกิจ,ไม่รับเงินอุดหนุน,,,,,,,Endless Posibilities,https://pedb.opec.go.th/web/SchoolPdc.htm?mode=showPicture&t=1&id=23850,,,,
97,1110700111,นานาชาติคิดส์อะคาเดมี่ ศรีนครินทร์,KIDS ACADEMY INTERNATIONAL SCHOOL SRINAKARIN,กรุงเทพมหานคร,ประเวศ,หนองบอน,23/1 ซอย ศรีนครินทร์ 57 แขวงหนองบอน เขตประเวศ กรุงเทพมหานคร 10250,https://www.kidsacademy.ac.th,Live Domain Match & Verification,,,,,,13.6858142,100.6513913,https://school.opec.go.th/school/1110700111,"['ก่อนอนุบาล', 'อนุบาล', 'ประถมศึกษา']",ก่อนอนุบาล - ประถมศึกษา,61,13,['The British National Curriculum'],-,,นางลฐิกา นิลสุวรรณากุล,ไม่รับเงินอุดหนุน,,,,,,,,https://pedb.opec.go.th/web/SchoolPdc.htm?mode=showPicture&t=1&id=23929,,,,
98,1110700112,นานาชาติเรนทรี สุขุมวิท,Raintree International School Sukhumvit,กรุงเทพมหานคร,คลองเตย,คลองตัน,54 ซอย อรรถกระวี 1 แขวงคลองตัน เขตคลองเตย กรุงเทพมหานคร 10110,https://raintree.ac.th,Live Domain Match & Verification,,,,,,13.721277987973,100.56990065926,https://school.opec.go.th/school/1110700112,"['ก่อนอนุบาล', 'อนุบาล']",ก่อนอนุบาล - อนุบาล,40,10,['Early Years Foundation Stage'],-,นางสาวพรปวีณ์ เชยกีวงศ์,นางสาวพรรณรจน์ ชลิตอาภรณ์,ไม่รับเงินอุดหนุน,,,,,,,,https://pedb.opec.go.th/web/SchoolPdc.htm?mode=showPicture&t=1&id=23957,,,,
99,1110700113,นานาชาติแคนาเดียน ประเทศไทย,CANADIAN INTERNATIONAL SCHOOL OF THAILAND,กรุงเทพมหานคร,บางพลัด,บางยี่ขัน,"1001,1059 ซอย จรัญสนิทวงศ์ 46 ถนน จรัญสนิทวงศ์ แขวงบางยี่ขัน เขตบางพลัด กรุงเทพมหานคร 10700",https://canadianschool.com,Live Domain Match & Verification,,,,,,13.7762678,100.4961383,https://school.opec.go.th/school/1110700113,"['อนุบาล', 'ประถมศึกษา', 'มัธยมศึกษาตอนต้น', 'มัธยมศึกษาตอนปลาย']",อนุบาล - มัธยมศึกษาตอนปลาย,260,9,['Quebec Curriculum (Canada)'],นางอุษา ทิวไผ่งาม,นางสาวณหทัย ทิวไผ่งาม,,ไม่รับเงินอุดหนุน,,,,,,,,https://pedb.opec.go.th/web/SchoolPdc.htm?mode=showPicture&t=1&id=24026,,,,
100,1110700114,นานาชาติเซ็นจูเรี่ยน กรุงเทพฯ,CENTURION INTERNATIONAL SCHOOL BANGKOK,กรุงเทพมหานคร,สวนหลวง,สวนหลวง,511/4 หมู่ - ซอย อ่อนนุช30 แยก7 ถนน อ่อนนุช แขวงสวนหลวง เขตสวนหลวง กรุงเทพมหานคร 10250,https://www.cisb.ac.th,Live Domain Match & Verification,,,,,,13.705376580864254,100.62145211078634,https://school.opec.go.th/school/1110700114,"['อนุบาล', 'ประถมศึกษา']",อนุบาล - ประถมศึกษา,130,11,['หลักสูตรนานาชาติ'],,,,ไม่รับเงินอุดหนุน,,,,,,,,https://pedb.opec.go.th/web/SchoolPdc.htm?mode=showPicture&t=1&id=24099,,,,
101,1110700117,อนุบาลนานาชาติลิตเติ้ลโคอาล่า รามอินทรา,LITTLE KOALA INTERNATIONAL KINDERGARTEN SCHOOL RAMINTRA,กรุงเทพมหานคร,บางเขน,ท่าแร้ง,999/9 หมู่ - ซอย วัชรพล 2 ถนน รามอินทรา แขวงท่าแร้ง เขตบางเขน กรุงเทพมหานคร 10220,https://www.littlekoalaschool.com/index.php/en,Live Domain Match & Verification,,,,,,13.856764872235754,100.64448501931675,https://school.opec.go.th/school/1110700117,"['ก่อนอนุบาล', 'อนุบาล']",ก่อนอนุบาล - อนุบาล,46,16,['Australian National Curriculum'],นางปนัดดา หงสกุล,,,ไม่รับเงินอุดหนุน,,,,,,,,https://pedb.opec.go.th/web/SchoolPdc.htm?mode=showPicture&t=1&id=24288,,,,
102,1110700118,นานาชาติคิงส์คอลเลจ กรุงเทพ,"King's college International School, Bangkok",กรุงเทพมหานคร,ยานนาวา,บางโพงพาง,727 หมู่ - ซอย - ถนน รัชดาภิเษก แขวงบางโพงพาง เขตยานนาวา กรุงเทพมหานคร 10120,https://www.kingsbangkok.ac.th/en,Live Domain Match & Verification,,,,,,13.691519151260517,100.52762746021172,https://school.opec.go.th/school/1110700118,"['ก่อนอนุบาล', 'อนุบาล', 'ประถมศึกษา', 'มัธยมศึกษาตอนต้น', 'มัธยมศึกษาตอนปลาย']",ก่อนอนุบาล - มัธยมศึกษาตอนปลาย,1404,65,"['UK Curriculum IGCSE, AS level และ A level']",,,,ไม่รับเงินอุดหนุน,,,,,,,,https://pedb.opec.go.th/web/SchoolPdc.htm?mode=showPicture&t=1&id=24323,,,,
103,1110700119,นานาชาติรุ่งอรุณ,Roong Aroon International School,กรุงเทพมหานคร,บางขุนเทียน,ท่าข้าม,391/5 ซอย อนามัยงามเจริญ 25 ถนน พระราม 2 แขวงท่าข้าม เขตบางขุนเทียน กรุงเทพมหานคร 10150,https://www.rais.ac.th,Live Domain Match & Verification,,,,,,13.657165780266805,100.4661579883374,https://school.opec.go.th/school/1110700119,"['มัธยมศึกษาตอนต้น', 'มัธยมศึกษาตอนปลาย']",มัธยมศึกษาตอนต้น - มัธยมศึกษาตอนปลาย,114,19,"['International Baccalaureate (IB) Diploma Program', 'International Baccalaureate (IB) Middle Years Programme (MYP)', 'International Baccalaureate Career-related Programme (IB-CP)', 'Roong Aroon International School Diploma Programme']",,,,ไม่รับเงินอุดหนุน,,,,,,,,https://pedb.opec.go.th/web/SchoolPdc.htm?mode=showPicture&t=1&id=24376,,,,
104,1110700120,นานาชาติ ร่วมฤดีวิเทศศึกษา เออร์ลี่ เยียรส์ แคมปัส,Ruamrudee International School Early Years Campus,กรุงเทพมหานคร,คลองสามวา,สามวาตะวันตก,146 หมู่ - ซอย - ถนน พระยาสุเรนทร์ แขวงสามวาตะวันตก เขตคลองสามวา กรุงเทพมหานคร 10510,https://www.rism.ac.th,Live Domain Match & Verification,,,,,,13.783845718025837,100.72804282241756,https://school.opec.go.th/school/1110700120,"['ก่อนอนุบาล', 'อนุบาล']",ก่อนอนุบาล - อนุบาล,43,8,"['American Education Reaches Out (AERO)', 'The Early childhook Curriculum  ( NCRC )']",,นายเจตนา กิจเจริญ,นางสาวพัชจนามาศ วราชิต,ไม่รับเงินอุดหนุน,,,,,,,,https://pedb.opec.go.th/web/SchoolPdc.htm?mode=showPicture&t=1&id=24379,,,,
105,1110700121,อนุบาลนานาชาติต้าตี้-ไทย ศรีนครินทร์,Dadi Thai Srinakarin International Kindergarten,กรุงเทพมหานคร,ประเวศ,หนองบอน,157 ซอย หมู่บ้านเสรีวิลล่า แยก 2 แขวงหนองบอน เขตประเวศ กรุงเทพมหานคร 10250,https://www.dadischool.com,Live Domain Match & Verification,,,,,,13.687637739186,100.648497517954,https://school.opec.go.th/school/1110700121,"['ก่อนอนุบาล', 'อนุบาล']",ก่อนอนุบาล - อนุบาล,59,1,"['หลักสูตรสหราชอาณาจักร', 'The national Curriculum in England']",,,,ไม่รับเงินอุดหนุน,,,,,,,,https://pedb.opec.go.th/web/SchoolPdc.htm?mode=showPicture&t=1&id=24665,,,,
106,1110700122,นานาชาติบริติชแมนดาริน,BRITISH MANDARIN INTERNATIONAL SCHOOL,กรุงเทพมหานคร,บางกะปิ,หัวหมาก,190/1 หมู่ - ซอย รามคำแหง 68 ถนน รามคำแหง แขวงหัวหมาก เขตบางกะปิ กรุงเทพมหานคร 10240,https://bmis.ac.th,Live Domain Match & Verification,https://www.mandarin.ac.th/,https://www.facebook.com/mandarinbangkok/,,,,13.7641339,100.6609741,https://school.opec.go.th/school/1110700122,"['ก่อนอนุบาล', 'อนุบาล', 'ประถมศึกษา', 'มัธยมศึกษาตอนต้น', 'มัธยมศึกษาตอนปลาย']",ก่อนอนุบาล - มัธยมศึกษาตอนปลาย,175,17,"['The Early Years Foundation Stage', 'The  National Curriculum in England Key Stage 1-5', 'The Early Years Foundation Stage (EYFS)', 'วิชาภาษาไทย  วัฒนธรรมไทย  และประวัติศาสตร์ไทย สำหรับโรงเรียนในระบบ ประเภทนานาชาติ', 'หลักสูตรโรงเรียนนานาชาติแมนดาริน']",,นางโรส ไชยคุนา,นายระดนยุทธย์ อินทธรรมรักษ์,ไม่รับเงินอุดหนุน,,"To empower students to become compassionate global citizens, equipped with the knowledge, skills, and values to thrive in an interconnected world.",,,"Mastery , Integrity , Success",นักเรียนมีความฉลาดทางอารมณ์  กล้าแสดงออกทางภาษาได้หลากหลายอย่างสร้างสรรค์  กล้าคิดมุ่ง มั่นให้สําเร็จ ยอมรับและเข้าใจสังคมโลกตะวันออกและโลกตะวันตก,,https://pedb.opec.go.th/web/SchoolPdc.htm?mode=showPicture&t=1&id=24669,,https://www.instagram.com/mandarinbangkok/,https://www.tiktok.com/@mandarinbangkok,
107,1110700123,นานาชาติจีน,CHINA INTERNATIONAL SCHOOL,กรุงเทพมหานคร,บึงกุ่ม,คลองกุ่ม,88 หมู่ - ซอย นวมินทร์ 74 ถนน สุขาภิบาล 1 แขวงคลองกุ่ม เขตบึงกุ่ม กรุงเทพมหานคร 10240,https://cis.ac.th,Live Domain Match & Verification,,,,,,13.817333922006,100.655434042702,https://school.opec.go.th/school/1110700123,"['ประถมศึกษา', 'มัธยมศึกษาตอนต้น', 'มัธยมศึกษาตอนปลาย']",ประถมศึกษา - มัธยมศึกษาตอนปลาย,86,24,"['หลักสูตรดัดแปลงตามแนวความคิดของหลักสูตรแกนกลางของสาธารณรัฐประชาชนจีน', 'หลักสูตรจีน']",,นางเสาวภาคย์ แหลมเพ็ชร,นางเสาวภาคย์ แหลมเพ็ชร,ไม่รับเงินอุดหนุน,,,,,,,,https://pedb.opec.go.th/web/SchoolPdc.htm?mode=showPicture&t=1&id=24683,,,,
108,1110700124,นานาชาติอคาเซีย พรีสคูล กรุงเทพ,Acacia International Preschool Bangkok,กรุงเทพมหานคร,ยานนาวา,ช่องนนทรี,4/2 หมู่ - ซอย ประสาทสุข ถนน เย็นอากาศ แขวงช่องนนทรี เขตยานนาวา กรุงเทพมหานคร 10120,https://acaciaschool.com,Live Domain Match & Verification,,,,,,13.716787907163,100.54800651993,https://school.opec.go.th/school/1110700124,['อนุบาล'],อนุบาล - อนุบาล,46,3,['หลักสูตรสหราชอาณาจักร'],,,,ไม่รับเงินอุดหนุน,,,,,,,,https://pedb.opec.go.th/web/SchoolPdc.htm?mode=showPicture&t=1&id=24696,,,,
109,1110700125,อนุบาลนานาชาติต้าตี้ ธนบุรี,Dadi Thonburi International Kindergarten,กรุงเทพมหานคร,ตลิ่งชัน,บางเชือกหนัง,4 ถนน พุทธมณฑลสาย 1  แขวงบางเชือกหนัง เขตตลิ่งชัน กรุงเทพมหานคร 10170,https://www.dadischool.com,Live Domain Match & Verification,,,024088790,0614104144,,13.744304312274,100.428042626208,https://school.opec.go.th/school/1110700125,"['ก่อนอนุบาล', 'อนุบาล']",ก่อนอนุบาล - อนุบาล,35,2,"['หลักสูตรสหราชอาณาจักร', 'The Early Years Foundation Stage']",,นายมนตรี ธนะสิงห์,,ไม่รับเงินอุดหนุน,,,,,,,,https://pedb.opec.go.th/web/SchoolPdc.htm?mode=showPicture&t=1&id=24701,,,,
110,1110700126,นานาชาติแอสทรา อะคาเดมี่,ASTRA ACADEMY INTERNATIONAL SCHOOL,กรุงเทพมหานคร,วัฒนา,พระโขนงเหนือ,154 หมู่ - ซอย เอกมัย 14 ถนน สุขุมวิท 63 แขวงพระโขนงเหนือ เขตวัฒนา กรุงเทพมหานคร 10110,https://www.astra.ac.th,Live Domain Match & Verification,,,,,,13.716704674865,100.589813441313,https://school.opec.go.th/school/1110700126,"['ก่อนอนุบาล', 'อนุบาล', 'ประถมศึกษา', 'มัธยมศึกษาตอนต้น', 'มัธยมศึกษาตอนปลาย']",ก่อนอนุบาล - มัธยมศึกษาตอนปลาย,131,16,"['The Early Years Foundation Stage', 'The  National Curriculum in England Key Stage 1-5']",,,,ไม่รับเงินอุดหนุน,,,,,,,,https://pedb.opec.go.th/web/SchoolPdc.htm?mode=showPicture&t=1&id=24729,,,,
111,1110700127,นานาชาติรัชต์ภาคย์,RAJAPARK INTERNATIONAL SCHOOL,กรุงเทพมหานคร,วังทองหลาง,พลับพลา,68 หมู่ - ซอย รามคำแหง 21 แยก 10 ถนน รามคำแหง แขวงพลับพลา เขตวังทองหลาง กรุงเทพมหานคร 10310,https://rajapark.ac.th,Live Domain Match & Verification,,,,,,13.761371711158,100.603477033136,https://school.opec.go.th/school/1110700127,"['ก่อนอนุบาล', 'อนุบาล', 'ประถมศึกษา', 'มัธยมศึกษาตอนต้น', 'มัธยมศึกษาตอนปลาย']",ก่อนอนุบาล - มัธยมศึกษาตอนปลาย,26,6,"['หลักสูตรสหรัฐอเมริกัน', 'School of Tomorrow']",,,นางสาว แพรภัสส์ เลิศรัฐพัชร์,ไม่รับเงินอุดหนุน,,,,,,,,https://pedb.opec.go.th/web/SchoolPdc.htm?mode=showPicture&t=1&id=24737,,,,
112,1110700128,นานาชาติฟินแลนด์แห่งประเทศไทย เฮย์กรุงเทพ (สุขุมวิท),Finland International School of Thailand : Hei Bangkok (Sukhumvit),กรุงเทพมหานคร,คลองเตย,คลองตัน,32 ซอย สุขุมวิท 36 แขวงคลองตัน เขตคลองเตย กรุงเทพมหานคร 10110,https://www.heibangkok.com,OPEC Profile,https://www.heibangkok.com/,https://www.facebook.com/heibangkok,,0820025555,,13.7209105,100.5744438,https://school.opec.go.th/school/1110700128,['อนุบาล'],อนุบาล - อนุบาล,0,16,[],,นายไพบูลย์  สุขชุม,นางพรลดา วินิชบุตร,ไม่รับเงินอุดหนุน,,,,,,,,https://pedb.opec.go.th/web/SchoolPdc.htm?mode=showPicture&t=1&id=24776,@heibangkok,https://www.instagram.com/heischools_bangkok/,,
113,1110700130,อนุบาลนานาชาติดับเบิลทรี พระราม 3,DOUBLE TREES RAMA  3 INTERNATIONAL KINDERGARTEN,กรุงเทพมหานคร,ยานนาวา,ช่องนนทรี,311/1 ถนน สาธุประดิษฐ์ แขวงช่องนนทรี เขตยานนาวา กรุงเทพมหานคร 10120,https://doubletreesschool.ac.th,Live Domain Match & Verification,,,,,,13.702458456951,100.5302056207,https://school.opec.go.th/school/1110700130,"['ก่อนอนุบาล', 'อนุบาล']",ก่อนอนุบาล - อนุบาล,39,14,"['The Early Years Foundation Stage', 'The National Curriculum in England Key Stage 1']",,นางทองอยู่ เอมรื่น,นางโซเนีย แกน,ไม่รับเงินอุดหนุน,,,,,,,,https://pedb.opec.go.th/web/SchoolPdc.htm?mode=showPicture&t=1&id=24836,,,,
114,1110700131,อนุบาลนานาชาติลิตเติ้ลโคอาล่า,Little Koala International Kinderga,กรุงเทพมหานคร,คลองเตย,พระโขนง,4154 ถนน พระรามที่ 4 แขวงพระโขนง เขตคลองเตย กรุงเทพมหานคร 10110,https://www.littlekoalaschool.com/index.php/en,Live Domain Match & Verification,,,,,,13.712802253258,100.588395860847,https://school.opec.go.th/school/1110700131,['อนุบาล'],อนุบาล - อนุบาล,147,16,['Australian National Curriculum'],,,นางสาวอุมารัตน์ บุญเกิด,ไม่รับเงินอุดหนุน,,,,,,,,https://pedb.opec.go.th/web/SchoolPdc.htm?mode=showPicture&t=1&id=24876,,,,
115,1110700132,นานาชาติเพ็ญสมิทธ์,Pensmith International School,กรุงเทพมหานคร,บางกะปิ,หัวหมาก,209 ซอย รามคำแหง 68 (สุภาพงษ์) แขวงหัวหมาก เขตบางกะปิ กรุงเทพมหานคร 10240,https://www.pis.ac.th/main/view/Layout/selection.php,Live Domain Match & Verification,,,,,,13.765618370231,100.656327253671,https://school.opec.go.th/school/1110700132,"['อนุบาล', 'ประถมศึกษา', 'มัธยมศึกษาตอนต้น', 'มัธยมศึกษาตอนปลาย']",อนุบาล - มัธยมศึกษาตอนปลาย,14,7,"['A National British Curriculum', 'High School Curriculum Pennsylvania Department Of Education', 'วิชาภาษาไทย  วัฒนธรรมไทย  และประวัติศาสตร์ไทย สำหรับโรงเรียนในระบบ ประเภทนานาชาติ']",นางสาวพริ้มรส มารีประสิทธิ์,,,ไม่รับเงินอุดหนุน,,,,,,,,https://pedb.opec.go.th/web/SchoolPdc.htm?mode=showPicture&t=1&id=24906,,,,
116,1110700133,นานาชาติโอ๊คบิวรี่,Oakbury International School,กรุงเทพมหานคร,จตุจักร,จันทรเกษม,99/9 ซอย ลาดพร้าว 35 ถนน ลาดพร้าว แขวงจันทรเกษม เขตจตุจักร กรุงเทพมหานคร 10900,https://oakbury.ac.th,OPEC Profile,https://www.oakbury.ac.th,https://oakbury_bangkok,0925999093,,,13.809156438247,100.580980424108,https://school.opec.go.th/school/1110700133,"['ก่อนอนุบาล', 'อนุบาล']",ก่อนอนุบาล - อนุบาล,52,15,['The National Curriculum in England Key Stage 1'],,,,ไม่รับเงินอุดหนุน,,,,,,,,https://pedb.opec.go.th/web/SchoolPdc.htm?mode=showPicture&t=1&id=24930,@oakbury_bangkok,,,
117,1110700134,นานาชาติรีเจ้นท์-หลังสวน,Regent International School-LangSuan,กรุงเทพมหานคร,ปทุมวัน,ลุมพินี,65 ซอย หลังสวน แขวงลุมพินี เขตปทุมวัน กรุงเทพมหานคร 10330,https://regents.ac.th,Live Domain Match & Verification,,,,,,13.736041864,100.545113089,https://school.opec.go.th/school/1110700134,"['ก่อนอนุบาล', 'อนุบาล']",ก่อนอนุบาล - อนุบาล,12,0,[],,,,ไม่รับเงินอุดหนุน,,,,,,,,https://pedb.opec.go.th/web/SchoolPdc.htm?mode=showPicture&t=1&id=25117,,,,
118,1110700135,นานาชาติกรแก้วมอนเตสซอรี่,Kornkaew International Montessori School,กรุงเทพมหานคร,พญาไท,พญาไท,21 ซอย อารีย์ 3 ถนน พหลโยธิน แขวงพญาไท เขตพญาไท กรุงเทพมหานคร 10400,https://www.kims-inter.com,Live Domain Match & Verification,,,,,,13.782254971462,100.542617626741,https://school.opec.go.th/school/1110700135,"['ก่อนอนุบาล', 'อนุบาล']",ก่อนอนุบาล - อนุบาล,0,1,[],นายคมกริช หงสประภาส,,นายคมกริช หงสประภาส,ไม่รับเงินอุดหนุน,,,,,,,,https://pedb.opec.go.th/web/SchoolPdc.htm?mode=showPicture&t=1&id=25142,,,,
119,1110700136,อนุบาลนานาชาติคิดส์ คิงดอม ร่วมฤดี,Kids Kingdom Ruamrudee International Kindergarten School,กรุงเทพมหานคร,ปทุมวัน,ลุมพินี,63/2 ซอย ร่วมฤดี แขวงลุมพินี เขตปทุมวัน กรุงเทพมหานคร 10330,https://www.rism.ac.th,Live Domain Match & Verification,https://www.kidskingdom.ac.th,https://www.facebook.com/kidskingdomruamrudee/,022538515,0636246152,,13.737368336485801,100.54962779933624,https://school.opec.go.th/school/1110700136,"['ก่อนอนุบาล', 'อนุบาล']",ก่อนอนุบาล - อนุบาล,100,11,"['International Preschool Curriculum (IPC)', 'หลักสูตรภาษาไทย วัฒนธรรมไทยและประวัติศาสตร์ไทย']",,นายธงชัย สุขหมื่น,นางสาวรวิวรรณ บุพพัณหสมัย,ไม่รับเงินอุดหนุน,โรงเรียนอนุบาลนานาชาติคิดส์ คิงดอม ร่วมฤดี ใช้หลักสูตร International Preschool Curriculum (IPC) ในการจัดการเรียนการสอนระดับก่อนประถมศึกษา สำหรับเด็กอายุ 2 ปี ถึง 6 ปี โดยมุ่งเน้นให้นักเรียนมีความรักในการเรียนรู้ผ่านการอบรมเลี้ยงดูและการส่งเสริมกระบวนการเรียนรู้ที่มีคุณภาพและเหมาะสมกับพัฒนาการทั้งด้านร่างกาย อารมณ์ สังคม และสติปัญญา โดยครูที่ผ่านการพัฒนาวิชาชีพโดยตรง มีคุณสมบัติที่เหมาะสมในการสนับสนุนการเรียนรู้ เรียนรู้ไปพร้อมกับเด็ก ส่งเสริมการพัฒนาทักษะในการดำเนินชีวิต จัดบรรยากาศภายในโรงเรียนและห้องเรียนที่มีความอบอุ่นและความเอื้ออาทร จัดสิ่งแวดล้อมที่เอื้อต่อการเรียนรู้จัดเตรียมสื่อและแหล่งเรียนรู้ที่หลากหลายโดยคำนึงถึงความปลอดภัยเป็นสำคัญ คงไว้ซึ่งการอนุรักษ์วัฒนธรรมและความเป็นไทย และพัฒนาศักยภาพของเด็กให้ปรากฏชัดเจนยิ่งขึ้น เพื่อนักเรียนเป็นผู้เรียนรู้ตลอดชีวิตที่มีความสุข และมีจิตใจที่ดีงาม,เน้นให้นักเรียนมีพัฒนาการตามวัย ทั้งด้านร่างกายจิตใจ อารมณ์และสังคมอย่าง เต็มศักยภาพ เข้าใจธรรมชาติและสิ่งแวดล้อมรอบตัว และอยู่ในสังคมได้อย่างมี ความสุข ตลอดจนมีความรู้ ความเข้าใจในเนื้อหาทักษะตามรายวิชา และสามารถใช้ภาษาอังกฤษได้ตามเกณฑ์อย่างถูกต้อง,,,การสอนแบบเล่นปนเรียน (Playing and Learning) เน้นให้เด็กกล้าแสดงออก มีความเป็นผู้นำและผู้ตามที่ดี และสามา รถดำรงชีวิตในสังคมได้อย่างมีความสุข,เล่นและเรียนอย่างสร้างสรรค์,,https://pedb.opec.go.th/web/SchoolPdc.htm?mode=showPicture&t=1&id=25246,kids_kingdom,https://www.instagram.com/kidskingdomruamrudee,,
120,1110700137,นานาชาติเซนต์มาร์ค ออสเตรเลีย,ST.MARKS AUSTRALIAN INTERNATIONAL SCHOOL,กรุงเทพมหานคร,สวนหลวง,อ่อนนุช,1294 ถนน ศรีนครินทร์ แขวงอ่อนนุช เขตสวนหลวง กรุงเทพมหานคร 10250,https://www.australianisb.ac.th,Live Domain Match & Verification,,,,,,13.736773842823,100.642323969231,https://school.opec.go.th/school/1110700137,"['ประถมศึกษา', 'มัธยมศึกษาตอนต้น', 'มัธยมศึกษาตอนปลาย']",ประถมศึกษา - มัธยมศึกษาตอนปลาย,163,19,['Western Australian Curriculum'],,,นายสวัสดิ์วงศ์ เรื่องเมธานนท์,ไม่รับเงินอุดหนุน,,,,,,,,https://pedb.opec.go.th/web/SchoolPdc.htm?mode=showPicture&t=1&id=25528,,,,
121,1110700138,นานาชาติกลอรี่สิงคโปร์ รามอินทรา,GLORY SINGAPORE INTERNATIONAL SCHOOL RAMINTRA,กรุงเทพมหานคร,คลองสามวา,บางชัน,98 ซอย พระยาสุเรนทร์ 13 แขวงบางชัน เขตคลองสามวา กรุงเทพมหานคร 10510,https://glorysingapore.com,Live Domain Match & Verification,,,,,,13.827791378753,100.695525752704,https://school.opec.go.th/school/1110700138,"['ก่อนอนุบาล', 'อนุบาล', 'ประถมศึกษา']",ก่อนอนุบาล - ประถมศึกษา,10,1,"['Early Years Development Framework', 'Nurturing Early Learners', 'Singapore Primary School Curriculum', 'หลักสูตรภาษาไทย วัฒนธรรมไทยและประวัติศาสตร์ไทย']",นางอรษา ชาวเมืองบน,,,ไม่รับเงินอุดหนุน,,,,,,,,https://pedb.opec.go.th/web/SchoolPdc.htm?mode=showPicture&t=1&id=25551,,,,
122,1110700139,นานาชาติ เอสบีเอส แบงค์คอก,SBS INTERNATIONAL SCHOOL BANGKOK,กรุงเทพมหานคร,ลาดกระบัง,ทับยาว,14 ถนน มอเตอร์เวย์ แขวงทับยาว เขตลาดกระบัง กรุงเทพมหานคร 10520,https://sbsbangkok.ac.th,OPEC Profile,https://sbsbangkok.ac.th/,https://SBS International School Bangkok,,0815778222,,13.7341876,100.7974099,https://school.opec.go.th/school/1110700139,"['ก่อนอนุบาล', 'อนุบาล', 'ประถมศึกษา', 'มัธยมศึกษาตอนต้น', 'มัธยมศึกษาตอนปลาย']",ก่อนอนุบาล - มัธยมศึกษาตอนปลาย,158,40,[],,นางสาวสํานวน คุณพล,นางสาวอภิระมณ อุไรรัตน์,ไม่รับเงินอุดหนุน,,"To provide a future-focused world-class international education, inspired by innovation and high quality teaching and learning, and a commitment to nurture both the heart and mind.",,,,,,https://pedb.opec.go.th/web/SchoolPdc.htm?mode=showPicture&t=1&id=25886,sbsbangkok,sbsbangkok,@sbsbangkok,
123,1110700140,นานาชาติบีอีวายซี,BEYC International School,กรุงเทพมหานคร,ห้วยขวาง,สามเสนนอก,12 และ 14 ถนน สุทธิสารสะพาน 3 แขวงสามเสนนอก เขตห้วยขวาง กรุงเทพมหานคร 10310,https://www.bis.ac.th,Live Domain Match & Verification,,,,,,13.783042106,100.584472102,https://school.opec.go.th/school/1110700140,['อนุบาล'],อนุบาล - อนุบาล,0,1,[],,,,ไม่รับเงินอุดหนุน,,,,,,,,https://pedb.opec.go.th/web/SchoolPdc.htm?mode=showPicture&t=1&id=25950,,,,
124,1110700142,นานาชาติไรซิ่ง โอคส์ แบงคอค,Rising Oaks International School Bangkok,กรุงเทพมหานคร,ทวีวัฒนา,ทวีวัฒนา,304/2 ถนน ทวีวัฒนา - กาญจนาภิเษก แขวงทวีวัฒนา เขตทวีวัฒนา กรุงเทพมหานคร 10170,https://roisb.ac.th,Live Domain Match & Verification,,,,,,13.75750798907,100.381439915105,https://school.opec.go.th/school/1110700142,"['ก่อนอนุบาล', 'อนุบาล', 'ประถมศึกษา', 'มัธยมศึกษาตอนต้น', 'มัธยมศึกษาตอนปลาย']",ก่อนอนุบาล - มัธยมศึกษาตอนปลาย,164,2,"['Early years foundation stage statutory framework', 'The national Curriculum in England']",,,,ไม่รับเงินอุดหนุน,,,,,,,,https://pedb.opec.go.th/web/SchoolPdc.htm?mode=showPicture&t=1&id=26016,,,,
125,1110700143,นานาชาติเอสพีจีเอส กรุงเทพฯ,SPGS International School Bangkok,กรุงเทพมหานคร,ยานนาวา,ช่องนนทรี,"222, 224 ถนน วงแหวนอุตสาหกรรม แขวงช่องนนทรี เขตยานนาวา กรุงเทพมหานคร 10120",https://sisb.ac.th,Live Domain Match & Verification,,,,,,13.68424623651,100.542389337386,https://school.opec.go.th/school/1110700143,"['ก่อนอนุบาล', 'อนุบาล', 'ประถมศึกษา', 'มัธยมศึกษาตอนต้น', 'มัธยมศึกษาตอนปลาย']",ก่อนอนุบาล - มัธยมศึกษาตอนปลาย,0,2,"['Early years foundation stage statutory framework', 'The national Curriculum in England']",,,นายเบน เตชะอุบล,ไม่รับเงินอุดหนุน,,,,,,,,https://pedb.opec.go.th/web/SchoolPdc.htm?mode=showPicture&t=1&id=26266,,,,
126,1110700144,นานาชาติมิดเดิลตัน กรุงเทพ,Middleton International School Bangkok,กรุงเทพมหานคร,บางพลัด,บางบำหรุ,28 ถนน รุ่งประชา แขวงบางบำหรุ เขตบางพลัด กรุงเทพมหานคร 10700,https://middleton.ac.th,OPEC Profile,https://middleton.ac.th/,https://www.facebook.com/middletonthailand/,0800759882,,,13.787804775238,100.473344509298,https://school.opec.go.th/school/1110700144,"['ก่อนอนุบาล', 'อนุบาล', 'ประถมศึกษา', 'มัธยมศึกษาตอนต้น', 'มัธยมศึกษาตอนปลาย']",ก่อนอนุบาล - มัธยมศึกษาตอนปลาย,24,21,[],,,,ไม่รับเงินอุดหนุน,,,,,,,,https://pedb.opec.go.th/web/SchoolPdc.htm?mode=showPicture&t=1&id=26304,,https://www.instagram.com/middletonthailand/,,
127,1110700145,นานาชาติ ดัลลิช คอลเลจ กรุงเทพ,Dulwich College International School Bangkok,กรุงเทพมหานคร,ประเวศ,ดอกไม้,99 ถนน รามคำแหง 2 แขวงดอกไม้ เขตประเวศ กรุงเทพมหานคร 10250,https://www.dulwich.org,Live Domain Match & Verification,,,,,,13.743051301568,100.601048628148,https://school.opec.go.th/school/1110700145,"['อนุบาล', 'ประถมศึกษา', 'มัธยมศึกษาตอนต้น']",อนุบาล - มัธยมศึกษาตอนต้น,0,2,[],,,,ไม่รับเงินอุดหนุน,,,,,,,,https://pedb.opec.go.th/web/SchoolPdc.htm?mode=showPicture&t=1&id=26317,,,,
128,1110700146,นานาชาติ เดอะ ชาตะกะ อุษาคเนย์,The Jataka International School Southeast Asia,กรุงเทพมหานคร,พระโขนง,บางจาก,93 ซอย สุขุมวิท 99 แขวงบางจาก เขตพระโขนง กรุงเทพมหานคร 10260,https://jsa.ac.th,Live Domain Match & Verification,,,,,,13.697315740258,100.609430363686,https://school.opec.go.th/school/1110700146,['อนุบาล'],อนุบาล - อนุบาล,2,1,['Early Years Foundation Stage (EYFS)'],,,,ไม่รับเงินอุดหนุน,,,,,,,,https://pedb.opec.go.th/web/SchoolPdc.htm?mode=showPicture&t=1&id=26395,,,,
129,1110700147,นานาชาติลิลเบอร์รี่,Lilberry International School,กรุงเทพมหานคร,ยานนาวา,ช่องนนทรี,3 ถนน ยานนาวา แขวงช่องนนทรี เขตยานนาวา กรุงเทพมหานคร 10120,https://lis.ac.th,Live Domain Match & Verification,,,,,,13.680893831738,100.543084917843,https://school.opec.go.th/school/1110700147,"['ก่อนอนุบาล', 'อนุบาล']",ก่อนอนุบาล - อนุบาล,0,4,[],,,,ไม่รับเงินอุดหนุน,,,,,,,,https://pedb.opec.go.th/web/SchoolPdc.htm?mode=showPicture&t=1&id=26403,,,,
130,1110700148,ประถมนานาชาติเซโกญา โนวา,Sequoia Nova International Primary School,กรุงเทพมหานคร,สาทร,ทุ่งมหาเมฆ,14-15 ถนน เชื้อเพลิง แขวงทุ่งมหาเมฆ เขตสาทร กรุงเทพมหานคร 10120,https://sequoia-nova.com,Live Domain Match & Verification,,,,,,13.719325234983,100.553575875495,https://school.opec.go.th/school/1110700148,[],ไม่ระบุ,0,0,[],,,,ไม่รับเงินอุดหนุน,,,,,,,,https://pedb.opec.go.th/web/SchoolPdc.htm?mode=showPicture&t=1&id=26427,,,,
131,1110700149,นานาชาติบี ออลไบร้ท์,Be Albright International School,กรุงเทพมหานคร,บางแค,บางไผ่,138/6 ถนน พุทธมณฑลสาย 3 แขวงบางไผ่ เขตบางแค กรุงเทพมหานคร 10160,https://bais.ac.th,Live Domain Match & Verification,,,,,,13.737841706762,100.363850644084,https://school.opec.go.th/school/1110700149,[],ไม่ระบุ,0,1,[],,,,ไม่รับเงินอุดหนุน,,,,,,,,https://pedb.opec.go.th/web/SchoolPdc.htm?mode=showPicture&t=1&id=26434,,,,
132,1111700001,นานาชาติไทย-สิงคโปร์,THAI - SINGAPORE INTERNATIONAL SCHOOL,สมุทรปราการ,เมืองสมุทรปราการ,สำโรงเหนือ,1000 หมู่ 5 ถนน ศรีนครินทร์  ต.สำโรงเหนือ อ.เมืองสมุทรปราการ จ.สมุทรปราการ 10270,https://sisb.ac.th,Live Domain Match & Verification,,,,,,13.646424,100.639132,https://school.opec.go.th/school/1111700001,"['ก่อนอนุบาล', 'อนุบาล', 'ประถมศึกษา', 'มัธยมศึกษาตอนต้น', 'มัธยมศึกษาตอนปลาย']",ก่อนอนุบาล - มัธยมศึกษาตอนปลาย,1782,206,"['หลักสูตรสหราชอาณาจักร', 'Cambridge International Curriculum', 'National Curriculum for Primary School']",นางสุภา เม่นมิ่ง,,นางสุภา เม่นมิ่ง,ไม่รับเงินอุดหนุน,,,,,,,,https://pedb.opec.go.th/web/SchoolPdc.htm?mode=showPicture&t=1&id=4828,,,,
133,1111700002,นานาชาติแบงค์คอก-ชิคาโก คริสเตียน,BANGKOK - CHICAGO CHRISTIAN INTERNATIONAL SCHOOL,สมุทรปราการ,เมืองสมุทรปราการ,บางเมือง,99/558 หมู่ 8 ซอย โรงพยาบาลเปาโลเมโมเรียล สมุทรปราการ ถนน ศรีนครินทร์ ต.บางเมือง อ.เมืองสมุทรปราการ จ.สมุทรปราการ,https://chicagolandprivateschools.com,Live Domain Match & Verification,,,,,,13.591784,100.617024,https://school.opec.go.th/school/1111700002,"['ก่อนอนุบาล', 'อนุบาล', 'ประถมศึกษา', 'มัธยมศึกษาตอนต้น', 'มัธยมศึกษาตอนปลาย']",ก่อนอนุบาล - มัธยมศึกษาตอนปลาย,24,14,"['หลักสูตรสิงคโปร์', 'Southwest Chicago Christian School']",นางเขมสิริ ประภามนตรีพงศ์,นายอุฬาร ประภามนตรีพงศ์,,ไม่รับเงินอุดหนุน,,,,,,,,https://pedb.opec.go.th/web/SchoolPdc.htm?mode=showPicture&t=1&id=16626,,,,
134,1111700003,ไทยซิกข์นานาชาติ,THAI SIKH INTERNATIONAL SCHOOL,สมุทรปราการ,เมืองสมุทรปราการ,สำโรงเหนือ,1799/1-2 ถนน ทางรถไฟเก่า ต.สำโรงเหนือ อ.เมืองสมุทรปราการ จ.สมุทรปราการ 10270,https://www.tsis.ac.th,Live Domain Match & Verification,,,,,,13.6592739,100.594643,https://school.opec.go.th/school/1111700003,"['ก่อนอนุบาล', 'อนุบาล', 'ประถมศึกษา', 'มัธยมศึกษาตอนต้น', 'มัธยมศึกษาตอนปลาย']",ก่อนอนุบาล - มัธยมศึกษาตอนปลาย,306,8,"['หลักสูตรสหราชอาณาจักร', 'The Early Years Foundation Stage (EYFS)']",,นางจิราพร รอดรังนก,,ไม่รับเงินอุดหนุน,,,,,,,,https://pedb.opec.go.th/web/SchoolPdc.htm?mode=showPicture&t=1&id=4877,,,,
135,1111700004,นานาชาติไทย-จีน,THAI-CHINESE INTERNATIONAL SCHOOL,สมุทรปราการ,บางพลี,บางพลีใหญ่,101/177 หมู่ 7 ซอย หมู่บ้านบางพลีนิเวศน์ ถนน ประเสริฐศิลป์ ต.บางพลีใหญ่ อ.บางพลี จ.สมุทรปราการ 10540,https://www.tcis.ac.th,Live Domain Match & Verification,,,,,,13.6273659,100.6986833,https://school.opec.go.th/school/1111700004,"['ก่อนอนุบาล', 'อนุบาล', 'ประถมศึกษา', 'มัธยมศึกษาตอนต้น', 'มัธยมศึกษาตอนปลาย']",ก่อนอนุบาล - มัธยมศึกษาตอนปลาย,661,92,"['หลักสูตรสหรัฐอเมริกัน', 'หลักสูตรอเมริกัน']",,นางเพ็ญพร  แก้วมาก,นายธนัท ธาตุทองแท้,ไม่รับเงินอุดหนุน,,,,,,,,https://pedb.opec.go.th/web/SchoolPdc.htm?mode=showPicture&t=1&id=4879,,,,
136,1111700005,ดิ อเมริกัน สคูล ออฟ แบงค็อก,THE AMERICAN SCHOOL OF BANGKOK,สมุทรปราการ,บางพลี,บางโฉลง,900 หมู่ 3 ต.บางโฉลง อ.บางพลี จ.สมุทรปราการ 10540,https://asb.ac.th,Live Domain Match & Verification,,,,,,13.5948081,100.8047721,https://school.opec.go.th/school/1111700005,"['อนุบาล', 'ประถมศึกษา', 'มัธยมศึกษาตอนต้น', 'มัธยมศึกษาตอนปลาย']",อนุบาล - มัธยมศึกษาตอนปลาย,656,42,"['หลักสูตรสหรัฐอเมริกัน', 'American Curriculum']",นางลักขณา ดิษยะศริน,นางสาวปรียา  เสริมแสง,นางลักขณา ดิษยะศริน,ไม่รับเงินอุดหนุน,,,,,,,,https://pedb.opec.go.th/web/SchoolPdc.htm?mode=showPicture&t=1&id=4880,,,,
137,1111700006,นานาชาติคอนคอร์เดียน,CONCORDIAN INTERNATIONAL SCHOOL,สมุทรปราการ,บางพลี,บางแก้ว,918 หมู่ 8 ถนน บางนา-ตราด ต.บางแก้ว อ.บางพลี จ.สมุทรปราการ 10540,https://www.concordian.ac.th,Live Domain Match & Verification,,,,,,13.6382728,100.6740613,https://school.opec.go.th/school/1111700006,"['ก่อนอนุบาล', 'อนุบาล', 'ประถมศึกษา', 'มัธยมศึกษาตอนต้น', 'มัธยมศึกษาตอนปลาย']",ก่อนอนุบาล - มัธยมศึกษาตอนปลาย,1016,170,"['หลักสูตรประเทศอังกฤษ', 'International Baccalaureate']",,นางวิจิตรวงศ์ ชนะรัตน์,นางวรรณี  เจียรวนนท์ รอสส์,ไม่รับเงินอุดหนุน,,,,,,,,https://pedb.opec.go.th/web/SchoolPdc.htm?mode=showPicture&t=1&id=4881,,,,
138,1111700007,นานาชาติสิงคโปร์สุวรรณภูมิ,Singapore Suvarnabhumi International School,สมุทรปราการ,บางพลี,บางแก้ว,4/5หมู่ที่ 5 ต.บางแก้ว อ.บางพลี จ.สมุทรปราการ 10540,https://sisb.ac.th,Live Domain Match & Verification,,,,,,13.6167153,100.6635431,https://school.opec.go.th/school/1111700007,"['ก่อนอนุบาล', 'อนุบาล', 'ประถมศึกษา', 'มัธยมศึกษาตอนต้น', 'มัธยมศึกษาตอนปลาย']",ก่อนอนุบาล - มัธยมศึกษาตอนปลาย,287,54,"['หลักสูตรสหราชอาณาจักรบริเตนใหญ่และไอร์แลนเหนือ', 'หลักสูตรสิงคโปร์', 'Child-Centered Curriculum', 'Singapore National Curriculum']",,,,ไม่รับเงินอุดหนุน,,,,,,,,https://pedb.opec.go.th/web/SchoolPdc.htm?mode=showPicture&t=1&id=4977,,,,
139,1111700008,นานาชาติราฟเฟิลส์อเมริกัน,Raffles American International School,สมุทรปราการ,บางพลี,บางแก้ว,15/4 หมู่ 15 ถนน บางนา-ตราด37 ต.บางแก้ว อ.บางพลี จ.สมุทรปราการ 10540,https://www.rais.ac.th,Live Domain Match & Verification,,,,,,13.6645989,100.6594577,https://school.opec.go.th/school/1111700008,"['ก่อนอนุบาล', 'อนุบาล', 'ประถมศึกษา', 'มัธยมศึกษาตอนต้น', 'มัธยมศึกษาตอนปลาย']",ก่อนอนุบาล - มัธยมศึกษาตอนปลาย,570,108,"['หลักสูตรสหรัฐอเมริกัน', 'California Department of Education', 'International Baccalaureate Diploma Programme (IBDP)']",,นางกชณัช นวลนิศาชล,นางกชณัช นวลนิศาชล,ไม่รับเงินอุดหนุน,,โรงเรียนนานาชาติราฟเฟิลส์อเมริกัน มุ่งเน้นให้โรงเรียนเป็นที่ยอมรับตามมาตรฐานสากลและเป็นโรงเรียนนานาชาติระดับชั้นนำ ส่งเสริมสนับสนุนให้ผู้เรียนมีความคิดสร้างสรรค์และสร้างนวัตกรรมใหม่เหมาะสมกับศักยภาพของแต่ละบุคคลให้ประสบผลสำเร็จสูงสุด,1. ส่งเสริมผู้เรียนให้สามารถไตร่ตรองเหตุผลตามบริบทสถานการณ์ พัฒนาตนจนบรรลุเป้าหมายที่มุ่งหวัง และอยู่ร่วมกับผู้อื่นด้อย่างสมานฉันท์ 2. ส่งเสริมครูและบุคลากรให้มีจรรยาบรรณวิชาชีพเป็นแบบอย่างที่ดีตามประเพณี 3. ส่งเสริมสถานศึกษาเชิงระบบแบบมีส่วนร่วม,,,,"Pre-School,High-School,Pre-School to High-School",https://pedb.opec.go.th/web/SchoolPdc.htm?mode=showPicture&t=1&id=19089,,,,
140,1111700009,นานาชาติดีเพร็พ,D-PREP International School,สมุทรปราการ,บางพลี,บางแก้ว,"38,38/1-3,39 หมู่ 6 ต.บางแก้ว อ.บางพลี จ.สมุทรปราการ 10540",https://d-prep.ac.th,Live Domain Match & Verification,,,,,,13.5990961,100.5998319,https://school.opec.go.th/school/1111700009,"['อนุบาล', 'ประถมศึกษา', 'มัธยมศึกษาตอนต้น', 'มัธยมศึกษาตอนปลาย']",อนุบาล - มัธยมศึกษาตอนปลาย,334,57,"['หลักสูตรประเทศอังกฤษ', 'Common Core State Standards', 'International Baccalaureate (IB) Primary Year Programe (PYP)']",นางธินา สิงห์ สัจจะ,,,ไม่รับเงินอุดหนุน,,,,,,,,https://pedb.opec.go.th/web/SchoolPdc.htm?mode=showPicture&t=1&id=19715,,,,
141,1111700011,นานาชาติเวอร์โซ,Verso International School,สมุทรปราการ,บางพลี,บางโฉลง,198 หมู่ 4 ซอย สารเศรษฐศิริ ถนน สุวรรณภูมิ 3 ต.บางโฉลง อ.บางพลี จ.สมุทรปราการ 10540,https://www.verso.ac.th,OPEC Profile,https://www.verso.ac.th/,https://www.facebook.com/versoschool,020806200,,,13.633333919042295,100.73264594881364,https://school.opec.go.th/school/1111700011,"['ก่อนอนุบาล', 'อนุบาล', 'ประถมศึกษา', 'มัธยมศึกษาตอนต้น', 'มัธยมศึกษาตอนปลาย']",ก่อนอนุบาล - มัธยมศึกษาตอนปลาย,0,40,"['หลักสูตรสหรัฐอเมริกัน', 'หลักสูตรอเมริกัน']",,,,ไม่รับเงินอุดหนุน,"The word VERSO means the left-hand side of the page of an open book. To us, this represents the start of something new. New possibilities, new wonders, new adventures, and new questions. VERSO is challenging our fundamental beliefs about the school experience. As the pace of change intensifies, our educational systems are failing to evolve quickly enough. At VERSO we prepare our young people with the skills and mindsets necessary to confidently and competently navigate this change. The World Economic Forum lists innovation, critical thinking, creativity, and complex problem-solving as future-ready skills. That is what VERSO brings to Thailand and the world.

VERSO is a home for passionate, positive, and brave educators and students prepared to disrupt the status quo and create a future-focused school. We continue to be inspired by what tomorrow might bring and to build a school that gives learners from around the world the opportunity to develop their human potential, their empathy, and a space where they can be their authentic selves.",To inspire everyone to be Future Ready,To build a global community of Citizen Designers,"Identity , Engagement , Confidence",SCHOOL OF THE FUTURE WITH A FUTURE-READY CURRICULUM.,"Curious to Explore, Inspried to Connect, Driven to Contribute, Equipped to Transition",At VERSO we prepare our young people with the skills and mindsets necessary to confidently and competently navigate the ever-changing world around them.,https://pedb.opec.go.th/web/SchoolPdc.htm?mode=showPicture&t=1&id=24300,https://twitter.com/i/flow/login?redirect_after_login=%2Fversoschool%2F,https://www.instagram.com/versoschool/,,https://www.youtube.com/channel/UCoYOs5fYaXFv_LDAgX4VKYQ
142,1111700012,นานาชาติ วิคคอมบ์ แอบบี้ แบงคอก,Wycombe Abbey International School Bangkok,สมุทรปราการ,บางพลี,บางโฉลง,198/9 หมู่ 4 ซอย สารเศรษฐศิริ ถนน สุวรรณภูมิ 3 ต.บางโฉลง อ.บางพลี จ.สมุทรปราการ 10540,https://wycombeabbey.ac.th,Live Domain Match & Verification,,,,,,13.633880972,100.756433179,https://school.opec.go.th/school/1111700012,"['ก่อนอนุบาล', 'อนุบาล', 'ประถมศึกษา', 'มัธยมศึกษาตอนต้น', 'มัธยมศึกษาตอนปลาย']",ก่อนอนุบาล - มัธยมศึกษาตอนปลาย,0,16,[],,นายสุรินทร์ มั่นประสงค์,นางสาวพิชญ์วดี กิตติปัญญางาม,ไม่รับเงินอุดหนุน,,,,,,,,https://pedb.opec.go.th/web/SchoolPdc.htm?mode=showPicture&t=1&id=26267,,,,
143,1112700001,นานาชาติแฮมพ์ตั้น,Hampton International School,นนทบุรี,ปากเกร็ด,บางตลาด,51/8 หมู่2 ถนน ติวานนท์ ต.บางตลาด อ.ปากเกร็ด จ.นนทบุรี 11120,https://hamptonschool.ac.th,Live Domain Match & Verification,,,,,,13.8989333,100.528517,https://school.opec.go.th/school/1112700001,"['ก่อนอนุบาล', 'อนุบาล', 'ประถมศึกษา']",ก่อนอนุบาล - ประถมศึกษา,21,10,"['หลักสูตรสหรัฐอเมริกัน', 'California Department of Education CDE']",นางสาวอันวิดา อภิจารี,,นายศกลภพ กิตติวราวุฒิ,ไม่รับเงินอุดหนุน,,,,,,,,https://pedb.opec.go.th/web/SchoolPdc.htm?mode=showPicture&t=1&id=5182,,,,
144,1112700002,สถานศึกษานานาชาติ,INTERNATIONAL SCHOOL BANGKOK (ISB),นนทบุรี,ปากเกร็ด,บางตลาด,39/7 ซอย นิชดาธานี   ถนน สามัคคี ต.บางตลาด อ.ปากเกร็ด จ.นนทบุรี 11120,https://www.isb.ac.th,Live Domain Match & Verification,,,,,,13.8934369,100.5262061,https://school.opec.go.th/school/1112700002,"['ก่อนอนุบาล', 'อนุบาล', 'ประถมศึกษา', 'มัธยมศึกษาตอนต้น', 'มัธยมศึกษาตอนปลาย']",ก่อนอนุบาล - มัธยมศึกษาตอนปลาย,1038,189,"['หลักสูตรสหรัฐอเมริกัน', 'International Curriculum']",,,นางอุษา สมบูรณ์,ไม่รับเงินอุดหนุน,,,,,,,,https://pedb.opec.go.th/web/SchoolPdc.htm?mode=showPicture&t=1&id=5219,,,,
145,1112700003,นานาชาติแมจิกเยียร์ส,Magic Years International Kindergarten,นนทบุรี,ปากเกร็ด,บางตลาด,22/122 หมู่ 3 ซอย ประเสริฐอิสลาม ต.บางตลาด อ.ปากเกร็ด จ.นนทบุรี 11120,https://www.myis.ac.th,Live Domain Match & Verification,,,,,,13.886627,100.532945,https://school.opec.go.th/school/1112700003,"['ก่อนอนุบาล', 'อนุบาล', 'ประถมศึกษา', 'มัธยมศึกษาตอนต้น', 'มัธยมศึกษาตอนปลาย']",ก่อนอนุบาล - มัธยมศึกษาตอนปลาย,124,24,"['โรงเรียนนานาชาติซีสเต็มส์ ลิตเทิลเฮ้าส์', 'Common Core State Standarts (CCSS)', 'International Baccalaureate (IB) Middle Years Programme (MYP)', 'International Baccalaureate (IB) Primary Year Programe (PYP)']",นางสาวอรสา  กาญจนชูศักดิ์,นางสาวสพิณดา  สุวรุจิพร,นางสาวอรสา  กาญจนชูศักดิ์,ไม่รับเงินอุดหนุน,,,,,,,,https://pedb.opec.go.th/web/SchoolPdc.htm?mode=showPicture&t=1&id=5341,,,,
146,1112700004,นานาชาติ เซนต์ แอนดูรว์ส สามัคคี,St. Andrews International School Samakee,นนทบุรี,เมืองนนทบุรี,ท่าทราย,43 หมู่ที่ 2 ซอยติวานนท์ 48 ถนน ติวานนท์ ต.ท่าทราย อ.เมืองนนทบุรี จ.นนทบุรี 11000,https://www.standrews-samakee.com,Live Domain Match & Verification,,,,,,13.8825692,100.5192516,https://school.opec.go.th/school/1112700004,"['ก่อนอนุบาล', 'อนุบาล', 'ประถมศึกษา', 'มัธยมศึกษาตอนต้น']",ก่อนอนุบาล - มัธยมศึกษาตอนต้น,120,47,"['หลักสูตรสหราชอาณาจักร', 'National Curriculum for England and Wales', 'หลักสูตรเคมบริดจ์']",,,,ไม่รับเงินอุดหนุน,,,,,,,,https://pedb.opec.go.th/web/SchoolPdc.htm?mode=showPicture&t=1&id=5343,,,,
147,1112700005,นานาชาติ ดราก้อน,DRAGON INTERNATIONAL SCHOOL,นนทบุรี,บางกรวย,บางคูเวียง,189 หมู่ 3 ต.บางคูเวียง อ.บางกรวย จ.นนทบุรี 11130,https://www.dis.ac.th,Live Domain Match & Verification,,,,,,13.8264792,100.4240248,https://school.opec.go.th/school/1112700005,"['อนุบาล', 'ประถมศึกษา']",อนุบาล - ประถมศึกษา,157,26,"['หลักสูตรสิงคโปร์', 'Singapore Primary School Curriculum', 'หลักสูตรก่อนประถมศึกษา กระทรวงศึกษาธิการ แห่งสาธารณรัฐสิงค์โปร์']",นางสาวสุมณฑา บุญฟู,,นางสาวสุมณฑา บุญฟู,ไม่รับเงินอุดหนุน,,,,,,,,https://pedb.opec.go.th/web/SchoolPdc.htm?mode=showPicture&t=1&id=5355,,,,
148,1112700006,นานาชาติเด่นหล้า บริติช,DBS Denla British School,นนทบุรี,ปากเกร็ด,อ้อมเกร็ด,58 หมู่ 2 ต.อ้อมเกร็ด อ.ปากเกร็ด จ.นนทบุรี 11120,https://www.dbsbangkok.ac.th,OPEC Profile,https://dbsbangkok.ac.th,https://www.facebook.com/DBSBangkok,026661933,,,13.9115895,100.4510185,https://school.opec.go.th/school/1112700006,"['ก่อนอนุบาล', 'อนุบาล', 'ประถมศึกษา', 'มัธยมศึกษาตอนต้น', 'มัธยมศึกษาตอนปลาย']",ก่อนอนุบาล - มัธยมศึกษาตอนปลาย,999,84,"['หลักสูตรสหราชอาณาจักร', 'อังกฤษและเวลส์']",นายอารย์ ปาลเดชพงศ์,นายอารย์ ปาลเดชพงศ์,,ไม่รับเงินอุดหนุน,โรงเรียนนานาชาติ เด่นหล้าบริติช (Denla British International School) เป็นสถาบันการศึกษาที่มีชื่อเสียง โดยใช้หลักสูตรของประเทศอังกฤษเพื่อพัฒนาศักยภาพของนักเรียนให้มีทักษะที่สำคัญในโลกปัจจุบัน ไม่ว่าจะเป็นทางด้านวิชาการ กีฬา ศิลปะ หรือการสร้างคุณค่าทางสังคม เรามุ่งเน้นการสร้างสภาพแวดล้อมที่เหมาะสมสำหรับการเรียนรู้และการเติบโตทั้งในด้านร่างกายและจิตใจ,เป็นโรงเรียนชั้นนำระดับโลกที่สร้างนักเรียนที่มีศักยภาพสูง สามารถแข่งขันในระดับสากล พร้อมทั้งมีคุณธรรมและจิตสำนึกต่อสังคม,พัฒนานักเรียนให้มีความสามารถทางวิชาการในระดับสากล ส่งเสริมการคิดอย่างมีวิจารณญาณและการแก้ไขปัญหา สร้างสรรค์บรรยากาศการเรียนรู้ที่กระตุ้นการพัฒนาทางจิตใจ ร่างกาย และจิตวิญญาณ,"""เรียนรู้ สร้างสรรค์ เติบโตอย่างยั่งยืน""",โรงเรียนที่มีสภาพแวดล้อมการเรียนการสอนที่เน้นความร่วมมือและการเติบโตทางความคิดแบบองค์รวม,นักเรียนที่มีทักษะครบถ้วนทั้งทางวิชาการและจริยธรรม สามารถนำความรู้ที่ได้รับไปใช้เพื่อประโยชน์ต่อสังคมและโลก,"โรงเรียนนานาชาติ, หลักสูตรอังกฤษ, โรงเรียนคุณภาพ, การศึกษานานาชาติ, Denla British School",https://pedb.opec.go.th/web/SchoolPdc.htm?mode=showPicture&t=1&id=19332,,https://www.instagram.com/denlabritishschool.dbs/,,
149,1112700007,ร่วมฤดีวิเทศศึกษา ราชพฤกษ์ แคมปัส,Ruamrudee International school ratchapruek campus,นนทบุรี,เมืองนนทบุรี,บางกร่าง,999 หมู่ 4 ต.บางกร่าง อ.เมืองนนทบุรี จ.นนทบุรี 11000,https://www.rism.ac.th,Live Domain Match & Verification,,,,,,13.8394235,100.4553922,https://school.opec.go.th/school/1112700007,"['ก่อนอนุบาล', 'อนุบาล', 'ประถมศึกษา', 'มัธยมศึกษาตอนต้น', 'มัธยมศึกษาตอนปลาย']",ก่อนอนุบาล - มัธยมศึกษาตอนปลาย,374,37,"['หลักสูตรสหรัฐอเมริกัน', 'American Education Reaches Out (AERO)', 'Pre-School follows the District of Columbia Common Core Learning Standard and Upper Grades follow th']",-,,,ไม่รับเงินอุดหนุน,,,,,,,,https://pedb.opec.go.th/web/SchoolPdc.htm?mode=showPicture&t=1&id=23857,,,,
150,1112700008,นานาชาติสาธิตคริสเตียนนนทบุรี,INTERNATIONAL CHRISTIAN SCHOOL NONTHABURI,นนทบุรี,เมืองนนทบุรี,ตลาดขวัญ,145/1 หมู่ - ซอย - ถนน ประชาราษฎร์ ต.ตลาดขวัญ อ.เมืองนนทบุรี จ.นนทบุรี 11000,https://www.icsn.ac.th,Live Domain Match & Verification,,,,,,13.841405517348,100.492806323102,https://school.opec.go.th/school/1112700008,"['ก่อนอนุบาล', 'อนุบาล', 'ประถมศึกษา', 'มัธยมศึกษาตอนต้น', 'มัธยมศึกษาตอนปลาย']",ก่อนอนุบาล - มัธยมศึกษาตอนปลาย,574,76,['Massachusetts Curriculum Frameworks'],นายอาทิตย์ เอกตระกูล,,,ไม่รับเงินอุดหนุน,,,,,,,,https://pedb.opec.go.th/web/SchoolPdc.htm?mode=showPicture&t=1&id=24528,,,,
151,1112700009,นานาชาติสิงคโปร์นนทบุรี,SINGAPORE INTERNAIONAL SCHOOL NONTHABURI,นนทบุรี,ปากเกร็ด,คลองพระอุดม,98 หมู่ 4 ต.คลองพระอุดม อ.ปากเกร็ด จ.นนทบุรี 11120,https://sisb.ac.th,Live Domain Match & Verification,,,,,,13.928519484,100.478212344,https://school.opec.go.th/school/1112700009,"['ก่อนอนุบาล', 'อนุบาล', 'ประถมศึกษา', 'มัธยมศึกษาตอนต้น', 'มัธยมศึกษาตอนปลาย']",ก่อนอนุบาล - มัธยมศึกษาตอนปลาย,622,103,"['Cambridge', 'Early Year Foundation Stage', 'National Curriculum for Primary School']",,,,ไม่รับเงินอุดหนุน,,,,,,,,https://pedb.opec.go.th/web/SchoolPdc.htm?mode=showPicture&t=1&id=25248,,,,
152,1112700010,นานาชาติ ทีเอชเอ็ม,THM International School,นนทบุรี,ปากเกร็ด,บางตลาด,39/932 หมู่ 3 ต.บางตลาด อ.ปากเกร็ด จ.นนทบุรี 11120,https://www.thm.ac.th,Live Domain Match & Verification,,,0647959926,,,13.891911127119888,100.54009589082526,https://school.opec.go.th/school/1112700010,['อนุบาล'],อนุบาล - อนุบาล,0,6,['Massachusetts Curriculum Frameworks'],,,,ไม่รับเงินอุดหนุน,,,,,,,,https://pedb.opec.go.th/web/SchoolPdc.htm?mode=showPicture&t=1&id=25259,thm_school,,,
153,1112700011,เด่นหล้า พระราม 5,Denla Rama V School,นนทบุรี,บางกรวย,บางขุนกอง,8 หมู่ 6 ต.บางขุนกอง อ.บางกรวย จ.นนทบุรี 11130,https://www.dbsbangkok.ac.th,Live Domain Match & Verification,,,,,,13.82797607399,100.438815886359,https://school.opec.go.th/school/1112700011,"['ก่อนอนุบาล', 'อนุบาล', 'ประถมศึกษา', 'มัธยมศึกษาตอนต้น', 'มัธยมศึกษาตอนปลาย']",ก่อนอนุบาล - มัธยมศึกษาตอนปลาย,0,1,['The New Jersey Student Learning Standards'],,,,ไม่รับเงินอุดหนุน,,,,,,,,https://pedb.opec.go.th/web/SchoolPdc.htm?mode=showPicture&t=1&id=25505,,,,
154,1112700012,นานาชาติไนทส์บริดจ์เฮ้าส์ นนทบุรี,Knightsbridge House International School Nonthaburi,นนทบุรี,ปากเกร็ด,บางพูด,94/9 หมู่ 8 ต.บางพูด อ.ปากเกร็ด จ.นนทบุรี 11120,https://www.knightsbridgeschool.com,Live Domain Match & Verification,,,,,,13.925475872,100.516309793,https://school.opec.go.th/school/1112700012,"['ประถมศึกษา', 'มัธยมศึกษาตอนต้น']",ประถมศึกษา - มัธยมศึกษาตอนต้น,164,16,[],,,,ไม่รับเงินอุดหนุน,,,,,,,,https://pedb.opec.go.th/web/SchoolPdc.htm?mode=showPicture&t=1&id=25912,,,,
155,1112700014,นานาชาตินิวอเมริกันไชนีส,New American Chinese International School,นนทบุรี,เมืองนนทบุรี,ตลาดขวัญ,18/1 ซอย เลี่ยงเมืองนนทบุรี 2 ต.ตลาดขวัญ อ.เมืองนนทบุรี จ.นนทบุรี 11000,https://www.nac-inter.com/en,Live Domain Match & Verification,,,,,,13.841658623062,100.500489785362,https://school.opec.go.th/school/1112700014,['มัธยมศึกษาตอนต้น'],มัธยมศึกษาตอนต้น - มัธยมศึกษาตอนต้น,0,0,[],,,,ไม่รับเงินอุดหนุน,,,,,,,,https://pedb.opec.go.th/web/SchoolPdc.htm?mode=showPicture&t=1&id=26404,,,,
156,1113700001,นานาชาติสยาม,SIAM INTERNATIONAL SCHOOL,ปทุมธานี,ธัญบุรี,บึงยี่โถ,55/5 ถนน รังสิต-นครนายก ต.บึงยี่โถ อ.ธัญบุรี จ.ปทุมธานี 12110,https://sis.edu/khaoyai,Live Domain Match & Verification,,,,,,13.995894,100.672243,https://school.opec.go.th/school/1113700001,"['อนุบาล', 'ประถมศึกษา', 'มัธยมศึกษาตอนต้น', 'มัธยมศึกษาตอนปลาย']",อนุบาล - มัธยมศึกษาตอนปลาย,28,7,"['หลักสูตรแคนนาดา', 'หลักสูตรสหรัฐอเมริกัน', 'California Curriculum']",,,นายธนินพัฒน์ จันทรเรือง,ไม่รับเงินอุดหนุน,,,,,,,,https://pedb.opec.go.th/web/SchoolPdc.htm?mode=showPicture&t=1&id=5518,,,,
157,1113700002,สาธิตปทุม,SATHIT PATHUM DEMONSTRATION SCHOOL,ปทุมธานี,เมืองปทุมธานี,บางคูวัด,99/38 ซอย สุวรรณตรา ถนน 345 ต.บางคูวัด อ.เมืองปทุมธานี จ.ปทุมธานี 12000,https://www.sathitpathum.ac.th,Live Domain Match & Verification,,,,,,13.959523546971191,100.51683755250957,https://school.opec.go.th/school/1113700002,"['อนุบาล', 'ประถมศึกษา', 'มัธยมศึกษาตอนต้น', 'มัธยมศึกษาตอนปลาย']",อนุบาล - มัธยมศึกษาตอนปลาย,93,9,"['The Early Years Foundation Stage', 'Cambridge Assessment International Education', 'Cambridge Assessment International Education (Cambridge Lower Secondary)', 'วิชาภาษาไทย  วัฒนธรรมไทย  และประวัติศาสตร์ไทย สำหรับโรงเรียนในระบบ ประเภทนานาชาติ']",นางประชุมพร  สุวรรณตรา,,,ไม่รับเงินอุดหนุน,,,,,,,,https://pedb.opec.go.th/web/SchoolPdc.htm?mode=showPicture&t=1&id=24175,,,,
158,1113700003,โกลบอลอินเดียนนานาชาติ,GLOBAL INDIAN INTERNATIONAL SCHOOL,ปทุมธานี,เมืองปทุมธานี,บางขะแยง,39/39 หมู่ที่ 1 ซอยวัดชินวราราม ต.บางขะแยง อ.เมืองปทุมธานี จ.ปทุมธานี 12000,https://globalindianschool.org,Live Domain Match & Verification,,,,,,13.9694066,100.5274773,https://school.opec.go.th/school/1113700003,"['อนุบาล', 'ประถมศึกษา', 'มัธยมศึกษาตอนต้น', 'มัธยมศึกษาตอนปลาย']",อนุบาล - มัธยมศึกษาตอนปลาย,141,16,['Central Board of Secondary Education'],นางสาวอริสรา พรหมเงิน,นางสาวอริสรา พรหมเงิน,นางสาวอริสรา พรหมเงิน,ไม่รับเงินอุดหนุน,,,,,,,,https://pedb.opec.go.th/web/SchoolPdc.htm?mode=showPicture&t=1&id=5651,,,,
159,1113700004,ไทยอินเตอร์เนชั่นแนลสกูล,THAI INTERNATIONAL SCHOOL,ปทุมธานี,เมืองปทุมธานี,บ้านกลาง,456 หมู่ 5 ถนน รังสิต-ปทุมธานี ต.บ้านกลาง อ.เมืองปทุมธานี จ.ปทุมธานี 12000,https://www.tis.ac.th,Live Domain Match & Verification,,,,,,14.024008,100.5423702,https://school.opec.go.th/school/1113700004,"['ก่อนอนุบาล', 'อนุบาล', 'ประถมศึกษา']",ก่อนอนุบาล - ประถมศึกษา,75,24,"['หลักสูตรที่จัดทำขึ้นโดยใช้ Common Core State Standards, Next Generation Science Standards']",นางมัลลิการ์ ธรรมวัฒนะ,,,ไม่รับเงินอุดหนุน,,,,,,,,https://pedb.opec.go.th/web/SchoolPdc.htm?mode=showPicture&t=1&id=19364,,,,
160,1113700005,นานาชาติเคไอเอสเรนวูดปาร์ค,KIS International School Reignwood Park,ปทุมธานี,ลำลูกกา,ลำไทร,888/99 หมู่ 8 ต.ลำไทร อ.ลำลูกกา จ.ปทุมธานี 12150,https://krp.ac.th,Live Domain Match & Verification,,,,,,13.973993549,100.863503985,https://school.opec.go.th/school/1113700005,"['ก่อนอนุบาล', 'อนุบาล', 'ประถมศึกษา', 'มัธยมศึกษาตอนต้น', 'มัธยมศึกษาตอนปลาย']",ก่อนอนุบาล - มัธยมศึกษาตอนปลาย,247,61,"['The Early Years Foundation Stage', 'Diploma Programme (DP)', 'International Baccalaureate (IB) Middle Years Programme (MYP)', 'Primary Year Programe (PYP)', 'หลักสูตรประกาศนียบัตรขั้นพื้นฐานของโรงเรียน KIS Reignwood Park International School']",,,นายพริษฐ์ รักตพงศ์ไพศาล,ไม่รับเงินอุดหนุน,,,,,,,,https://pedb.opec.go.th/web/SchoolPdc.htm?mode=showPicture&t=1&id=25437,,,,
161,1116700001,นานาชาติเครสท์วิว,Crestview International School,ลพบุรี,เมืองลพบุรี,พรหมมาสตร์,110 หมู่ 1 ซอย - ถนน - ต.พรหมมาสตร์ อ.เมืองลพบุรี จ.ลพบุรี 15000,https://www.crestview.ac.th,Live Domain Match & Verification,,,,,,14.145859374807095,100.61068339915663,https://school.opec.go.th/school/1116700001,"['ก่อนอนุบาล', 'อนุบาล', 'ประถมศึกษา']",ก่อนอนุบาล - ประถมศึกษา,92,15,"['Carson - Dellosa American Curriculum PRESCHOOL', 'International Preschool Curriculum (IPC)']",,,,ไม่รับเงินอุดหนุน,,,,,,,,https://pedb.opec.go.th/web/SchoolPdc.htm?mode=showPicture&t=1&id=24426,,,,
162,1118700001,คริสเตียนมโนรมย์นานาชาติ,Manorom International Chiristian School,ชัยนาท,มโนรมย์,คุ้งสำเภา,164 หมู่ที่ 3 ถนน มโนรมย์ - อุทัยธานี ต.คุ้งสำเภา อ.มโนรมย์ จ.ชัยนาท 17110,https://www.manoromschool.ac.th,Live Domain Match & Verification,,,,,,15.299576,100.09311560000003,https://school.opec.go.th/school/1118700001,"['อนุบาล', 'ประถมศึกษา', 'มัธยมศึกษาตอนต้น', 'มัธยมศึกษาตอนปลาย']",อนุบาล - มัธยมศึกษาตอนปลาย,137,21,"['หลักสูตรสหรัฐอเมริกัน', 'A.C.E. (Accelerated Christian Education)']",นายวีระ  พงศ์รุจิกร,นางวิไล  พงศ์รุจิกร,นางสาวสิริกานต์  พลึก,ไม่รับเงินอุดหนุน,,,,,,,,https://pedb.opec.go.th/web/SchoolPdc.htm?mode=showPicture&t=1&id=16940,,,,
163,1119700001,นานาชาติแคลิฟอร์เนีย เพรพ,California Prep International School,สระบุรี,แก่งคอย,บ้านป่า,9 หมู่ 11 ถนน มิตรภาพ ต.บ้านป่า อ.แก่งคอย จ.สระบุรี 18110,https://www.californiaschool.com,Live Domain Match & Verification,,,,,,14.586293,101.019276,https://school.opec.go.th/school/1119700001,"['อนุบาล', 'ประถมศึกษา', 'มัธยมศึกษาตอนต้น', 'มัธยมศึกษาตอนปลาย']",อนุบาล - มัธยมศึกษาตอนปลาย,273,43,"['หลักสูตรประเทศอังกฤษ', 'California Curriculum ของ California Department of Education']",นายภักดี มั่งมีวัฒนา,นายภักดี มั่งมีวัฒนา,นางสาวหนึ่งนลิน ตาวิณโณ,ไม่รับเงินอุดหนุน,,,,,,,,https://pedb.opec.go.th/web/SchoolPdc.htm?mode=showPicture&t=1&id=6147,,,,
164,1119700002,นานาชาติเซนต์จอห์นแมรี,SAINT JOHN MARY INTERNATIONAL SCHOOL,สระบุรี,เมืองสระบุรี,หนองยาว,131 ถนน พหลโยธิน ต.หนองยาว อ.เมืองสระบุรี จ.สระบุรี 18000,https://www.sjm.ac.th,Live Domain Match & Verification,,,,,,14.464811,100.9071964,https://school.opec.go.th/school/1119700002,"['อนุบาล', 'ประถมศึกษา', 'มัธยมศึกษาตอนต้น', 'มัธยมศึกษาตอนปลาย']",อนุบาล - มัธยมศึกษาตอนปลาย,441,56,"['หลักสูตรสหรัฐอเมริกัน', 'Californian Common Core']",,ดร.ปุณณรัตน์ ชินะผา,ดร.ปุณณรัตน์ ชินะผา,ไม่รับเงินอุดหนุน,,,,,,,,https://pedb.opec.go.th/web/SchoolPdc.htm?mode=showPicture&t=1&id=6165,,,,
165,1119700003,นานาชาติ จอห์น ไวแอท มอนเตสซอรี,John Wyatt Montessori International School,สระบุรี,หนองโดน,หนองโดน,338 หมู่ 1 ต.หนองโดน อ.หนองโดน จ.สระบุรี 18190,https://hotelvillaflamingo.com,Live Domain Match & Verification,,,,,,14.68501,100.708129,https://school.opec.go.th/school/1119700003,"['ก่อนอนุบาล', 'อนุบาล', 'ประถมศึกษา', 'มัธยมศึกษาตอนต้น', 'มัธยมศึกษาตอนปลาย']",ก่อนอนุบาล - มัธยมศึกษาตอนปลาย,11,4,['Modern Montessori International Preschool MMIP (London)'],,,,ไม่รับเงินอุดหนุน,,,,,,,,https://pedb.opec.go.th/web/SchoolPdc.htm?mode=showPicture&t=1&id=17020,,,,
166,1119700004,นานาชาติแอ๊ดเวนติสมิชชัน,Adventist Mission International School,สระบุรี,มวกเหล็ก,มวกเหล็ก,195 หมู่ 3 ต.มวกเหล็ก อ.มวกเหล็ก จ.สระบุรี 18180,https://dev.aims.ac.th,Live Domain Match & Verification,,,,,,14.9314315,102.0256221,https://school.opec.go.th/school/1119700004,"['ก่อนอนุบาล', 'อนุบาล', 'ประถมศึกษา', 'มัธยมศึกษาตอนต้น', 'มัธยมศึกษาตอนปลาย']",ก่อนอนุบาล - มัธยมศึกษาตอนปลาย,358,70,"['หลักสูตรสหรัฐอเมริกัน', 'สหรัฐอเมริกา']",,นางเจลจิรา จรูญแสง,นายวีระศักดิ์ ฤทธิไตรภพ,ไม่รับเงินอุดหนุน,,,,,,,,https://pedb.opec.go.th/web/SchoolPdc.htm?mode=showPicture&t=1&id=6117,,,,
167,1120700001,นานาชาติธาราพัฒนา,Tara Pattana International School,ชลบุรี,บางละมุง,หนองปรือ,88 หมู่ 13 ต.หนองปรือ อ.บางละมุง จ.ชลบุรี 20150,https://www.tpis.ac.th,OPEC Profile,https://www.tpis.ac.th,https://www.facebook.com/tpispattaya,038224511,0633834222,,12.9070517,100.92364829999997,https://school.opec.go.th/school/1120700001,"['ก่อนอนุบาล', 'อนุบาล', 'ประถมศึกษา', 'มัธยมศึกษาตอนต้น', 'มัธยมศึกษาตอนปลาย']",ก่อนอนุบาล - มัธยมศึกษาตอนปลาย,325,52,['British National Curriculum'],นางสุธินี    ศรีพธูราษฎร์,นางสุพรรณี ดิคซอน-สมิธ,นางสุพรรณี ดิคซอน-สมิธ,ไม่รับเงินอุดหนุน,ที่ TPIS เราเชื่อว่านักเรียนทุกคนมีสิทธิ์เข้าถึงหลักสูตรที่กว้างขวางและสมดุล ซึ่งอุดมไปด้วยความรู้และมีแนวทางที่ครอบคลุม,ความคาดหวังสูงสุดในการสอนและการเรียนรู้ที่สร้างแรงบันดาลใจให้นักเรียนบรรลุศักยภาพที่ดีที่สุดในแบบของตนด้วยความเอาใจใส่ของชุมชนนานาชาติ,โรงเรียนมีความมุ่งมั่นในการจัดการเรียนรู้เพื่อเสริมสร้างแรงบันดาลใจให้แก่นักเรียนในการค้นพบ ศักยภาพที่แท้จริงแล้วนํามาใช้ให้เกิดประโยชน์สูงสุดในการดํารงชีวิต,“Expect the best : มุ่งมั่นให้ดีที่สุด”,นักเรียนทุกคนของโรงเรียนนานาชาติธาราพัฒนาจะต้องมีความรู้ความสามารถ ในด้านวิชาการทุกสาขาวิชา รู้จักการใช้การตั้งคําถามตามความสําคัญเพื่อนําไปสู่การแก้ปัญหาอย่างมีเป้าหมาย โดยสามารถใช้เหตุและผลรวมถึงความอิสระในการคิดวิเคราะห์ในแง่มุมที่แตกต่างกัน,อัตลักษณ์ส่วนบุคคล แผนการจัดการเรียนการสอนและจัดการบ้านโดยคํานึงถึงความแตกต่างกันระหว่าง บุคคลเพื่อตอบสนองความต้องการของแต่ละบุคคลอย่างมีขอบเขตให้แก่นักเรียนตามหลักวิชาการและบรรลุเป้าหมายตามหลักสูตร อัตลักษณ์ท้องถิ่น ภาษาไทยยังเป็นปัจจัยที่สําคัญของห,Expect the best : มุ่งมั่นให้ดีที่สุด,https://pedb.opec.go.th/web/SchoolPdc.htm?mode=showPicture&t=1&id=6403,@tarapattana,@tpis_pattaya,,
168,1120700002,นานาชาติรีเจ้นท์ พัทยา,Regents International School Pattaya,ชลบุรี,บางละมุง,โป่ง,33/3 หมู่ 1 ถนน บายพาส 36 ต.โป่ง อ.บางละมุง จ.ชลบุรี 20150,https://regents.ac.th,Live Domain Match & Verification,,,,,,12.968673,100.97337900000002,https://school.opec.go.th/school/1120700002,"['ก่อนอนุบาล', 'อนุบาล', 'ประถมศึกษา', 'มัธยมศึกษาตอนต้น', 'มัธยมศึกษาตอนปลาย']",ก่อนอนุบาล - มัธยมศึกษาตอนปลาย,1104,90,"['Cambridge A level และ Pearson Edexcel', 'Cambridge IGCSE', 'Early years foundation stage statutory framework', 'International Baccalaureate Diploma Programme (IBDP)', 'International Primary Curriculum (IPC)', 'Peason Edexcel International GCSEs', 'The English National Curriculum', 'The national Curriculum in England']",นายวีระชัย  เตชะวิจิตร์,นายวีระชัย  เตชะวิจิตร์,นายวีระชัย  เตชะวิจิตร์,ไม่รับเงินอุดหนุน,,,,,,,,https://pedb.opec.go.th/web/SchoolPdc.htm?mode=showPicture&t=1&id=6458,,,,
169,1120700003,นานาชาติภาคตะวันออก,INTERNATIONAL SCHOOL EASTERN SEABOARD,ชลบุรี,ศรีราชา,บ่อวิน,282 ต.บ่อวิน อ.ศรีราชา จ.ชลบุรี 20230,https://www.brandbucket.com/names/ises,Live Domain Match & Verification,,,,,,13.0397805,101.04734580000002,https://school.opec.go.th/school/1120700003,"['อนุบาล', 'ประถมศึกษา', 'มัธยมศึกษาตอนต้น', 'มัธยมศึกษาตอนปลาย']",อนุบาล - มัธยมศึกษาตอนปลาย,138,21,"['หลักสูตรประเทศอังกฤษ', 'American Curriculum', 'IB / International Baccalaureate Programme', 'หลักสูตรอเมริกัน']",,หม่อมหลวงภาว์รัตน์  จารุจินดา,นางสาวจิตรา มนูญวงศ์,ไม่รับเงินอุดหนุน,,,,,,,,https://pedb.opec.go.th/web/SchoolPdc.htm?mode=showPicture&t=1&id=6459,,,,
170,1120700004,สมาคมไทย-ญี่ปุ่น ศรีราชา,Thai Japanese Association School Sriracha,ชลบุรี,ศรีราชา,สุรศักดิ์,312/10 หมู่ 5 ต.สุรศักดิ์ อ.ศรีราชา จ.ชลบุรี 20110,https://www.tjas.ac.th,Live Domain Match & Verification,,,,,,13.161539,100.98664499999995,https://school.opec.go.th/school/1120700004,"['ประถมศึกษา', 'มัธยมศึกษาตอนต้น']",ประถมศึกษา - มัธยมศึกษาตอนต้น,397,43,['หลักสูตรแกนกลางของประเทศญี่ปุ่น'],นางผาสุข  ประกาศสุขการ,,นางสาวนิอร  อกนิษฐ์พรหม,ไม่รับเงินอุดหนุน,,,,,,,,https://pedb.opec.go.th/web/SchoolPdc.htm?mode=showPicture&t=1&id=6581,,,,
171,1120700005,นานาชาติมูลตรีภักดี,Mooltripakdee International School,ชลบุรี,บางละมุง,หนองปรือ,77 หมู่ 3 ถนน ถนนชัยพรวิถี 25 ต.หนองปรือ อ.บางละมุง จ.ชลบุรี,https://www.mis.ac.th,Live Domain Match & Verification,,,,,,12.9478254,100.94979639999997,https://school.opec.go.th/school/1120700005,"['ก่อนอนุบาล', 'อนุบาล', 'ประถมศึกษา', 'มัธยมศึกษาตอนต้น', 'มัธยมศึกษาตอนปลาย']",ก่อนอนุบาล - มัธยมศึกษาตอนปลาย,897,164,"['Early Years Foundation Stage (EYFS)', 'The national Curriculum in England', 'The National Curriculum of England (Key Stage 3)', 'หลักสูตรแคมบริดจ์ระดับมัธยมศึกษาตอนปลาย (IGCSE)', 'หลักสูตรแคมบริดจ์ระดับสูง (AS & A Level)']",นางสาววิราวรรณ มูลตรีภักดี,นางสันทยา ศุภกระนสาร,นางกรรณิการ์ คุ้มไพโรจน์,ไม่รับเงินอุดหนุน,,,,,,,,https://pedb.opec.go.th/web/SchoolPdc.htm?mode=showPicture&t=1&id=16623,,,,
172,1120700007,อนุบาลนานาชาติต้นหลิว,Tonlew International Kindergarten,ชลบุรี,เมืองชลบุรี,เหมือง,127 หมู่ที่ 5 ต.เหมือง อ.เมืองชลบุรี จ.ชลบุรี 20130,https://www.tikis.com,Live Domain Match & Verification,,,,,,13.283489,100.97015239999996,https://school.opec.go.th/school/1120700007,"['ก่อนอนุบาล', 'อนุบาล', 'ประถมศึกษา']",ก่อนอนุบาล - ประถมศึกษา,211,10,"['Cambridge International Curriculum', 'หลักสูตรกลางของประเทศอังกฤษ']",,,,ไม่รับเงินอุดหนุน,,,,,,,,https://pedb.opec.go.th/web/SchoolPdc.htm?mode=showPicture&t=1&id=18932,,,,
173,1120700008,นานาชาติ ชลบุรี,International school og Chonburi,ชลบุรี,บางละมุง,บางละมุง,315 หมู่ 1 ซอย ซอยบางละมุง 39 ต.บางละมุง อ.บางละมุง จ.ชลบุรี 20150,https://www.isoc.com,Live Domain Match & Verification,,,,,,13.005017,100.93304799999999,https://school.opec.go.th/school/1120700008,"['ก่อนอนุบาล', 'อนุบาล', 'ประถมศึกษา']",ก่อนอนุบาล - ประถมศึกษา,81,6,['National Curriculum in England'],นายดีปาค แดงมณีรัตน์,,นายดีปาค แดงมณีรัตน์,ไม่รับเงินอุดหนุน,,,,,,,,https://pedb.opec.go.th/web/SchoolPdc.htm?mode=showPicture&t=1&id=6314,,,,
174,1120700009,นานาชาติรักบี้,RUGBY SCHOOL THAILAND,ชลบุรี,บางละมุง,เขาไม้แก้ว,7/2 หมู่ 2 ต.เขาไม้แก้ว อ.บางละมุง จ.ชลบุรี 20150,https://www.rugbyschool.ac.th,Live Domain Match & Verification,,,,,,12.9509487,101.02171069999997,https://school.opec.go.th/school/1120700009,"['ก่อนอนุบาล', 'อนุบาล', 'ประถมศึกษา', 'มัธยมศึกษาตอนต้น', 'มัธยมศึกษาตอนปลาย']",ก่อนอนุบาล - มัธยมศึกษาตอนปลาย,1224,160,['หลักสูตรจากระบบอังกฤษ (IGCSE and A-Level)'],นางทยา ทีปสุวรรณ,นางสาวภคณัชธ์ ธาตุรักษ์,นายกมลพัฒน์ ทีปสุวรรณ,ไม่รับเงินอุดหนุน,,,,,,,,https://pedb.opec.go.th/web/SchoolPdc.htm?mode=showPicture&t=1&id=19565,,,,
175,1120700010,นานาชาติบูรพาพัฒนศาสตร์,Burapha Phatthanasart International School,ชลบุรี,บางละมุง,หนองปรือ,253/17 หมู่ 13 ซอย 81 ต.หนองปรือ อ.บางละมุง จ.ชลบุรี 20150,https://bpis.ac.th,Live Domain Match & Verification,,,,,,13.2800377,100.9240173,https://school.opec.go.th/school/1120700010,"['ประถมศึกษา', 'มัธยมศึกษาตอนต้น', 'มัธยมศึกษาตอนปลาย']",ประถมศึกษา - มัธยมศึกษาตอนปลาย,79,4,"['หลักสูตรประเทศอังกฤษ', 'หลักสูตรแห่งชาติประเทศสหราชอาณาจักร']",นางวัฒนา ณัฏฐโสภณ,นายรุุ่งโรจน์ ตรงสกุล,,ไม่รับเงินอุดหนุน,,,,,,,,https://pedb.opec.go.th/web/SchoolPdc.htm?mode=showPicture&t=1&id=19673,,,,
176,1120700011,อนุบาลนานาชาติคิดส์อะเวนิว,KIDS AVENUE INTERNATIONAL KINDERGARTEN SCHOOL,ชลบุรี,ศรีราชา,สุรศักดิ์,194/38 หมู่ 5 ต.สุรศักดิ์ อ.ศรีราชา จ.ชลบุรี 20110,https://www.kidsavenue.ac.th,Live Domain Match & Verification,,,,,,13.1713687,100.97639049999998,https://school.opec.go.th/school/1120700011,"['ก่อนอนุบาล', 'อนุบาล']",ก่อนอนุบาล - อนุบาล,146,11,"['หลักสูตรประเทศอังกฤษ', 'Early Year Foundation Stage']",นายอภิชา มนต์วิเศษ,นายเสนาะ มนต์วิเศษ,นางสาวนภชนก ฐานวาณิชกุล,ไม่รับเงินอุดหนุน,,,,,,,,https://pedb.opec.go.th/web/SchoolPdc.htm?mode=showPicture&t=1&id=19890,,,,
177,1120700012,นานาชาติ อีเอฟไอพี,EFIP INTERNATIONAL SCHOOL,ชลบุรี,บางละมุง,ห้วยใหญ่,58/31 หมู่ 3 ต.ห้วยใหญ่ อ.บางละมุง จ.ชลบุรี 20150,https://www.satisfyer.com/int,Live Domain Match & Verification,,,,,,12.867948427625862,100.94324755442558,https://school.opec.go.th/school/1120700012,['อนุบาล'],อนุบาล - อนุบาล,245,1,['French National Curriculum'],,,,ไม่รับเงินอุดหนุน,,,,,,,,https://pedb.opec.go.th/web/SchoolPdc.htm?mode=showPicture&t=1&id=24438,,,,
178,1120700013,นานาชาติเวลล์ส ชลบุรี,Well International School Chonburi,ชลบุรี,บ้านบึง,บ้านบึง,88/8 หมู่ 2 ต.บ้านบึง อ.บ้านบึง จ.ชลบุรี 20170,https://wells.ac.th,Live Domain Match & Verification,,,,,,13.304352319,101.116004805,https://school.opec.go.th/school/1120700013,"['ก่อนอนุบาล', 'อนุบาล', 'ประถมศึกษา', 'มัธยมศึกษาตอนต้น', 'มัธยมศึกษาตอนปลาย']",ก่อนอนุบาล - มัธยมศึกษาตอนปลาย,145,23,[],,,นายเย่า ล่าง จาง,ไม่รับเงินอุดหนุน,,,,,,,,https://pedb.opec.go.th/web/SchoolPdc.htm?mode=showPicture&t=1&id=24996,,,,
179,1120700014,นานาชาติเลิฟเวลล์,LOVELL INTERNATIONAL SCHOOL,ชลบุรี,บางละมุง,นาเกลือ,159 หมู่ 5 ซอย นาเกลือ ถนน พัทยา-นาเกลือ ต.นาเกลือ อ.บางละมุง จ.ชลบุรี 20150,https://lis.ac.th,Live Domain Match & Verification,,,,,,12.942790774,100.790710662,https://school.opec.go.th/school/1120700014,"['ก่อนอนุบาล', 'อนุบาล', 'ประถมศึกษา']",ก่อนอนุบาล - ประถมศึกษา,12,6,"['Early Year Foundation Stage', 'National Curriculum in England']",,นายไพฑูรย์ จันทร์กระจ่าง,นางสาวพัทธมน เมฆะวรากุล,ไม่รับเงินอุดหนุน,,,,,,,,https://pedb.opec.go.th/web/SchoolPdc.htm?mode=showPicture&t=1&id=25185,,,,
180,1120700015,นานาชาติเอลดรีมคริสเตียน,EL DREAM CHRISTIAN INTERNATIONAL SCHOOL,ชลบุรี,บางละมุง,หนองปลาไหล,19/3 หมู่ 5 ต.หนองปลาไหล อ.บางละมุง จ.ชลบุรี 20150,https://www.eldream.ac.th,Live Domain Match & Verification,,,,,,12.984827528,100.964143763,https://school.opec.go.th/school/1120700015,"['อนุบาล', 'ประถมศึกษา', 'มัธยมศึกษาตอนต้น', 'มัธยมศึกษาตอนปลาย']",อนุบาล - มัธยมศึกษาตอนปลาย,22,7,['A.C.E. (Accelerated Christian Education)'],,,นายนครินทร์ สุขเรือง,ไม่รับเงินอุดหนุน,,,,,,,,https://pedb.opec.go.th/web/SchoolPdc.htm?mode=showPicture&t=1&id=25439,,,,
181,1120700016,นานาชาติหัสดิน,Hastin International School,ชลบุรี,บางละมุง,โป่ง,16/5-6 หมู่ 9 ต.โป่ง อ.บางละมุง จ.ชลบุรี 20150,https://www.hastin.ac.th,Live Domain Match & Verification,,,,,,12.918126938361,100.974034602276,https://school.opec.go.th/school/1120700016,"['ก่อนอนุบาล', 'อนุบาล', 'ประถมศึกษา', 'มัธยมศึกษาตอนต้น']",ก่อนอนุบาล - มัธยมศึกษาตอนต้น,331,30,['The Oxford International Curriculum'],นางอรัณัฐ ตันตราภรณ์,,นางอรัณัฐ ตันตราภรณ์,ไม่รับเงินอุดหนุน,,,,,,,,https://pedb.opec.go.th/web/SchoolPdc.htm?mode=showPicture&t=1&id=25789,,,,
182,1120700017,นานาชาติไฮเกต ประเทศไทย,Highgate International School Thailand,ชลบุรี,บางละมุง,โป่ง,50/28 หมู่ 9 ต.โป่ง อ.บางละมุง จ.ชลบุรี 20150,https://highgate.ac.th,Live Domain Match & Verification,,,,,,12.921362063,101.013408156,https://school.opec.go.th/school/1120700017,"['อนุบาล', 'ประถมศึกษา']",อนุบาล - ประถมศึกษา,0,4,[],,,,ไม่รับเงินอุดหนุน,,,,,,,,https://pedb.opec.go.th/web/SchoolPdc.htm?mode=showPicture&t=1&id=26333,,,,
183,1121700001,นานาชาติเซนต์แอนดรูว์ส กรีนวัลเล่ย์,ST.ANDREWS INTERNATIONAL SCHOOL GREENVALLEY,ระยอง,บ้านฉาง,สำนักท้อน,1   หมู่ที่ 7 ถนน บ้านฉาง-มะขามคู่ ต.สำนักท้อน อ.บ้านฉาง จ.ระยอง 21130,https://www.nordangliaeducation.com/sta-bangkok,Live Domain Match & Verification,,,,,,12.8382386,100.9822284,https://school.opec.go.th/school/1121700001,"['ก่อนอนุบาล', 'อนุบาล', 'ประถมศึกษา', 'มัธยมศึกษาตอนต้น', 'มัธยมศึกษาตอนปลาย']",ก่อนอนุบาล - มัธยมศึกษาตอนปลาย,294,63,"['หลักสูตร International Baccalaureate (IB)', 'หลักสูตรประเทศอังกฤษ', 'International Baccalaureate', 'International Baccalaureate (IB)', 'UK National Curriculum']",,นางสาวภัคธินันท์ จตุธนินท์วัชร์,นางสาวเสาคนธ์ ลิมอักษร,ไม่รับเงินอุดหนุน,,,,,,,,https://pedb.opec.go.th/web/SchoolPdc.htm?mode=showPicture&t=1&id=6734,,,,
184,1121700002,นานาชาติสวนระยอง,GARDEN INTERNATIONAL SCHOOL,ระยอง,บ้านฉาง,พลา,188/24 ถนน พลา-บ้างฉาง ต.พลา อ.บ้านฉาง จ.ระยอง 21130,https://gis.ac.th,Live Domain Match & Verification,,,,,,12.6787166,101.0248171,https://school.opec.go.th/school/1121700002,"['อนุบาล', 'ประถมศึกษา', 'มัธยมศึกษาตอนต้น', 'มัธยมศึกษาตอนปลาย']",อนุบาล - มัธยมศึกษาตอนปลาย,493,67,"['หลักสูตร IGCSE', 'หลักสูตรประเทศอังกฤษ', 'IGCSE (The International Generat Certificate of Secondary Education)', 'หลักสูตรการศึกษาระดับประกาศนียบัตรนานาชาติ', 'หลักสูตรสหราชอาณาจักร', 'หลักสูตรแห่งชาติของสหราชอาณาจักร']",,นางลลิตา พลพงษ์,นางสาวจุฑารัตน์ ดอกจันกลาง,ไม่รับเงินอุดหนุน,,,,,,,,https://pedb.opec.go.th/web/SchoolPdc.htm?mode=showPicture&t=1&id=6735,,,,
185,1121700003,นานาชาติเบลฟริย์,BELFRY INTERNATIONAL SCHOOL,ระยอง,บ้านค่าย,หนองตะพาน,99/99 หมู่ 1 ต.หนองตะพาน อ.บ้านค่าย จ.ระยอง 21120,https://www.belfry.ac.th,Live Domain Match & Verification,,,,,,12.76056173,101.260895888,https://school.opec.go.th/school/1121700003,"['ก่อนอนุบาล', 'อนุบาล', 'ประถมศึกษา']",ก่อนอนุบาล - ประถมศึกษา,65,7,['The Early Years Foundation Stage'],,นางสาวธิติดา  ลีลาปัญญาเลิศ,,ไม่รับเงินอุดหนุน,,,,,,,,https://pedb.opec.go.th/web/SchoolPdc.htm?mode=showPicture&t=1&id=25249,,,,
186,1121700004,นานาชาติสิงคโปร์ระยอง,SINGAPORE INTERNATIONAL SCHOOL RAYONG,ระยอง,บ้านค่าย,หนองตะพาน,111 หมู่ 1 ต.หนองตะพาน อ.บ้านค่าย จ.ระยอง 21120,https://sisb.ac.th,Live Domain Match & Verification,,,,,,12.76056173,101.260895888,https://school.opec.go.th/school/1121700004,"['ก่อนอนุบาล', 'อนุบาล', 'ประถมศึกษา', 'มัธยมศึกษาตอนต้น', 'มัธยมศึกษาตอนปลาย']",ก่อนอนุบาล - มัธยมศึกษาตอนปลาย,124,25,[],,,,ไม่รับเงินอุดหนุน,,,,,,,,https://pedb.opec.go.th/web/SchoolPdc.htm?mode=showPicture&t=1&id=25251,,,,
187,1125700001,นานาชาติอริสตา,Aristar International School,ปราจีนบุรี,เมืองปราจีนบุรี,บางเดชะ,109 หมู่ 1 ถนน สุวินทวงศ์ ต.บางเดชะ อ.เมืองปราจีนบุรี จ.ปราจีนบุรี 25000,https://aristar.ac.th,Live Domain Match & Verification,,,,,,14.0675485,101.36698990000002,https://school.opec.go.th/school/1125700001,"['ก่อนอนุบาล', 'อนุบาล', 'ประถมศึกษา', 'มัธยมศึกษาตอนต้น', 'มัธยมศึกษาตอนปลาย']",ก่อนอนุบาล - มัธยมศึกษาตอนปลาย,273,29,"['ACARA', 'นานาชาติอริสตา']",นายอานนท์  นัจสถาปนิก,นายมาโนช  วังตระกูล,นางสาวจุฑารัตน์  นัจสถาปนิก,ไม่รับเงินอุดหนุน,,,,,,,,https://pedb.opec.go.th/web/SchoolPdc.htm?mode=showPicture&t=1&id=19090,,,,
188,1125700002,นานาชาติเคอาร์ไอเอส,KRIS International School,ปราจีนบุรี,กบินทร์บุรี,เมืองเก่า,222 หมู่ 16 ต.เมืองเก่า อ.กบินทร์บุรี จ.ปราจีนบุรี 25240,https://kis.ac.th,Live Domain Match & Verification,,,,,,13.999762635,101.769899684,https://school.opec.go.th/school/1125700002,"['ก่อนอนุบาล', 'อนุบาล', 'ประถมศึกษา']",ก่อนอนุบาล - ประถมศึกษา,57,12,"['Early years foundation stage statutory framework', 'The national Curriculum in England']",,นางสาวรพีพรรณ รัตนโกมุท,,ไม่รับเงินอุดหนุน,,,,,,,,https://pedb.opec.go.th/web/SchoolPdc.htm?mode=showPicture&t=1&id=25978,,,,
189,1130700001,นานาชาติแอ๊ดเวนตีสโคราช,KORAT ADVENTIST INTERNATIONAL SCHOOL,นครราชสีมา,เมืองนครราชสีมา,สุรนารี,862 หมู่ 2 ซอย โนนไม้แดง 13 ต.สุรนารี อ.เมืองนครราชสีมา จ.นครราชสีมา 30000,https://www.adventist.ac.th,Live Domain Match & Verification,,,,,,14.9314315,102.02562209999996,https://school.opec.go.th/school/1130700001,"['อนุบาล', 'ประถมศึกษา', 'มัธยมศึกษาตอนต้น', 'มัธยมศึกษาตอนปลาย']",อนุบาล - มัธยมศึกษาตอนปลาย,184,35,"['หลักสูตรของทางโรงเรียน', 'หลักสูตรสหรัฐอเมริกัน', 'สหรัฐอเมริกา']",,,นายยศยง เซียนหยาง,ไม่รับเงินอุดหนุน,,,,,,,,https://pedb.opec.go.th/web/SchoolPdc.htm?mode=showPicture&t=1&id=7299,,,,
190,1130700002,นานาชาติแองโกลสิงคโปร์ นครราชสีมา,ANGLO SINGAPORE INTERNATIONAL SCHOOL NAKHONRATCHASIMA,นครราชสีมา,เมืองนครราชสีมา,ในเมือง,1688/18 ถนน มิตรภาพ ต.ในเมือง อ.เมืองนครราชสีมา จ.นครราชสีมา 30000,https://anglosingapore.ac.th/korat,OPEC Profile,https://anglosingapore.ac.th/korat/,"https://Anglo Singapore International School, Nakhon Ratchasima",044081162,0927727988,,14.9776692,102.05952589999993,https://school.opec.go.th/school/1130700002,"['ก่อนอนุบาล', 'อนุบาล', 'ประถมศึกษา', 'มัธยมศึกษาตอนต้น', 'มัธยมศึกษาตอนปลาย']",ก่อนอนุบาล - มัธยมศึกษาตอนปลาย,261,63,"['หลักสูตร Kindergarten Curriculum ของ Pre-School Education Unit, Primary School Curriculum ของ Pre- School Education Unit', 'Kindergarten Curriculum', 'หลักสูตรประเทศสิงคโปร์']",,,,ไม่รับเงินอุดหนุน,,"“To create a cosmopolitan community of learners who will pursue excellence in academic, information technology, creative, social moral and physical abilities. “มุ่งมั่นสร้างสรรค์ชุมชนแห่งการเรียนรู้ ให้ผู้เรียนเป็นผู้มีความเป็นเลิศทางวิชาการเทคโนโล",“We inspire and nurture a diverse learning community ; uniquely Anglo.”,"“Learn to Think, Think to Learn”",,,,https://pedb.opec.go.th/web/SchoolPdc.htm?mode=showPicture&t=1&id=16707,,,,
191,1130700003,นานาชาติเซนต์สตีเฟ่นส์ เขาใหญ่,St. Stephen'S International School (Khao Yai),นครราชสีมา,ปากช่อง,หนองน้ำแดง,"49,49/1-3 ถนน ธนะรัชต์ ต.หนองน้ำแดง อ.ปากช่อง จ.นครราชสีมา 30130",https://www.ststephen.ac.th,Live Domain Match & Verification,,,,,,14.6206392,101.40864429999999,https://school.opec.go.th/school/1130700003,"['อนุบาล', 'ประถมศึกษา', 'มัธยมศึกษาตอนต้น', 'มัธยมศึกษาตอนปลาย']",อนุบาล - มัธยมศึกษาตอนปลาย,93,24,"['หลักสูตร High School Diploma', 'หลักสูตร IGCSE', 'IGCSE/IB/AICE', 'หลักสูตรสหราชอาณาจักร']",นางพนิดา  ภัทรพิเศษพงศ์,,นางพนิดา  ภัทรพิเศษพงศ์,ไม่รับเงินอุดหนุน,,,,,,,,https://pedb.opec.go.th/web/SchoolPdc.htm?mode=showPicture&t=1&id=7320,,,,
192,1130700004,นานาชาติเวสลี่,WESLEY INTERNATIONAL SCHOOL,นครราชสีมา,เมืองนครราชสีมา,โคกกรวด,306 หมู่ 8 ต.โคกกรวด อ.เมืองนครราชสีมา จ.นครราชสีมา 30280,https://www.wis.ac.th,OPEC Profile,https://www.wis.ac.th,https://www.facebook.com/wiskorat,044756291,0956020116,,14.918255,101.98111599999993,https://school.opec.go.th/school/1130700004,"['ก่อนอนุบาล', 'อนุบาล', 'ประถมศึกษา', 'มัธยมศึกษาตอนต้น', 'มัธยมศึกษาตอนปลาย']",ก่อนอนุบาล - มัธยมศึกษาตอนปลาย,74,12,"['California Department of Education, Common Core State Curriculum']",,นางสาวสุพรรษา กล้าสูงเนิน,,ไม่รับเงินอุดหนุน,"Wesley International School was founded in August 2015 with the vision to engage and, through the Gospel, transform the future leaders of Thailand. WIS is located in Nakhon Ratchasima, just 200 km from the nation’s capital. We currently offer classes from Pre-K (age 2) to Grade 9 and will expand to Grade 10 for the academic year 2024-2025.
As an international school, WIS follows the official Common Core State Standards, also known as the U.S. national standards, for foundational subjects such as English Language Arts and Maths.

WIS is a candidate for accreditation as approved by the Accrediting Commission for Schools, Western Association of Schools and Colleges.",A world shaped by Christlike global citizens who compassionately challenge the status quo.,"To cultivate intelligences, transform characters, and develop global citizens.",,,,,https://pedb.opec.go.th/web/SchoolPdc.htm?mode=showPicture&t=1&id=16938,@wisofficial,https://www.instagram.com/wis_korat/,,
193,1134700001,นานาชาติแอ๊ดเวนตีสมิชชั่นอุบล,Ubon Adventist International Mission School,อุบลราชธานี,เมืองอุบลราชธานี,ในเมือง,148 ถนน พโลรังฤทธิ์ ต.ในเมือง อ.เมืองอุบลราชธานี จ.อุบลราชธานี 34000,https://dev.aims.ac.th,Live Domain Match & Verification,,,,,,15.230827,104.863321,https://school.opec.go.th/school/1134700001,"['ก่อนอนุบาล', 'อนุบาล', 'ประถมศึกษา', 'มัธยมศึกษาตอนต้น', 'มัธยมศึกษาตอนปลาย']",ก่อนอนุบาล - มัธยมศึกษาตอนปลาย,425,51,"['หลักสูตรนานาชาติเอกมัย', 'หลักสูตรนานาชาติแอ๊ดเวนตีส กรุงเทพ']",,นางสาวอุดม แสงสว่าง,นายเกรียงศักดิ์ กิติทรัพย์,ไม่รับเงินอุดหนุน,,,,,,,,https://pedb.opec.go.th/web/SchoolPdc.htm?mode=showPicture&t=1&id=7909,,,,
194,1134700002,นานาชาติบีกิน,Begins international School,อุบลราชธานี,เมืองอุบลราชธานี,ในเมือง,119 ซอย ชยางกูร 21 ถนน ชยางกูร ต.ในเมือง อ.เมืองอุบลราชธานี จ.อุบลราชธานี 34000,https://www.begins.ac.th,OPEC Profile,https://www.begins.ac.th/,https://www.facebook.com/BeginsInter,,,,15.26499937393247,104.83448764232789,https://school.opec.go.th/school/1134700002,"['อนุบาล', 'ประถมศึกษา']",อนุบาล - ประถมศึกษา,25,7,[],นางสาวศรินทร์ รัตนาภิรตานนท์,นางสาวจริมศรี เพ็ชรกุล,นางสาวศรินทร์ รัตนาภิรตานนท์,ไม่รับเงินอุดหนุน,,,,,,,,https://pedb.opec.go.th/web/SchoolPdc.htm?mode=showPicture&t=1&id=25897,@begins,,,
195,1140700001,นานาชาติขอนแก่น,Khon Kaen International School,ขอนแก่น,เมืองขอนแก่น,เมืองเก่า,361 หมู่ 8 ถนน รอบเมือง ต.เมืองเก่า อ.เมืองขอนแก่น จ.ขอนแก่น 40000,https://kkis.ac.th/en,Live Domain Match & Verification,https://kkisinterschool.wixsite.com/mysite,https://web.facebook.com/KKISINTERSCHOOL/?locale=th_TH&_rdc=1&_rdr,0630258111,0630258111,,16.3981831,102.7905002,https://school.opec.go.th/school/1140700001,"['ก่อนอนุบาล', 'อนุบาล', 'ประถมศึกษา']",ก่อนอนุบาล - ประถมศึกษา,55,11,['หลักสูตรของสำนักการศึกษาแห่งรัฐแคลิฟอร์เนีย ประเทศสหรัฐอเมริกา'],นายอนุรักษ์  ปวงคำ,นายวาสนา ไชยศึก,นางสาวณัฐสุดา  งามชัด,ไม่รับเงินอุดหนุน,,,,,,,,https://pedb.opec.go.th/web/SchoolPdc.htm?mode=showPicture&t=1&id=8390,@@545twplr,,,
196,1140700002,นานาชาติรัตน์ฉัตร,Ratchut International School,ขอนแก่น,เมืองขอนแก่น,พระลับ,45 หมู่ 1 ต.พระลับ อ.เมืองขอนแก่น จ.ขอนแก่น 40000,https://www.ratchutschool.com,Live Domain Match & Verification,,,,,,16.408412074,102.886996182,https://school.opec.go.th/school/1140700002,"['ก่อนอนุบาล', 'อนุบาล', 'ประถมศึกษา']",ก่อนอนุบาล - ประถมศึกษา,47,7,"['Australian National Curriculum', 'หลักสูตรวิชาภาษาไทย วัฒนธรรมและประวัติศาสตร์ไทย']",,ดร.นพดล ฉัตรชัยพลรัตน์,,ไม่รับเงินอุดหนุน,,,,,,,,https://pedb.opec.go.th/web/SchoolPdc.htm?mode=showPicture&t=1&id=25576,,,,
197,1140700003,นานาชาติเอเชียสิงคโปร์,Asia Singapore International School,ขอนแก่น,เมืองขอนแก่น,ในเมือง,282 ถนน มิตรภาพ ต.ในเมือง อ.เมืองขอนแก่น จ.ขอนแก่น 40000,https://sisb.ac.th,Live Domain Match & Verification,,,,,,16.442554614713,102.828812144151,https://school.opec.go.th/school/1140700003,"['อนุบาล', 'ประถมศึกษา']",อนุบาล - ประถมศึกษา,42,4,"['Nurturing Early Learners', 'Singapore Primary School Curriculum']",,,,ไม่รับเงินอุดหนุน,,,,,,,,https://pedb.opec.go.th/web/SchoolPdc.htm?mode=showPicture&t=1&id=25998,,,,
198,1140700004,นานาชาติอเมริกันไพรม,AMERICAN PRIME INTERNATIONAL SCHOOL,ขอนแก่น,เมืองขอนแก่น,บ้านเป็ด,99/9 หมู่ 20 ถนน มะลิวัลย์ ต.บ้านเป็ด อ.เมืองขอนแก่น จ.ขอนแก่น 40000,https://apis-kk.com,OPEC Profile,https://apis-kk.com/,https://web.facebook.com/apiskkschool,,0989742333,,16.445344174889446,102.79246886299893,https://school.opec.go.th/school/1140700004,"['อนุบาล', 'ประถมศึกษา']",อนุบาล - ประถมศึกษา,38,12,"['California Common Core State Standards', 'California Infant/Toddler Curriculum Framework', 'California Preschool Curriculum Framework', 'หลักสูตรภาษาไทย วัฒนธรรมไทยและประวัติศาสตร์ไทย']",,,,ไม่รับเงินอุดหนุน,,,,,,,,https://pedb.opec.go.th/web/SchoolPdc.htm?mode=showPicture&t=1&id=26014,@apiskk,,tiktok.com/@apiskkschool,
199,1141700001,นานาชาติอุดรธานี,Udon Thani International School,อุดรธานี,เมืองอุดรธานี,กุดสระ,222/2 ต.กุดสระ อ.เมืองอุดรธานี จ.อุดรธานี 41000,https://udonthani.org,Live Domain Match & Verification,,,,,,17.495336,102.79681600000004,https://school.opec.go.th/school/1141700001,"['ก่อนอนุบาล', 'อนุบาล', 'ประถมศึกษา', 'มัธยมศึกษาตอนต้น', 'มัธยมศึกษาตอนปลาย']",ก่อนอนุบาล - มัธยมศึกษาตอนปลาย,173,47,"['International Baccalaureate (IB) Diploma Program', 'The national Curriculum in England']",,,,ไม่รับเงินอุดหนุน,,,,,,,,https://pedb.opec.go.th/web/SchoolPdc.htm?mode=showPicture&t=1&id=16753,,,,
200,1141700002,ประชาคมนานาชาติ อุดรธานี,INTERNATIONAL COMMUNITY SCHOOL UDON THANI,อุดรธานี,เมืองอุดรธานี,นาข่า,214 หมู่ 11 ถนน มิตรภาพอุดร-หนองคาย ต.นาข่า อ.เมืองอุดรธานี จ.อุดรธานี 41000,https://better.org,Live Domain Match & Verification,,,,,,17.495407615746302,102.7968052689919,https://school.opec.go.th/school/1141700002,"['อนุบาล', 'ประถมศึกษา', 'มัธยมศึกษาตอนต้น', 'มัธยมศึกษาตอนปลาย']",อนุบาล - มัธยมศึกษาตอนปลาย,247,44,"['หลักสูตรสหรัฐอเมริกัน', 'American Curriculum']",,นางสาวกฤติยา  ตรงธรรมชัย,นางอังสนา  กิ่งหิรัญวัฒนา,ไม่รับเงินอุดหนุน,,,,,,,,https://pedb.opec.go.th/web/SchoolPdc.htm?mode=showPicture&t=1&id=24401,,,,
201,1141700003,อนุบาลนานาชาติ เฮย์ สคูล อุดรธานี,HEI School Udon Thani International Kindergarten,อุดรธานี,เมืองอุดรธานี,หนองขอนกว้าง,889 หมู่ 4 ต.หนองขอนกว้าง อ.เมืองอุดรธานี จ.อุดรธานี 41000,https://www.hei.com/home/default.aspx,Live Domain Match & Verification,,,,,,17.347042508,102.836656629,https://school.opec.go.th/school/1141700003,"['ก่อนอนุบาล', 'อนุบาล']",ก่อนอนุบาล - อนุบาล,12,6,[],,,,ไม่รับเงินอุดหนุน,,,,,,,,https://pedb.opec.go.th/web/SchoolPdc.htm?mode=showPicture&t=1&id=25896,,,,
202,1145700001,นานาชาติซิลเวอร์เฟิร์น,SILVER FERN INTERNATIONAL SCHOOL,ร้อยเอ็ด,เมืองร้อยเอ็ด,เหนือเมือง,16 หมู่ที่ 21 ต.เหนือเมือง อ.เมืองร้อยเอ็ด จ.ร้อยเอ็ด 45000,https://www.silverschool.com,Live Domain Match & Verification,,,,,,15.230827,104.863321,https://school.opec.go.th/school/1145700001,"['อนุบาล', 'ประถมศึกษา']",อนุบาล - ประถมศึกษา,56,5,['The International Baccalaureate (IB)'],,,,ไม่รับเงินอุดหนุน,,,,,,,,https://pedb.opec.go.th/web/SchoolPdc.htm?mode=showPicture&t=1&id=16936,,,,
203,1150700001,นานาชาติเชียงใหม่,CHIANG MAI INTERNATIONAL SCHOOL,เชียงใหม่,เมืองเชียงใหม่,วัดเกต,13 ถนน เชตุพน ต.วัดเกต อ.เมืองเชียงใหม่ จ.เชียงใหม่ 50000,https://www.cmis.ac.th,Live Domain Match & Verification,,,,,,18.797887,99.004565,https://school.opec.go.th/school/1150700001,"['อนุบาล', 'ประถมศึกษา', 'มัธยมศึกษาตอนต้น', 'มัธยมศึกษาตอนปลาย']",อนุบาล - มัธยมศึกษาตอนปลาย,481,66,"['หลักสูตรสหรัฐอเมริกัน', 'American Curriculum']",,นายพีร์ ตนานนท์,,ไม่รับเงินอุดหนุน,,,,,,,,https://pedb.opec.go.th/web/SchoolPdc.htm?mode=showPicture&t=1&id=9703,,,,
204,1150700002,นานาชาติลานนา,LANNA INTERNATIONAL SCHOOL,เชียงใหม่,หางดง,บ้านแหวน,166 หมู่ 10 ต.บ้านแหวน อ.หางดง จ.เชียงใหม่ 50230,https://www.lannaist.ac.th,OPEC Profile,https://www.lannaist.ac.th,,052000838,,,18.6971177,98.96404779999999,https://school.opec.go.th/school/1150700002,"['ก่อนอนุบาล', 'อนุบาล', 'ประถมศึกษา', 'มัธยมศึกษาตอนต้น', 'มัธยมศึกษาตอนปลาย']",ก่อนอนุบาล - มัธยมศึกษาตอนปลาย,814,74,"['หลักสูตรเวลส์', 'หลักสูตรสหราชอาณาจักร', 'อังกฤษ']",,นางนันทวรรณ วัฒนวราห์,นางพิชญากร อัครโยธินทร์,ไม่รับเงินอุดหนุน,,,,,,,,https://pedb.opec.go.th/web/SchoolPdc.htm?mode=showPicture&t=1&id=9704,,,,
205,1150700003,นานาชาตินครพายัพ,NAKORN PAYAP INTERNATIONAL SCHOOL,เชียงใหม่,เมืองเชียงใหม่,สันผีเสื้อ,240  หมู่ที่ 6 ถนน ฉลองสมโภช 700 ปี ต.สันผีเสื้อ อ.เมืองเชียงใหม่ จ.เชียงใหม่ 50300,https://www.nakorn.ac.th/mis,Live Domain Match & Verification,,,,,,18.7944844,99.032191,https://school.opec.go.th/school/1150700003,"['อนุบาล', 'ประถมศึกษา', 'มัธยมศึกษาตอนต้น', 'มัธยมศึกษาตอนปลาย']",อนุบาล - มัธยมศึกษาตอนปลาย,468,99,"['หลักสูตรสหรัฐอเมริกัน', 'หลักสูตรกลางของประเทศสหรัฐอเมริกา']",,นางนวินเดอร์  อาฮูยา,นางสแกวัลย์  เมืองแสน,ไม่รับเงินอุดหนุน,,,,,,,,https://pedb.opec.go.th/web/SchoolPdc.htm?mode=showPicture&t=1&id=9705,,,,
206,1150700004,นานาชาติเปรม ติณสูลานนท์ อินเตอร์แนชชั่นแนล สคูล,Prem Tinsulanonda International School,เชียงใหม่,แม่ริม,ห้วยทราย,234   หมู่ที่ 3 ต.ห้วยทราย อ.แม่ริม จ.เชียงใหม่ 50180,https://ptis.ac.th,Live Domain Match & Verification,,,,,,18.7583461,99.0154215,https://school.opec.go.th/school/1150700004,"['ก่อนอนุบาล', 'อนุบาล', 'ประถมศึกษา', 'มัธยมศึกษาตอนต้น', 'มัธยมศึกษาตอนปลาย']",ก่อนอนุบาล - มัธยมศึกษาตอนปลาย,567,108,"['หลักสูตร General Certificate of Secondary Education (GCSE)', 'หลักสูตร International Baccalaureate (IB)', 'IB']",หม่อมหลวงตรีทศยุทธ  เทวกุล,นางสุกัญญา  ชาร์ป็องติเยร์,นายโสพงษ์  สุวรรณธุ์ปินตัน,ไม่รับเงินอุดหนุน,,,,,,,,https://pedb.opec.go.th/web/SchoolPdc.htm?mode=showPicture&t=1&id=9706,,,,
207,1150700005,นานาชาติอเมริกันแปซิฟิก,AMERICAN PACIFIC INTERNATIONAL SCHOOL,เชียงใหม่,หางดง,บ้านปง,158/1 หมู่ 3 ถนน หางดง-สะเมิง ต.บ้านปง อ.หางดง จ.เชียงใหม่ 50230,https://www.apis.ac.th,Live Domain Match & Verification,,,,,,18.7882484,98.8422299,https://school.opec.go.th/school/1150700005,"['อนุบาล', 'ประถมศึกษา', 'มัธยมศึกษาตอนต้น', 'มัธยมศึกษาตอนปลาย']",อนุบาล - มัธยมศึกษาตอนปลาย,103,23,"['หลักสูตรสหรัฐอเมริกัน', 'IB - International Baccalaureate Organization']",,น.ส.จารุพรรณี  พลาฤทธิ์,น.ส.จารุพรรณี  พลาฤทธิ์,ไม่รับเงินอุดหนุน,,,,,,,,https://pedb.opec.go.th/web/SchoolPdc.htm?mode=showPicture&t=1&id=9707,,,,
208,1150700006,นานาชาติเกรซ,GRACE INTERNATIONAL SCHOOL,เชียงใหม่,หางดง,หารแก้ว,88 หมู่ 3 ถนน เชียงใหม่-ฮอด ต.หารแก้ว อ.หางดง จ.เชียงใหม่ 50230,https://gis.ac.th,Live Domain Match & Verification,,,,,,18.6508002,98.913714,https://school.opec.go.th/school/1150700006,"['อนุบาล', 'ประถมศึกษา', 'มัธยมศึกษาตอนต้น', 'มัธยมศึกษาตอนปลาย']",อนุบาล - มัธยมศึกษาตอนปลาย,609,87,"['หลักสูตรสหรัฐอเมริกัน', 'หลักสูตรโรงเรียนประชาคมนานาชาติ']",นายประหยัด  เชิดชูชาติ,นางสุดคนึง  บุญอินทร์,นางกัลยา  หงษ์จิรกุล,ไม่รับเงินอุดหนุน,,,,,,,,https://pedb.opec.go.th/web/SchoolPdc.htm?mode=showPicture&t=1&id=9708,,,,
209,1150700007,คริสเตียนเยอรมันเชียงใหม่,CHRISTIAN GERMAN SCHOOL CHIANGMAI,เชียงใหม่,สารภี,ท่าวังตาล,83/1   หมู่ที่ 8 ต.ท่าวังตาล อ.สารภี จ.เชียงใหม่ 50140,https://www.cgsc.ac.th,Live Domain Match & Verification,,,,,,18.7123499,98.999691,https://school.opec.go.th/school/1150700007,"['อนุบาล', 'ประถมศึกษา', 'มัธยมศึกษาตอนต้น', 'มัธยมศึกษาตอนปลาย']",อนุบาล - มัธยมศึกษาตอนปลาย,208,35,"['หลักสูตรวิชาภาษาและวัฒนธรรมไทยสำหรับโรงเรียนนานาชาติ', 'หลักสูตรของรัฐทูริงเง่น (Thuringia) ในสหพันธรัฐเยอรมนี']",,,นางสุภาพร ญาณสาร,ไม่รับเงินอุดหนุน,,,,,,,,https://pedb.opec.go.th/web/SchoolPdc.htm?mode=showPicture&t=1&id=9709,,,,
210,1150700008,นานาชาติอเมริกันแปซิฟิก(ประถม),American Pacific International School (Primary),เชียงใหม่,เมืองเชียงใหม่,แม่เหียะ,288 หมู่ 2 ต.แม่เหียะ อ.เมืองเชียงใหม่ จ.เชียงใหม่ 50100,https://www.americanpreschool.com,Live Domain Match & Verification,,,,,,18.7485376,98.9429955,https://school.opec.go.th/school/1150700008,"['ก่อนอนุบาล', 'อนุบาล', 'ประถมศึกษา']",ก่อนอนุบาล - ประถมศึกษา,144,26,"['หลักสูตรสหรัฐอเมริกัน', 'International Baccalaureate (IB) Primary Year Programe (PYP)', 'WASC (the Western Association of Schools and Colleges)']",,นางลัดดา อาฮหมัด-มาฮิดิ,นางบัว พลาฤทธิ์,ไม่รับเงินอุดหนุน,,,,,,,,https://pedb.opec.go.th/web/SchoolPdc.htm?mode=showPicture&t=1&id=9857,,,,
211,1150700009,อนุบาลนานาชาติฮานาคริสเตียน,Hana Christian International Kindergarten,เชียงใหม่,หางดง,หนองควาย,55 หมู่ 12 ต.หนองควาย อ.หางดง จ.เชียงใหม่ 50230,https://www.hcik.ac.th,Live Domain Match & Verification,,,,,,18.743227,98.92902,https://school.opec.go.th/school/1150700009,"['ก่อนอนุบาล', 'อนุบาล']",ก่อนอนุบาล - อนุบาล,30,11,"['หลักสูตร High Reach Larning Curriculum (Pre-School - Kindergarten 3)', ""หลักสูตรของประเทศสหรัฐอเมริกา UTAH'S EARLY CHILDHOOD CORE STANDARDS ระดับเตรียมอนุบาล (Preschool)"", 'High Reach Larning Curriculum']",นางสาวศิริลักษณ์ กัวมู,,นางสาวทัศนีย์ นรชัยกูล,ไม่รับเงินอุดหนุน,,,,,,,,https://pedb.opec.go.th/web/SchoolPdc.htm?mode=showPicture&t=1&id=9874,,,,
212,1150700010,นานาชาติเชียงใหม่ ไชนีส,Chiangmai Chinese Intemational School,เชียงใหม่,สันทราย,สันนาเม็ง,228/1 หมู่ 3 ต.สันนาเม็ง อ.สันทราย จ.เชียงใหม่ 50210,https://ccis.ac.th,Live Domain Match & Verification,,,,,,18.8470324,99.064273,https://school.opec.go.th/school/1150700010,"['อนุบาล', 'ประถมศึกษา', 'มัธยมศึกษาตอนต้น', 'มัธยมศึกษาตอนปลาย']",อนุบาล - มัธยมศึกษาตอนปลาย,5,9,"['หลักสูตรดัดแปลงตามแนวความคิดของหลักสูตรแกนกลางของสาธารณรัฐประชาชนจีน', 'American Curriculum', 'The US. Elementary school curriculum', 'วิชาภาษาไทย  วัฒนธรรมไทย  และประวัติศาสตร์ไทย สำหรับโรงเรียนในระบบ ประเภทนานาชาติ', 'หลักสูตรอนุบาลของรัฐบาลสาธารณรัฐประชาชนจีน']",ว่าที่ ร.ต. อภิพงศ์ คงสัมพันธ์,นายอำนวย คุณา,ว่าที่ ร.ต. อภิพงค์ คงสัมพันธ์,ไม่รับเงินอุดหนุน,,,,,,,,https://pedb.opec.go.th/web/SchoolPdc.htm?mode=showPicture&t=1&id=18739,,,,
213,1150700011,นานาชาติสิงคโปร์เชียงใหม่,SIngapore International School Chaing Mai,เชียงใหม่,เมืองเชียงใหม่,ศรีภูมิ,10 ถนน หัสดิเสวี ต.ศรีภูมิ อ.เมืองเชียงใหม่ จ.เชียงใหม่ 50200,https://sisb.ac.th,Live Domain Match & Verification,,,,,,18.7971358,98.98015079999999,https://school.opec.go.th/school/1150700011,"['ก่อนอนุบาล', 'อนุบาล', 'ประถมศึกษา', 'มัธยมศึกษาตอนต้น', 'มัธยมศึกษาตอนปลาย']",ก่อนอนุบาล - มัธยมศึกษาตอนปลาย,460,68,"['หลักสูตรสหราชอาณาจักร', 'หลักสูตรสิงคโปร์', 'Cambridge IGCSE', 'Cambridge International A & AS Level', 'SISB High School Diploma', 'หลักสูตรกลางประเทศสิงคโปร์ ระดับมัธยมศึกษาตอนต้น', 'หลักสูตรของสาธารณรัฐสิงคโปร์', 'หลักสูตรสิงคโปร์และหลักสูตรสหราชอาณาจักร']",นางพินยดา อาจราชกิจ,นางพัณณิตา วงค์ตาผา,นางสาวพนิตพิมพ์  สิทธิพงศ์,ไม่รับเงินอุดหนุน,,,,,,,,https://pedb.opec.go.th/web/SchoolPdc.htm?mode=showPicture&t=1&id=19191,,,,
214,1150700012,นานาชาติยูนิตี้ คอนคอร์ด,Unity concord international school,เชียงใหม่,สารภี,หนองผึ้ง,272 หมู่ 2 ต.หนองผึ้ง อ.สารภี จ.เชียงใหม่ 50140,https://www.ucis.ac.th,Live Domain Match & Verification,,,,,,18.7487656,99.03461209999999,https://school.opec.go.th/school/1150700012,"['ก่อนอนุบาล', 'อนุบาล', 'ประถมศึกษา', 'มัธยมศึกษาตอนต้น', 'มัธยมศึกษาตอนปลาย']",ก่อนอนุบาล - มัธยมศึกษาตอนปลาย,1067,157,"['หลักสูตรสหรัฐอเมริกัน', 'California common core standards']",นายเกียรติพัฒน์ กมลโกมุท,,,ไม่รับเงินอุดหนุน,,,,,,,,https://pedb.opec.go.th/web/SchoolPdc.htm?mode=showPicture&t=1&id=19432,,,,
215,1150700013,นานาชาติปัญญาเด่น,Panyaden International School,เชียงใหม่,หางดง,น้ำแพร่,"218, 218/1 หมู่ 2 ต.น้ำแพร่ อ.หางดง จ.เชียงใหม่ 50230",https://www.pis.ac.th/main/view/Layout/selection.php,Live Domain Match & Verification,,,,,,18.704179,98.917379,https://school.opec.go.th/school/1150700013,"['ก่อนอนุบาล', 'อนุบาล', 'ประถมศึกษา', 'มัธยมศึกษาตอนต้น', 'มัธยมศึกษาตอนปลาย']",ก่อนอนุบาล - มัธยมศึกษาตอนปลาย,588,74,"['หลักสูตร International Baccalaureate (IB)', 'หลักสูตรของประเทศ อังกฤษ (UK National Curiculum)', 'หลักสูตรวิชา ภาษาไทย วัฒนธรรมไทยและประวัติศาสตร์ไทย', 'หลักสูตรเวลส์', 'IB - International Baccalaureate Organization', 'UK National Curriculum']",,นางสาวปรัญ อินทพันธุ์,นางสาวมาริสา วิสุทธากุล,ไม่รับเงินอุดหนุน,,,,,,,,https://pedb.opec.go.th/web/SchoolPdc.htm?mode=showPicture&t=1&id=9567,,,,
216,1150700014,นานาชาติอิสระ,ESARA INTERNATIONAL SCHOOL,เชียงใหม่,หางดง,หนองควาย,"229/1-2,4 หมู่ 6 ต.หนองควาย อ.หางดง จ.เชียงใหม่ 50230",https://chiangmaimontessori.org,OPEC Profile,https://www.chiangmaimontessori.org/,https://th-th.facebook.com/ChiangMaiMontessori/,053125203,0993729922,,18.7178757,98.93133189999999,https://school.opec.go.th/school/1150700014,"['ก่อนอนุบาล', 'อนุบาล', 'ประถมศึกษา', 'มัธยมศึกษาตอนต้น', 'มัธยมศึกษาตอนปลาย']",ก่อนอนุบาล - มัธยมศึกษาตอนปลาย,67,11,"['มอนเทสซอรี่', 'หลักสูตรปฐมวัย', 'Montessori National Curriculum: Montessori  Australia Foundation Limited (MAF)', 'The national Curriculum in England']",,,นางสาวณัฐศศิ เตโจ,ไม่รับเงินอุดหนุน,Chiang Mai Montessori is a small independent international school with a capacity of 250 students. We have been offering an alternative to the mainstream international education system in Chiang Mai since 2010. We provide three programs of learning: the Toddler Community for children aged 18 months to 3; the Children’s House for 3 to 6 year old; and an elementary programs for 6 – 12’s. If you would like to find out if Montessori is right for your child please get in touch to arrange a free tour.,"A thriving, internationally recognised ‘AMI-traditioned’ Montessori place of learning and teacher training centre, promoting Thai language, customs and values and helping to preserve the Lanna culture, knowledge and heritage for future generations.","Chiang Mai Montessori International School will respect each child’s unique potential, value diversity and the power of the learning community. Our role is to help each child come into confident possession of his innate talents, improve the skills ne",,,,Montessori,https://pedb.opec.go.th/web/SchoolPdc.htm?mode=showPicture&t=1&id=9570,,,,https://www.youtube.com/@chiangmaimontessoriinterna1954
217,1150700015,นานาชาติเมริทตัน บริติช,Meritton British International School,เชียงใหม่,หางดง,หนองควาย,168 หมู่ 7 ต.หนองควาย อ.หางดง จ.เชียงใหม่ 50230,https://merittonbritish.ac.th,Live Domain Match & Verification,,,,,,18.7302336,98.9413727,https://school.opec.go.th/school/1150700015,"['ก่อนอนุบาล', 'อนุบาล', 'ประถมศึกษา', 'มัธยมศึกษาตอนต้น', 'มัธยมศึกษาตอนปลาย']",ก่อนอนุบาล - มัธยมศึกษาตอนปลาย,307,44,"['หลักสูตรประเทศอังกฤษ', 'หลักสูตรวิชา ภาษาไทย วัฒนธรรมไทยและประวัติศาสตร์ไทย', 'หลักสูตรกลางของประเทศอังกฤษ', 'หลักสูตรแคมบริดจ์ ระดับประถมศึกษา', 'หลักสูตรแคมบริดจ์ ระดับมัธยมศึกษาตอนต้น', 'หลักสูตรแคมบริดจ์ ระดับมัธยมศึกษาตอนปลาย']",,,,ไม่รับเงินอุดหนุน,,,,,,,,https://pedb.opec.go.th/web/SchoolPdc.htm?mode=showPicture&t=1&id=19916,,,,
218,1150700016,นานาชาติอเมริกาน่า ไชนีส,Americana Chinese International School,เชียงใหม่,สารภี,หนองผึ้ง,227 หมู่ 2 ต.หนองผึ้ง อ.สารภี จ.เชียงใหม่ 50140,https://www.acis.ac.th,Live Domain Match & Verification,,,,,,18.8470324,99.064273,https://school.opec.go.th/school/1150700016,"['ก่อนอนุบาล', 'อนุบาล', 'ประถมศึกษา', 'มัธยมศึกษาตอนต้น', 'มัธยมศึกษาตอนปลาย']",ก่อนอนุบาล - มัธยมศึกษาตอนปลาย,517,78,"['หลักสูตรวิชา ภาษาไทย วัฒนธรรมไทยและประวัติศาสตร์ไทย', 'หลักสูตรสหรัฐอเมริกัน', 'California common core standards']",นายแพทริค  กาโมร,นางสมคิด บัวระวงค์,นางสมคิด บัวระวงค์,ไม่รับเงินอุดหนุน,,,,,,,,https://pedb.opec.go.th/web/SchoolPdc.htm?mode=showPicture&t=1&id=23862,,,,
219,1150700017,อนุบาลนานาชาติไบรท์ซีดส์,Bright seeds international kindergarten school,เชียงใหม่,เมืองเชียงใหม่,ช้างเผือก,64 ต.ช้างเผือก อ.เมืองเชียงใหม่ จ.เชียงใหม่ 50300,https://www.brightseeds.ac.th,Live Domain Match & Verification,,,,,,18.8007051,98.9693891,https://school.opec.go.th/school/1150700017,"['ก่อนอนุบาล', 'อนุบาล']",ก่อนอนุบาล - อนุบาล,33,3,"['หลักสูตรวิชา ภาษาไทย วัฒนธรรมไทยและประวัติศาสตร์ไทย', 'หลักสูตรสหรัฐอเมริกัน', 'International Preschool Curriculum (IPC)']",-,นางวันวิสาข์ กาญจนศรีกุล,นายวีรเทพ ชวาลา,ไม่รับเงินอุดหนุน,"โรงเรียนอนุบาลนานาชาติไบรท์ซีดส์(Bright Seeds International Kindergarten School) เป็นโรงเรียนเอกชนในระบบ ประเภทนานาชาติ ตั้งอยู่ที่ 64 ถนนห้วยแก้ว ตำบลช้างเผือก อำเภอเมืองเชียงใหม่ จังหวัดเชียงใหม่ 50300 มีพื้นที่ 1 ไร่ ได้รับใบอนุญาตให้จัดตั้งโรงเรียน เริ่มเปิดดำเนินการจัดการเรียนการสอนในปีการศึกษา 2562 วันที่ 21 สิงหาคม 2562 ระดับก่อนประถมศึกษา ตั้งแต่ชั้นเตรียมอนุบาลจนถึงชั้นอนุบาล 3 รับนักเรียนตั้งแต่อายุ 2 ปี ถึง  6 ปี
	ก่อตั้งโดยบริษัท ไบรท์ซีดส์ จำกัด  มีนายวีรเทพ  ชวาลา เป็นประธานบริษัท  มีวัตถุประสงค์ในการก่อตั้งโรงเรียนดังนี้
1. เพื่อจัดการศึกษาในรูปแบบการศึกษาในระบบ ระดับก่อนประถมศึกษา ประเภท นานาชาติ รวมถึงการจัดการศึกษาในรูปแบบ ประเภท และระดับการศึกษาต่าง ๆ ตามที่โรงเรียนเอกชนสามารถจัดการศึกษาได้ตามกฎหมายที่เกี่ยวข้อง
2. เพื่อให้บริการเกี่ยวเนื่องกับการเรียนการสอนหรือจัดหาอุปกรณ์การเรียนการสอนให้แก่ผู้เรียน ครู ผู้ปกครอง และบุคลากรของโรงเรียน 
3. เพื่อให้บริการในด้านวิชาการและบริการอื่นแก่บุคคลที่เกี่ยวข้องกับการดำเนินกิจการของโรงเรียน",มุ่งมั่นในการจัดการศึกษาโดยใช้แนวทางการจัดการเรียนการสอน Reggio Emilia Approach สร้างแรงบันดาลใจเป็นไปสู่หลักสูตรInternational Preschool Curriculum (IPC) และหลักสูตรการศึกษาปฐมวัย (ECE) ที่ได้รับการยอมรับในระดับสากลมากที่สุดในโลก,"•	Our Goal is for each child to develop a love for learning, to be well rounded and equipped with the skills needed to be a responsible global citizen. เป้าหมายของเราคือให้เด็กแต่ละคนพัฒนาความรักในการเรียนรู้รอบรู้และเพียบพร้อมด้วยทักษะที่จำเป็น",•	ส่งเสริมจิตใจเด็กให้กลายเป็นผู้เรียนที่มีความอ่อนโยน มีความสุข และรักการเรียนรู้ตลอดชีวิต  (Nurturing Young Minds to Become Kind and Happy Lifelong Learners.),•	เป็นสถาบันการศึกษาเฉพาะด้านสำหรับระดับปฐมวัย โดยใช้การเรียนรู้รูปแบบ Play Based Learning ซึ่งได้รับแรงบันดาลใจมาจาก Reggio Emilia Approach,•	เสริมสร้างจิตใจเด็กให้เป็นผู้เรียนที่มีความเมตตาและมีความสุขตลอดชีวิต,,https://pedb.opec.go.th/web/SchoolPdc.htm?mode=showPicture&t=1&id=23896,,,,
220,1150700018,สาธิตนานาชาติทวิภาษาแห่งมหาวิทยาลัยรังสิต เชียงใหม่,Satit International Bilingual School Of Rangsit University Chiangmai,เชียงใหม่,หางดง,บ้านแหวน,225/900 หมู่ 11 ต.บ้านแหวน อ.หางดง จ.เชียงใหม่ 50230,https://sbscm.ac.th,OPEC Profile,https://sibs.ac.th/,https://www.facebook.com/www.sibs.ac.th,053442208,0876615151,,18.6980416,98.9439547,https://school.opec.go.th/school/1150700018,"['ก่อนอนุบาล', 'อนุบาล', 'ประถมศึกษา', 'มัธยมศึกษาตอนต้น', 'มัธยมศึกษาตอนปลาย']",ก่อนอนุบาล - มัธยมศึกษาตอนปลาย,557,65,"['หลักสูตร Early Years Foundation Stage ของสหราชอาณาจักร', 'หลักสูตร นานาชาติเคมบริดจ์ (Year 1 - Year 13)', 'หลักสูตรนานาชาติเคมบริดจ์']",-,นางสาวศิวลิน ตันสุวรรณวงค์,นางสาวอภิระมณ อุไรรัตน์,ไม่รับเงินอุดหนุน,"* A new Era of education 
* Double the future",,,,,,,https://pedb.opec.go.th/web/SchoolPdc.htm?mode=showPicture&t=1&id=23961,@sibscnx,https://www.instagram.com/sibs_chiangmai/,,https://www.youtube.com/@sibschiangmai
221,1150700019,นานาชาติวารีเชียงใหม่,VAREE CHIANGMAI INTERNATIONAL SCHOOL,เชียงใหม่,เมืองเชียงใหม่,หนองหอย,59/8 หมู่ 6 ซอย - ถนน มหิดล ต.หนองหอย อ.เมืองเชียงใหม่ จ.เชียงใหม่ 50000,https://www.varee.ac.th,Live Domain Match & Verification,,,,,,18.758600060973727,99.01543222558772,https://school.opec.go.th/school/1150700019,"['ก่อนอนุบาล', 'อนุบาล', 'ประถมศึกษา', 'มัธยมศึกษาตอนต้น', 'มัธยมศึกษาตอนปลาย']",ก่อนอนุบาล - มัธยมศึกษาตอนปลาย,338,33,"['หลักสูตร นานาชาติเคมบริดจ์ (Year 1 - Year 13)', 'หลักสูตรประเทศอังกฤษ', 'หลักสูตรวิชา ภาษาไทย วัฒนธรรมไทยและประวัติศาสตร์ไทย', 'หลักสูตรนานาชาติเคมบริดจ์']",นางวารี ภัทราวณิชย์,,,ไม่รับเงินอุดหนุน,,,,,,,,https://pedb.opec.go.th/web/SchoolPdc.htm?mode=showPicture&t=1&id=24124,,,,
222,1150700020,นอร์ทเทิร์น อินเตอร์เนชั่นแนล มอนเตสซอรี่,Northern International Montessori School,เชียงใหม่,เมืองเชียงใหม่,สุเทพ,1/21 หมู่ - ซอย - ถนน สนามบินเก่า ต.สุเทพ อ.เมืองเชียงใหม่ จ.เชียงใหม่ 50200,https://www.northern.ac.th,Live Domain Match & Verification,,,,,,18.718180528724442,98.93134262558709,https://school.opec.go.th/school/1150700020,"['ก่อนอนุบาล', 'อนุบาล']",ก่อนอนุบาล - อนุบาล,38,7,"['หลักสูตรลิขสิทธิ์ของโรงเรียน Hiltop Montessori School รัฐอะลาบามา ประเทศสหรัฐอเมริกา', 'หลักสูตรวิชา ภาษาไทย วัฒนธรรมไทยและประวัติศาสตร์ไทย', 'Hilltop Montessori School รัฐอะลาบามา']",,,นางจิตจรุง เหมาะประสิทธิ์,ไม่รับเงินอุดหนุน,,,,,,,,https://pedb.opec.go.th/web/SchoolPdc.htm?mode=showPicture&t=1&id=24311,,,,
223,1150700021,นานาชาติบริติช คอนคอร์แดนซ์,BRITISH CONCORDANCE INTERNATIONAL SCHOOL,เชียงใหม่,หางดง,หนองควาย,216 หมู่ 1 ต.หนองควาย อ.หางดง จ.เชียงใหม่ 50230,https://www.bcisschool.ac.th,OPEC Profile,https://www.bcisschool.ac.th,https://www.facebook.com/bcischiangmai,052010599,0946375550,,18.734935,98.9313303,https://school.opec.go.th/school/1150700021,"['ก่อนอนุบาล', 'อนุบาล', 'ประถมศึกษา', 'มัธยมศึกษาตอนต้น', 'มัธยมศึกษาตอนปลาย']",ก่อนอนุบาล - มัธยมศึกษาตอนปลาย,298,78,"['A National curriculum in England', 'British Early Years Foundation Stage (EYFS)', 'Cambridge A level และ Pearson Edexcel', 'IGCSE', 'หลักสูตรภาษาไทย วัฒนธรรมไทยและประวัติศาสตร์ไทย', 'หลักสูตรแห่งชาติของสหราชอาณาจักรและเวลส์']",,,,ไม่รับเงินอุดหนุน,"BCIS is committed to:

 

To provide an educational environment that develops students’ curiosity and creativity. 

To develop responsible and engaged learners. 

To foster tolerance, respect, and acceptance of others. 

To build each student’s resilience and self-esteem. 

To provide a curriculum that is rich and relevant and allows all students to succeed. 

To promote a strong, supportive partnership between the school and the wider community. 

To have high expectations of ourselves and others.",,"BCIS Mission Statement:      At BCIS we believe in creating a global environment that prepares our students to be creative, caring and independent thinkers. We work tirelessly to provide an international education in a beautiful, modern and well-desi",B.R.A.V.E. BEYOND,"BCIS Values:   Comm?nit?s Scientia Virtus  Community, Knowledge, Character          The BCIS values were chosen to represent the core principals our school aims to instil in all our students.",,"NOW ENROLLING  PRENURSERY TO YEAR 7,INFO@BCISSCHOOL.AC.TH,@BCISSCHOOL.AC.TH",https://pedb.opec.go.th/web/SchoolPdc.htm?mode=showPicture&t=1&id=24866,@BCISCHIANGMAI,,,https://www.facebook.com/watch/?v=121941684314379
224,1150700024,นานาชาติซีดาร์เชียงใหม่,CHIANGMAI CEDAR INTERNATIONAL SCHOOL,เชียงใหม่,สันกำแพง,ออนใต้,2 หมู่ 5 ต.ออนใต้ อ.สันกำแพง จ.เชียงใหม่ 50130,https://ccis.ac.th,Live Domain Match & Verification,,https://Chiangmai Cedar International School,0626208307,0626388162,,18.7328125,99.19193750000001,https://school.opec.go.th/school/1150700024,"['ก่อนอนุบาล', 'อนุบาล', 'ประถมศึกษา', 'มัธยมศึกษาตอนต้น', 'มัธยมศึกษาตอนปลาย']",ก่อนอนุบาล - มัธยมศึกษาตอนปลาย,64,12,['Accelerated Christian Education (A.C.E.)'],,,,ไม่รับเงินอุดหนุน,,,,,,,,https://pedb.opec.go.th/web/SchoolPdc.htm?mode=showPicture&t=1&id=25564,,,,
225,1150700025,นานาชาติฝรั่งเศสวินฟิลด์ เชียงใหม่,Windfield French International School Chiang Mai,เชียงใหม่,เมืองเชียงใหม่,วัดเกต,288 ถนน เจริญราษฎร์ ต.วัดเกต อ.เมืองเชียงใหม่ จ.เชียงใหม่ 50000,https://windfield.ac.th,OPEC Profile,https://windfield.ac.th,https://www.facebook.com/windfieldchiangmai/,,0916552699,,18.79615256976,99.001032101204,https://school.opec.go.th/school/1150700025,"['ก่อนอนุบาล', 'อนุบาล', 'ประถมศึกษา']",ก่อนอนุบาล - ประถมศึกษา,40,15,['French National Education Program'],นายสมัชญ์ ยงศิริ,นายไตรทศ ไชยวงค์,นายสมัชญ์ ยงศิริ,ไม่รับเงินอุดหนุน,"Windfield French International School Chiang Mai was established through the shared vision of French educational leaders and Thai partners who strongly believe in the value of international education, multilingualism, and cultural exchange.

Inspired by the excellence of the French education system and the growing international community in Northern Thailand, the school was created to provide children with a high-quality learning environment combining academic achievement, creativity, well-being, and global perspectives.

As the first and only French international school in Northern Thailand, Windfield offers an authentic French international education within a caring, multicultural, and family-oriented community.

The school combines the strengths of the French curriculum with international approaches to learning, helping students develop confidence, critical thinking, language proficiency, and respect for cultural diversity.

Beyond academics, Windfield is committed to nurturing the whole child through personalised support, arts, sports, languages, and meaningful community engagement, preparing students not only for academic success, but also for life in a rapidly changing world.",,,,,,,https://pedb.opec.go.th/web/SchoolPdc.htm?mode=showPicture&t=1&id=25613,,https://www.instagram.com/windfieldchiangmai?fbclid=IwY2xjawP3Gg9leHRuA2FlbQIxMABicmlkETFvOWdUNlFoZFJ1RFlDaWtrc3J0YwZhcHBfaWQQMjIyMDM5MTc4ODIwMDg5MgAB,,
226,1150700026,นานาชาติบอสตัน,BOSTON INTERNATIONAL SCHOOL,เชียงใหม่,ดอยสะเก็ด,สันปูเลย,153 หมู่ 1 ต.สันปูเลย อ.ดอยสะเก็ด จ.เชียงใหม่ 50220,https://www.boston-inter.com,Live Domain Match & Verification,,https://www.facebook.com/share/16oH1fVagy/?mibextid=wwXIfr,,0819516394,,18.7824567,99.0557248,https://school.opec.go.th/school/1150700026,"['มัธยมศึกษาตอนต้น', 'มัธยมศึกษาตอนปลาย']",มัธยมศึกษาตอนต้น - มัธยมศึกษาตอนปลาย,16,4,['หลักสูตรประเทศสหรัฐอเมริกา'],,นายศุภชัย ตันจิรกุล,นางสาวนัฏศนันท์ สุขแปง,ไม่รับเงินอุดหนุน,โรงเรียนนานาชาติบอสตัน (ฺBIS) ตั้งอยู่เลขที่ 153 หมู่ 1 ต.สันปูเลย อ.ดอยสะเก็ด จ.เชียงหม่ เปิดทำการสอนตั้งแต่ Grade 6-Grade 12 ด้วยหลักสูตรกลางของประเทศสหรัฐอเมริกา จัดกิจกรรมการเรียนการสอนด้วยภาษาอังกฤษ เพื่อพัฒนาทักษะการสื่อสารภาษาอังกฤษของนักเรียน มีพื้นที่ 3 ไร่ 31 ตารางวา พร้อมด้วยอาคารเรียน 2 ชั้น จำนวน 2 หลัง อาคารอเนกประสงค์ 1หลังและอาคารโรงอาหาร ทุกห้องเรียนติดตั้งเครื่องปรับอากาศและสื่อการเรียนรู้ที่ทันสมัย พร้อมกับครูที่มีความรู้ ความสามารถและประสบการณ์ในการจัดกิจกรรมการเรียนการสอน และการดูแลนักเรียนอย่างอบอุ่น,โรงเรียนนานาชาติบอสตัน (BIS) มุ่งเน้นพัฒนาสมรรถนะผู้เรียน มีทักษะความเป็นผู้นำ  มีความคิดสร้างสรรค์ กล้าแสดงออก  มีทักษะการสื่อสารภาษาอังกฤษ และเป็นพลเมืองดี,พัฒนาผู้เรียนให้มีทักษะการเรียนรู้และนวัตกรรม คิดสร้างสรรค์ แก้ปัญหาเป็น ทำงานกับผู้อื่นได้ ส่งเสริมการเรียนรู้ด้วยตนเอง รอบรู้เทคโนโลยี สื่อสารสนเทศ และมีทักษะชีวิต,"""I AM BIS"" ความหมายคือ การสร้างความรัก ความภาคภูมิใจในองค์กร ได้แก่ Integrity - Activeness- Morality– (Smart) Brain- Imagine	และ Self-Discovery",การพัฒนาและเข้าใจตนเอง การเรียนรู้ที่ท้าทายด้วยความเข้าใจ สร้างสรรค์ และอยู่ร่วมกันอย่างอบอุ่น,รักและภูมิใจในตนเอง เข้าใจผู้อื่น เรียนรู้ร่วมกันอย่างมีความสุขและสร้างสรรค์,,https://pedb.opec.go.th/web/SchoolPdc.htm?mode=showPicture&t=1&id=25824,,,,
227,1150700027,นานาชาติมิลล์ฮิลล์ ประเทศไทย,MILL HILL INTERNATIONAL SCHOOL THAILAND,เชียงใหม่,ดอยสะเก็ด,สันปูเลย,117 หมู่ 8 ต.สันปูเลย อ.ดอยสะเก็ด จ.เชียงใหม่ 50220,https://www.millschool.com,Live Domain Match & Verification,,,,,,18.805677393,99.072677855,https://school.opec.go.th/school/1150700027,"['ก่อนอนุบาล', 'อนุบาล', 'ประถมศึกษา']",ก่อนอนุบาล - ประถมศึกษา,128,22,"['Early Years Foundation Stage (EYFS)', 'The national Curriculum in England']",,,,ไม่รับเงินอุดหนุน,,,,,,,,https://pedb.opec.go.th/web/SchoolPdc.htm?mode=showPicture&t=1&id=25898,,,,
228,1150700028,นานาชาติคาเรียด,Cariad International School,เชียงใหม่,หางดง,หนองควาย,91/2 หมู่ 9 ต.หนองควาย อ.หางดง จ.เชียงใหม่ 50230,https://www.cariad.ac.th,OPEC Profile,https://www.cariad.ac.th,,0843658186,0843658186,,18.731527062474,98.904325868424,https://school.opec.go.th/school/1150700028,"['ก่อนอนุบาล', 'อนุบาล', 'ประถมศึกษา', 'มัธยมศึกษาตอนต้น', 'มัธยมศึกษาตอนปลาย']",ก่อนอนุบาล - มัธยมศึกษาตอนปลาย,25,11,"['The Early Years Foundation Stage', 'The national Curriculum in England', 'วิชาภาษาไทย  วัฒนธรรมไทย  และประวัติศาสตร์ไทย สำหรับโรงเรียนในระบบ ประเภทนานาชาติ']",,,นางดวงเดือน วิลเล็มส์,ไม่รับเงินอุดหนุน,โรงเรียนนานาชาติคาเรียดใช้หลักสูตรประเทศอังกฤษ เปิดสอนตั้งแต่ระดับก่อนประถมศึกษาถึงชั้นมัธยมศึกษา เพื่อพัฒนาผู้เรียนให้มีสติปัญญาเฉลียวฉลาด สามารถสร้างองค์ความรู้ได้ด้วยตนเอง ภายใต้สภาพแวดล้อมที่เป็นธรรมชาติ ก้าวทันเทคโนโลยี่ เรียนรู้อย่างมีความสุข และเติบโตอย่างมีวินัย และเป็นพลเมืองโลกที่มีคุณภาพ,มุ่งมั่นพัฒนาผู้เรียนให้มีคุณภาพตามมาตรฐานนสากล,พัฒนาผู้เรียนให้มีความรู้ควบคู่คุณธรรม มีทักษะรอบรู้ ก้าวทันเทคโนโลยี มีจิตสาธารณะ สามารถอยู่ในสังคมได้อย่างมีความสุข,รักการเรียนรู้ เติบโตอย่างมั่นคง สู่สังคมโลก,สุขภาพดี มีวินัย ใส่ใจสิ่งแวดล้อม,เรียนอย่างมีความสุข มีพลังเข้มแข็ง กล้าแสดงออก มีน้ำใจนักกีฬา,,https://pedb.opec.go.th/web/SchoolPdc.htm?mode=showPicture&t=1&id=26013,,,,
229,1150700029,นานาชาติมาสเตอร์ เชียงใหม่,Masters International School Chiangmai,เชียงใหม่,สันกำแพง,แช่ช้าง,1/3 หมู่ 6 ต.แช่ช้าง อ.สันกำแพง จ.เชียงใหม่ 50130,https://misc.com,Live Domain Match & Verification,,,,,,18.726228437,99.147195722,https://school.opec.go.th/school/1150700029,"['อนุบาล', 'ประถมศึกษา', 'มัธยมศึกษาตอนต้น']",อนุบาล - มัธยมศึกษาตอนต้น,0,0,[],,,,ไม่รับเงินอุดหนุน,,,,,,,,https://pedb.opec.go.th/web/SchoolPdc.htm?mode=showPicture&t=1&id=26448,,,,
230,1152700001,นานาชาติอังกฤษแห่งภาคเหนือ,NAWATTAPHUME INTERNATIONAL SCHOOL,ลำปาง,เมืองลำปาง,ปงแสนทอง,73/1 หมู่ที่ 2 ต.ปงแสนทอง อ.เมืองลำปาง จ.ลำปาง 52000,https://www.nis.ac.th,Live Domain Match & Verification,,,,,,18.2518951,99.44665099999999,https://school.opec.go.th/school/1152700001,"['อนุบาล', 'ประถมศึกษา', 'มัธยมศึกษาตอนต้น', 'มัธยมศึกษาตอนปลาย']",อนุบาล - มัธยมศึกษาตอนปลาย,23,7,"['หลักสูตรประเทศอังกฤษ', 'National Curriculum for England and Wales']",นางสาวพิมลมาส  โพธิ์ทอง,,นางสาวพิมลมาส  โพธิ์ทอง,ไม่รับเงินอุดหนุน,,,,,,,,https://pedb.opec.go.th/web/SchoolPdc.htm?mode=showPicture&t=1&id=10099,,,,
231,1152700002,นานาชาติแครนเบอร์รี่,Cranberry International School,ลำปาง,เมืองลำปาง,ชมพู,258 ต.ชมพู อ.เมืองลำปาง จ.ลำปาง 52100,https://www.cranberry.ac.th,OPEC Profile,https://www.cranberry.ac.th,https://www.facebook.com/cranberryinternational,,0906743899,,18.2647443,99.4635382,https://school.opec.go.th/school/1152700002,"['ก่อนอนุบาล', 'อนุบาล', 'ประถมศึกษา']",ก่อนอนุบาล - ประถมศึกษา,102,9,"['หลักสูตรประเทศอังกฤษ', 'American Education Reaches Out (AERO)', 'District of Columbia Early Learning Standards']",นายนรเศรษฐ์ จิวะสันติการ,นางโอรีนทร์ จิวะสันติการ,,ไม่รับเงินอุดหนุน,,,,C-reativity I-nspiration S-uccess,,,,https://pedb.opec.go.th/web/SchoolPdc.htm?mode=showPicture&t=1&id=19958,@cranberryinter,https://www.instagram.com/cranberryinternational/,https://www.tiktok.com/@cranberryinternational.1,https://www.youtube.com/channel/UCyidM0bY5fGVPNvz3ozNKlg
232,1152700003,นานาชาติเซนต์เฮเลียร์-เบรลาร์ด,Saint Helier-Brelade International School,ลำปาง,เมืองลำปาง,พระบาท,24/1 ถนน เฉลิมพระเกียรติ ต.พระบาท อ.เมืองลำปาง จ.ลำปาง 52000,https://saint.ac.th,Live Domain Match & Verification,,,,,,18.267524378613,99.488053233829,https://school.opec.go.th/school/1152700003,"['อนุบาล', 'ประถมศึกษา', 'มัธยมศึกษาตอนต้น']",อนุบาล - มัธยมศึกษาตอนต้น,88,11,['The  National Curriculum in England Key Stage 1-5'],นางสาวอลิสา จณิน โวลล์มันน์,,,ไม่รับเงินอุดหนุน,,,,,,,,https://pedb.opec.go.th/web/SchoolPdc.htm?mode=showPicture&t=1&id=24736,,,,
233,1154700001,นานาชาติสานฝัน,Sanfan International School,แพร่,เมืองแพร่,นาจักร,452/1 หมู่ 9 ต.นาจักร อ.เมืองแพร่ จ.แพร่ 54000,https://sis.edu/khaoyai,Live Domain Match & Verification,,,,,,18.128393876139203,100.1503043366902,https://school.opec.go.th/school/1154700001,"['ก่อนอนุบาล', 'อนุบาล']",ก่อนอนุบาล - อนุบาล,16,5,"['หลักสูตรสหรัฐอเมริกัน', 'Massachusetts Curriculum Frameworks']",นายกรวิชญ์  ตั้งอยู่ดำรงกุล,,,ไม่รับเงินอุดหนุน,,,,,,,,https://pedb.opec.go.th/web/SchoolPdc.htm?mode=showPicture&t=1&id=24173,,,,
234,1156700002,นานาชาติอังกฤษ ไทย ณ เชียงคำ-พะเยา,British Thai International School at Chiangkham-Phayao,พะเยา,เชียงคำ,เชียงบาน,194 หมู่ 10 ต.เชียงบาน อ.เชียงคำ จ.พะเยา 56110,https://www.british.asia,Live Domain Match & Verification,,,,,,19.5485374,100.2807572,https://school.opec.go.th/school/1156700002,"['อนุบาล', 'ประถมศึกษา', 'มัธยมศึกษาตอนต้น', 'มัธยมศึกษาตอนปลาย']",อนุบาล - มัธยมศึกษาตอนปลาย,50,7,"['หลักสูตรเวลส์', 'หลักสูตรแห่งชาติของสหราชอาณาจักรและเวลส์']",บริษัท บริทิชไทย เอ็ดดูเคชั่น จำกัด,,,ไม่รับเงินอุดหนุน,,,,,,,,https://pedb.opec.go.th/web/SchoolPdc.htm?mode=showPicture&t=1&id=19692,,,,
235,1157700001,นานาชาติเชียงราย,Chiangrai International School,เชียงราย,เมืองเชียงราย,ริมกก,496 หมู่ 5 ต.ริมกก อ.เมืองเชียงราย จ.เชียงราย 57000,https://cis.ac.th,Live Domain Match & Verification,,,,,,19.9315029,99.8418071,https://school.opec.go.th/school/1157700001,"['อนุบาล', 'ประถมศึกษา', 'มัธยมศึกษาตอนต้น', 'มัธยมศึกษาตอนปลาย']",อนุบาล - มัธยมศึกษาตอนปลาย,292,57,"['หลักสูตรสหรัฐอเมริกัน', 'หลักสูตรประเทศอเมริกาแคลิฟอร์เนีย']",นางศุภัชธิดา โช,นางศุภัชธิดา โช,นางศุภัชธิดา โช,ไม่รับเงินอุดหนุน,,,,,,,,https://pedb.opec.go.th/web/SchoolPdc.htm?mode=showPicture&t=1&id=10686,,,,
236,1157700002,คริสเตียนนานาชาติเชียงราย,CHIANG RAI INTERNATOPNAL CHRISTIAN SCHOOL,เชียงราย,เมืองเชียงราย,บ้านดู่,331 หมู่ 14 ถนน เลี่ยงเมืองเชียงรายตะวันตก ต.บ้านดู่ อ.เมืองเชียงราย จ.เชียงราย 57100,https://crics.asia,Live Domain Match & Verification,,,,,,19.950482,99.83225,https://school.opec.go.th/school/1157700002,"['อนุบาล', 'ประถมศึกษา', 'มัธยมศึกษาตอนต้น', 'มัธยมศึกษาตอนปลาย']",อนุบาล - มัธยมศึกษาตอนปลาย,210,58,"['หลักสูตรสหรัฐอเมริกัน', 'AERO Common Core Plus Standards']",นายวิชัย ส่องแสง,นายคณิต คล้ายจำแลง,นายคณิต คล้ายจำแลง,ไม่รับเงินอุดหนุน,,,,,,,,https://pedb.opec.go.th/web/SchoolPdc.htm?mode=showPicture&t=1&id=10694,,,,
237,1157700004,นานาชาติวันโฮป,ONE HOPE INTERNATIONAL SCHOOL,เชียงราย,แม่สาย,โป่งผา,363 หมู่ 5 ซอย - ถนน - ต.โป่งผา อ.แม่สาย จ.เชียงราย 57130,https://www.onehope.ac.th,Live Domain Match & Verification,,,,,,20.37486612298487,99.90110974598592,https://school.opec.go.th/school/1157700004,"['อนุบาล', 'ประถมศึกษา']",อนุบาล - ประถมศึกษา,127,4,['Common Core State Standarts (CCSS)'],,นายสมพงษ์ ฤทธิแผลง,,ไม่รับเงินอุดหนุน,,,,,,,,https://pedb.opec.go.th/web/SchoolPdc.htm?mode=showPicture&t=1&id=24375,,,,
238,1157700005,นานาชาติเกนส์วิลล์ แม่สาย,Gainesville International School Maesai,เชียงราย,แม่สาย,แม่สาย,216 หมู่ 9 ต.แม่สาย อ.แม่สาย จ.เชียงราย 57130,https://www.gism.org,Live Domain Match & Verification,,,052100100,,,20.425822412,99.910326595,https://school.opec.go.th/school/1157700005,"['มัธยมศึกษาตอนต้น', 'มัธยมศึกษาตอนปลาย']",มัธยมศึกษาตอนต้น - มัธยมศึกษาตอนปลาย,0,4,"['ริเวอร์ไซด์ มิลิทารี่ อแคเดมี่', 'วิชาภาษาไทย  วัฒนธรรมไทย  และประวัติศาสตร์ไทย สำหรับโรงเรียนในระบบ ประเภทนานาชาติ']",พลตำรวจเอกประสาน วงศ์ใหญ่,,,ไม่รับเงินอุดหนุน,,,,,,,,https://pedb.opec.go.th/web/SchoolPdc.htm?mode=showPicture&t=1&id=25582,,,,
239,1162700001,นานาชาติทีซีอี,TCE INTERNATIONAL SCHOOL,กำแพงเพชร,เมืองกำแพงเพชร,ในเมือง,13-19/20 หมู่ - ซอย - ถนน เจริญสุข ต.ในเมือง อ.เมืองกำแพงเพชร จ.กำแพงเพชร 62000,https://www.tce.ac.th,Live Domain Match & Verification,,,,,,16.47099676789863,99.54621375710977,https://school.opec.go.th/school/1162700001,['ประถมศึกษา'],ประถมศึกษา - ประถมศึกษา,12,6,"['หลักสูตรสิงคโปร์', 'Singapore National Curriculum']",นางสาวขจรวรรณ ภู่ขจร,นางสาวขจรวรรณ ภู่ขจร,,ไม่รับเงินอุดหนุน,,,,,,,,https://pedb.opec.go.th/web/SchoolPdc.htm?mode=showPicture&t=1&id=24274,,,,
240,1163700001,นานาชาติบัยตี,BAITI INTERNATIONAL SCHOOL,ตาก,แม่สอด,แม่สอด,1/257 ถนน ราชการราษฎรดำหริ 1 ต.แม่สอด อ.แม่สอด จ.ตาก 63110,https://www.bis.ac.th,Live Domain Match & Verification,,,,,,16.711804225,98.574927295,https://school.opec.go.th/school/1163700001,"['อนุบาล', 'ประถมศึกษา']",อนุบาล - ประถมศึกษา,142,4,[],นางสาวสุนีย์รัตน์ ยูซูฟี,,,ไม่รับเงินอุดหนุน,,,,,,,,https://pedb.opec.go.th/web/SchoolPdc.htm?mode=showPicture&t=1&id=25328,,,,
241,1163700002,นานาชาติกาสะลองคิดส์,Kasalong Kids International School,ตาก,แม่สอด,แม่ปะ,268 หมู่ 8 ต.แม่ปะ อ.แม่สอด จ.ตาก 63110,https://kkis.ac.th/en,Live Domain Match & Verification,,,,,,16.750321875,98.603015414,https://school.opec.go.th/school/1163700002,"['ก่อนอนุบาล', 'อนุบาล', 'ประถมศึกษา']",ก่อนอนุบาล - ประถมศึกษา,134,6,[],,,,ไม่รับเงินอุดหนุน,,,,,,,,https://pedb.opec.go.th/web/SchoolPdc.htm?mode=showPicture&t=1&id=25919,,,,
242,1165700001,นานาชาติ นิวเคมบริดจ์,New Cambridge International school,พิษณุโลก,เมืองพิษณุโลก,สมอแข,458/1 หมู่ 3 ต.สมอแข อ.เมืองพิษณุโลก จ.พิษณุโลก 65000,https://www.ncis.ac.th,Live Domain Match & Verification,,,,,,16.835269,100.34067870000001,https://school.opec.go.th/school/1165700001,"['มัธยมศึกษาตอนต้น', 'มัธยมศึกษาตอนปลาย']",มัธยมศึกษาตอนต้น - มัธยมศึกษาตอนปลาย,0,0,"['หลักสูตร General Certificate of Secondary Education (GCSE)', 'หลักสูตร National Curriculum in England ระดับ Key Stage 3 (Year 7-9)', 'หลักสูตรประเทศอังกฤษ', 'Cambridge Key Stage 3', 'General Certificate of Secondary Education (GCSE)']",นางวัลลา สันติภาดา,นางวัลลา สันติภาดา,นางสาววิชญา  สันติภาดา,ไม่รับเงินอุดหนุน,,,,,,,,https://pedb.opec.go.th/web/SchoolPdc.htm?mode=showPicture&t=1&id=11223,,,,
243,1174700001,นานาชาตินอริชกรุงเทพ,Norwich International School Bangkok,สมุทรสาคร,เมืองสมุทรสาคร,บางน้ำจืด,223/132 หมู่ 1 ถนน พระราม 2 ต.บางน้ำจืด อ.เมืองสมุทรสาคร จ.สมุทรสาคร 74000,https://www.norwichschool.ac.th,OPEC Profile,https://www.norwichschool.ac.th/,https://www.facebook.com/norwichinternationalschool,024511100,0971313393,,13.6016774,100.37767889999998,https://school.opec.go.th/school/1174700001,"['ก่อนอนุบาล', 'อนุบาล', 'ประถมศึกษา', 'มัธยมศึกษาตอนต้น', 'มัธยมศึกษาตอนปลาย']",ก่อนอนุบาล - มัธยมศึกษาตอนปลาย,146,75,"['หลักสูตร Cambridge International A & AS Level', 'หลักสูตร Early Years Foundation Stage ของสหราชอาณาจักร', 'หลักสูตร General Certificate of Secondary Education (GCSE)', 'หลักสูตรของประเทศ อังกฤษ (UK National Curiculum)', 'หลักสูตรประเทศอังกฤษ', 'Cambridge Assessment International Education (CAIE)', 'Cambridge IGCSE', 'Cambridge International A & AS Level', 'Early Years Foundation Stage (EYFS)', 'The English National Curriculum']",บริษัท นอริช แบงค์คอก จำกัด,นางอณิยา  อภิรภากรณ์,นางสาววัชราภรณ์  ไกรศักดาวัฒน์,ไม่รับเงินอุดหนุน,,,,,,,,https://pedb.opec.go.th/web/SchoolPdc.htm?mode=showPicture&t=1&id=16639,,,,
244,1177700001,นานาชาติ หัวหิน,HUA HIN INTERNATIONAL SCHOOL,ประจวบคีรีขันธ์,หัวหิน,หินเหล็กไฟ,549 หมู่ 7 ต.หินเหล็กไฟ อ.หัวหิน จ.ประจวบคีรีขันธ์ 77000,https://www.hhis.ac.th,Live Domain Match & Verification,,,,,,12.6067,99.889113,https://school.opec.go.th/school/1177700001,"['ก่อนอนุบาล', 'อนุบาล', 'ประถมศึกษา', 'มัธยมศึกษาตอนต้น', 'มัธยมศึกษาตอนปลาย']",ก่อนอนุบาล - มัธยมศึกษาตอนปลาย,360,70,"['หลักสูตรสหราชอาณาจักร', 'The National UK Curriculum, IGCSE, IB']",บริษัท สามัคคี เอ็ดยูเคชั่น จำกัด,-,-,ไม่รับเงินอุดหนุน,,,,,,,,https://pedb.opec.go.th/web/SchoolPdc.htm?mode=showPicture&t=1&id=18944,,,,
245,1177700002,นานาชาติ ดาวินชี่,DA VINCI INTERNATIONAL SCHOOL,ประจวบคีรีขันธ์,หัวหิน,หัวหิน,17/109 ต.หัวหิน อ.หัวหิน จ.ประจวบคีรีขันธ์ 77110,https://www.davinci.ac.th,Live Domain Match & Verification,,,,,,12.6067,99.889113,https://school.opec.go.th/school/1177700002,['ประถมศึกษา'],ประถมศึกษา - ประถมศึกษา,0,2,['Cambridge'],,,,ไม่รับเงินอุดหนุน,,,,,,,,https://pedb.opec.go.th/web/SchoolPdc.htm?mode=showPicture&t=1&id=19201,,,,
246,1180700001,นานาชาติเดอะแพสชั่น,The Passion International School,นครศรีธรรมราช,ทุ่งสง,หนองหงส์,80/1 หมู่ 9 ต.หนองหงส์ อ.ทุ่งสง จ.นครศรีธรรมราช 80110,https://www.tpis.ac.th,Live Domain Match & Verification,,,,,,8.199796087,99.63588087,https://school.opec.go.th/school/1180700001,['อนุบาล'],อนุบาล - อนุบาล,0,1,[],นางสาวพิมพัชร มนูญผล,,,ไม่รับเงินอุดหนุน,,,,,,,,https://pedb.opec.go.th/web/SchoolPdc.htm?mode=showPicture&t=1&id=26132,,,,
247,1181700001,นานาชาติอังกฤษกระบี่,NAWATTAPHUME INTERNATIONAL SCHOOL KRABI,กระบี่,เมืองกระบี่,อ่าวนาง,57 หมู่ที่ 6 ต.อ่าวนาง อ.เมืองกระบี่ จ.กระบี่ 81000,https://www.niskis.com,Live Domain Match & Verification,,,,,,8.0629948,98.8479413,https://school.opec.go.th/school/1181700001,"['อนุบาล', 'ประถมศึกษา', 'มัธยมศึกษาตอนต้น', 'มัธยมศึกษาตอนปลาย']",อนุบาล - มัธยมศึกษาตอนปลาย,5,3,"['หลักสูตรสหราชอาณาจักร', 'หลักสูตรกลางของประเทศอังกฤษ']",นางสาวพิมลมาส  โพธิ์ทอง,,นางสาวพิมลมาส  โพธิ์ทอง,ไม่รับเงินอุดหนุน,,,,,,,,https://pedb.opec.go.th/web/SchoolPdc.htm?mode=showPicture&t=1&id=12381,,,,
248,1181700002,นานาชาติกระบี่,Krabi international School,กระบี่,เมืองกระบี่,หนองทะเล,188 หมู่ 6 ต.หนองทะเล อ.เมืองกระบี่ จ.กระบี่ 81000,https://kis.ac.th,Live Domain Match & Verification,,,,,,8.113275999999999,98.782522,https://school.opec.go.th/school/1181700002,"['ประถมศึกษา', 'มัธยมศึกษาตอนต้น', 'มัธยมศึกษาตอนปลาย']",ประถมศึกษา - มัธยมศึกษาตอนปลาย,129,13,"['หลักสูตรประเทศอังกฤษ', 'หลักสูตรเคมบริดจ์']",,-,-,ไม่รับเงินอุดหนุน,,,,,,,,https://pedb.opec.go.th/web/SchoolPdc.htm?mode=showPicture&t=1&id=17053,,,,
249,1181700003,นานาชาติเอเชีย เกาะลันตา,THE INTERNATIONAL SCHOOL OF ASIA KOH LANTA,กระบี่,เกาะลันตา,ศาลาด่าน,251 หมู่ 5 ต.ศาลาด่าน อ.เกาะลันตา จ.กระบี่ 81150,https://hartmansimons.com,Live Domain Match & Verification,,,,,,8.0862997,98.9062835,https://school.opec.go.th/school/1181700003,"['อนุบาล', 'ประถมศึกษา', 'มัธยมศึกษาตอนต้น', 'มัธยมศึกษาตอนปลาย']",อนุบาล - มัธยมศึกษาตอนปลาย,85,10,['Common Core'],,,,ไม่รับเงินอุดหนุน,,,,,,,,https://pedb.opec.go.th/web/SchoolPdc.htm?mode=showPicture&t=1&id=23470,,,,
250,1181700005,นานาชาติเอช้วน,A-Chuan International School,กระบี่,เมืองกระบี่,ทับปริก,144 หมู่ 2 ต.ทับปริก อ.เมืองกระบี่ จ.กระบี่ 81000,https://www.achuan.ac.th,Live Domain Match & Verification,,,,,,8.175071419,98.870537845,https://school.opec.go.th/school/1181700005,"['ก่อนอนุบาล', 'อนุบาล', 'ประถมศึกษา']",ก่อนอนุบาล - ประถมศึกษา,48,5,['The national Curriculum in England'],นางสาวติรกา นวลจันทร์,,,ไม่รับเงินอุดหนุน,,,,,,,,https://pedb.opec.go.th/web/SchoolPdc.htm?mode=showPicture&t=1&id=25611,,,,
251,1183700001,นานาชาติบริติช ภูเก็ต,"British International School, Phuket",ภูเก็ต,เมืองภูเก็ต,เกาะแก้ว,59 หมู่ 2 ถนน เทพกระษัตรี ต.เกาะแก้ว อ.เมืองภูเก็ต จ.ภูเก็ต 83000,https://www.bisp.org,Live Domain Match & Verification,,,,,,7.949994999999999,98.37031499999999,https://school.opec.go.th/school/1183700001,"['ก่อนอนุบาล', 'อนุบาล', 'ประถมศึกษา', 'มัธยมศึกษาตอนต้น', 'มัธยมศึกษาตอนปลาย']",ก่อนอนุบาล - มัธยมศึกษาตอนปลาย,1021,169,"['หลักสูตร General Certificate of Secondary Education (GCSE)', 'หลักสูตร IBDP', 'หลักสูตร International Baccalaureate (IB)', 'หลักสูตรประเทศอังกฤษ', 'Cambridge IGCSE', 'IBDP', 'หลักสูตรแห่งชาติของประเทศสหราชอาณาจักร']",,,นายประสิทธิ์ อุไรรัตน์,ไม่รับเงินอุดหนุน,,,,,,,,https://pedb.opec.go.th/web/SchoolPdc.htm?mode=showPicture&t=1&id=12465,,,,
252,1183700002,นานาชาติ คิว.เอส.ไอ. ภูเก็ต,Q.S.I. INTERNATIONAL SCHOOL,ภูเก็ต,กะทู้,กะทู้,81/4 ต.กะทู้ อ.กะทู้ จ.ภูเก็ต 83120,https://q-s.com,Live Domain Match & Verification,,,,,,7.908509899999999,98.3417006,https://school.opec.go.th/school/1183700002,"['ก่อนอนุบาล', 'อนุบาล', 'ประถมศึกษา', 'มัธยมศึกษาตอนต้น', 'มัธยมศึกษาตอนปลาย']",ก่อนอนุบาล - มัธยมศึกษาตอนปลาย,117,29,"['หลักสูตรของทางโรงเรียน', 'หลักสูตรสหรัฐอเมริกัน', 'หลักสูตรอเมริกัน']",,,,ไม่รับเงินอุดหนุน,,,,,,,,https://pedb.opec.go.th/web/SchoolPdc.htm?mode=showPicture&t=1&id=12506,,,,
253,1183700003,นานาชาติยูดับเบิลยูซี ประเทศไทย,UWC Thailand International School,ภูเก็ต,ถลาง,เทพกระษัตรี,115/15 หมู่ 7 ถนน เทพกระษัทตรี ต.เทพกระษัตรี อ.ถลาง จ.ภูเก็ต 83110,https://www.uwc.com,Live Domain Match & Verification,,,,,,8.0509912,98.3523426,https://school.opec.go.th/school/1183700003,"['ก่อนอนุบาล', 'อนุบาล', 'ประถมศึกษา', 'มัธยมศึกษาตอนต้น', 'มัธยมศึกษาตอนปลาย']",ก่อนอนุบาล - มัธยมศึกษาตอนปลาย,454,84,"['หลักสูตรประเทศอังกฤษ', 'IB - International Baccalaureate Organization']",,นางสาววิชดา อัครธนณัฐ,นางอชิดา ลีนีดิชญ์,ไม่รับเงินอุดหนุน,,,,,,,,https://pedb.opec.go.th/web/SchoolPdc.htm?mode=showPicture&t=1&id=12554,,,,
254,1183700004,นานาชาติ เฮดสตาร์ท,HeadStart International School,ภูเก็ต,เมืองภูเก็ต,วิชิต,39/99 หมู่ 4 ต.วิชิต อ.เมืองภูเก็ต จ.ภูเก็ต 83000,https://headstartphuket.com,Live Domain Match & Verification,,,,,,7.8847751,98.3611586,https://school.opec.go.th/school/1183700004,"['ก่อนอนุบาล', 'อนุบาล', 'ประถมศึกษา', 'มัธยมศึกษาตอนต้น', 'มัธยมศึกษาตอนปลาย']",ก่อนอนุบาล - มัธยมศึกษาตอนปลาย,987,132,"['หลักสูตรสหราชอาณาจักร', 'Cambridge Curriculums']",,,นางสาว ปริมล ไพรสำราญ,ไม่รับเงินอุดหนุน,,,,,,,,https://pedb.opec.go.th/web/SchoolPdc.htm?mode=showPicture&t=1&id=12561,,,,
255,1183700005,ขจรเกียรตินานาชาติ ภูเก็ต,KAJORNKIET INTERNATIONAL SCHOOL PHUKET,ภูเก็ต,กะทู้,กะทู้,125/1 ซอย หมู่บ้านเดอะวัลเล่ย์ 1 ถนน พระภูเก็ตแก้ว ต.กะทู้ อ.กะทู้ จ.ภูเก็ต 83120,https://kisp.com,Live Domain Match & Verification,,,,,,7.9086338,98.3603717,https://school.opec.go.th/school/1183700005,"['ก่อนอนุบาล', 'อนุบาล', 'ประถมศึกษา', 'มัธยมศึกษาตอนต้น', 'มัธยมศึกษาตอนปลาย']",ก่อนอนุบาล - มัธยมศึกษาตอนปลาย,515,48,"['หลักสูตรประเทศอังกฤษ', 'National Curriculum for England']",นางสาวธิดาพร เหล่าวิเศษกุล,นายเพิ่มเกียรติ เกษกุล,,ไม่รับเงินอุดหนุน,,,,,,,,https://pedb.opec.go.th/web/SchoolPdc.htm?mode=showPicture&t=1&id=12609,,,,
256,1183700006,นานาชาติไลท์เฮ้าส์ แอท ภูเก็ต,LIGHTHOUSE AT PHUKET INTERNATIONAL SCHOOL,ภูเก็ต,เมืองภูเก็ต,ราไวย์,21/1 หมู่ 2 ซอย สาลิกา ต.ราไวย์ อ.เมืองภูเก็ต จ.ภูเก็ต 83130,https://lighthousephuket.com,Live Domain Match & Verification,,,,,,7.838578999999998,98.32742900000001,https://school.opec.go.th/school/1183700006,['ประถมศึกษา'],ประถมศึกษา - ประถมศึกษา,86,26,[],นางสาวเสาวณีย์ บุญสุข,นางจริยา ซึ้งสุนทร,-,ไม่รับเงินอุดหนุน,,,,,,,,https://pedb.opec.go.th/web/SchoolPdc.htm?mode=showPicture&t=1&id=16887,,,,
257,1183700007,นานาชาติ โอ๊ค มีโดว์,Oak Meadow International School,ภูเก็ต,เมืองภูเก็ต,วิชิต,"10/49, 19/164 หมู่ 3 ซอย หมู่บ้านปรางทอง ถนน ขวาง ต.วิชิต อ.เมืองภูเก็ต จ.ภูเก็ต 83000",https://oakmeadow.ac.th,Live Domain Match & Verification,,https://www.facebook.com/share/1L2r3HuY1n/?mibextid=wwXIfr,076604242,,,7.929633000000001,98.3955036,https://school.opec.go.th/school/1183700007,"['ก่อนอนุบาล', 'อนุบาล', 'ประถมศึกษา', 'มัธยมศึกษาตอนต้น', 'มัธยมศึกษาตอนปลาย']",ก่อนอนุบาล - มัธยมศึกษาตอนปลาย,118,33,"['หลักสูตร CALVERT  ประเทศ สหรัฐอมริกา', 'The Creative Curriculum']",บริษัท โอ๊ค มีโดว์ อินเตอเนชั่นแนล จำกัด,นางผกามาศ หอมกอ,-,ไม่รับเงินอุดหนุน,,,,,,,,https://pedb.opec.go.th/web/SchoolPdc.htm?mode=showPicture&t=1&id=18941,,https://www.instagram.com/oakmeadowphuket/?__pwa=1,,
258,1183700008,นานาชาติ บัดส์ ภูเก็ต,Buds International School Phuket,ภูเก็ต,เมืองภูเก็ต,ฉลอง,4/6 ซอยป่าหล่าย 2 หมู่ 2 ต.ฉลอง อ.เมืองภูเก็ต จ.ภูเก็ต 83000,https://www.budsschool.com,Live Domain Match & Verification,,,,,,7.8401897,98.3514972,https://school.opec.go.th/school/1183700008,['ประถมศึกษา'],ประถมศึกษา - ประถมศึกษา,0,3,['Common  Core  State  Standards National Curriculum'],บริษัท ป่าหล่าย กรีน จำกัด,นายปรีชา เพื่อนรักษ์,-,ไม่รับเงินอุดหนุน,,,,,,,,https://pedb.opec.go.th/web/SchoolPdc.htm?mode=showPicture&t=1&id=19288,,,,
259,1183700009,นานาชาติ อินโนเวทีฟ ซัสเตนนะเบิล พาทเวย์ ภูเก็ต,Innovative Sustainable Pathway International School Phuket,ภูเก็ต,เมืองภูเก็ต,ราไวย์,"79/6, 71/139 หมู่ 4 ต.ราไวย์ อ.เมืองภูเก็ต จ.ภูเก็ต 83130",https://www.ispis.com,Live Domain Match & Verification,,,,,,8.0932631,98.3051483,https://school.opec.go.th/school/1183700009,"['ประถมศึกษา', 'มัธยมศึกษาตอนต้น', 'มัธยมศึกษาตอนปลาย']",ประถมศึกษา - มัธยมศึกษาตอนปลาย,246,63,"['Cambridge Assessment International Education (Cambridge Lower Secondary)', 'Cambridge Lower Primary', 'Early years foundation stage statutory framework']",,,,ไม่รับเงินอุดหนุน,,,,,,,,https://pedb.opec.go.th/web/SchoolPdc.htm?mode=showPicture&t=1&id=19346,,,,
260,1183700010,นานาชาติ เบอร์ดา คล๊อด ภูเก็ต,Berda Claude International School Of Phuket,ภูเก็ต,เมืองภูเก็ต,ฉลอง,28/89 หมู่ 4 ต.ฉลอง อ.เมืองภูเก็ต จ.ภูเก็ต 83130,https://www.berda.com,Live Domain Match & Verification,,,,,,7.8433029,98.3469526,https://school.opec.go.th/school/1183700010,"['ก่อนอนุบาล', 'อนุบาล', 'ประถมศึกษา', 'มัธยมศึกษาตอนต้น', 'มัธยมศึกษาตอนปลาย']",ก่อนอนุบาล - มัธยมศึกษาตอนปลาย,320,122,"['หลักสูตรประเทศอังกฤษ', 'Cambridge Curriculums', 'Programme De L’Education National France']",,นายอาภากร จันทร์อยู่,นางสาวนภัสสร อุ่นบุญ,ไม่รับเงินอุดหนุน,,,,,,,,https://pedb.opec.go.th/web/SchoolPdc.htm?mode=showPicture&t=1&id=19434,,,,
261,1183700011,นานาชาติมอนเตสโซรี่ เฮาส์ ภูเก็ต,MONTESSORI HOUSE PHUKET INTERNATIONAL SCHOOL,ภูเก็ต,เมืองภูเก็ต,ฉลอง,28/114 หมู่ 4 ต.ฉลอง อ.เมืองภูเก็ต จ.ภูเก็ต 83130,https://norfolkhouseschool.org/nursery,Live Domain Match & Verification,,,,,,7.9519331,98.33808839999999,https://school.opec.go.th/school/1183700011,"['อนุบาล', 'ประถมศึกษา']",อนุบาล - ประถมศึกษา,3,6,[],,นางฉันท์สิณี  เล่าประสพวัฒนา,,ไม่รับเงินอุดหนุน,,,,,,,,https://pedb.opec.go.th/web/SchoolPdc.htm?mode=showPicture&t=1&id=12430,,,,
262,1183700012,นานาชาติฟินน์เวย์ ภูเก็ต,FINNWAY INTERNATIONAL SCHOOL PHUKET,ภูเก็ต,เมืองภูเก็ต,เกาะแก้ว,9/1 หมู่ 2 ต.เกาะแก้ว อ.เมืองภูเก็ต จ.ภูเก็ต 83000,https://www.fisp.com,Live Domain Match & Verification,,,,,,7.9519331,98.33808839999999,https://school.opec.go.th/school/1183700012,"['อนุบาล', 'ประถมศึกษา']",อนุบาล - ประถมศึกษา,127,10,"['National Core Curriculum for Early Childhood Education and Care', 'หลักสูตรลิขสิทธิ์ของ Finish Globol Education Solution (FGES)']",,นายเกียรติศักดิ์ ปิลวาสน์,นายภคกฤตย วาสิกศิริ,ไม่รับเงินอุดหนุน,,,,,,,,https://pedb.opec.go.th/web/SchoolPdc.htm?mode=showPicture&t=1&id=23419,,,,
263,1183700013,นานาชาติ ร่วมฤดีวิเทศศึกษา ภูเก็ต,Ruamrudee International School Phuket,ภูเก็ต,เมืองภูเก็ต,ฉลอง,22/28 หมู่ 3 ต.ฉลอง อ.เมืองภูเก็ต จ.ภูเก็ต 83000,https://www.rism.ac.th,Live Domain Match & Verification,,,,,,7.894947591,98.386525876,https://school.opec.go.th/school/1183700013,"['ก่อนอนุบาล', 'อนุบาล', 'ประถมศึกษา', 'มัธยมศึกษาตอนต้น', 'มัธยมศึกษาตอนปลาย']",ก่อนอนุบาล - มัธยมศึกษาตอนปลาย,89,6,[],,,,ไม่รับเงินอุดหนุน,"โรงเรียนร่วมฤดีวิเทศศึกษา หรือเป็นที่รู้จักในนามทั่วไปว่า “RIS” ได้ชื่อว่ามีความเป็นเลิศในด้าน การเรียนการสอนและเป็นโรงเรียนนานาชาติที่มีคุณภาพระดับแนวหน้าของประเทศมานานกว่า 6 ทศวรรษ โรงเรียนมีความมุ่งหวังในการส่งเสริมให้นักเรียนมีชีวิตที่สมดุล ประสบความสำเร็จ มีความสุขในชีวิต และ เป็นกำลังในการช่วยสร้างสรรค์สังคม หลักการเรียนการสอน 3 ประการ (Principles of Phoenix) ที่โรงเรียน ใช้เป็นรากฐานสำคัญจึงมีความสอดคล้องกันโดยเริ่มต้นจากองค์ประกอบหลัก คือ 
“Head” หมายถึง ความรู้ทางวิชาการ การคิดวิเคราะห์ และความคิดสร้างสรรค์ ที่เด็ก ๆ จะได้รับ และพร้อมเปิดรับการเรียนรู้สิ่งใหม่ ๆ อยู่เสมอ
“Hands” หมายถึง การสร้างทักษะด้วยการลงมือปฏิบัติจริง ได้แก่การพูด การแสดง ดนตรี กีฬา รวมถึง ความสามารถในการสร้างสรรค์สิ่งที่คิดไว้ให้กลายเป็นจริง
“Heart” เป็นสิ่งที่โรงเรียนให้ความสำคัญเป็นอย่างยิ่งและเป็นจุดเด่นที่ทำให้เกิดความแตกต่างทำให้เกิดอัตลักษณ์แห่งความเป็นร่วมฤดีนั่น คือการส่งเสริมให้นักเรียนเติบโตขึ้นอย่างมีความสุขทั้งร่างกาย และจิตใจ รวมถึงความใส่ใจในการอยู่ร่วมกันในสังคม",โรงเรียนนานาชาติ ร่วมฤดีวิเทศศึกษา ภูเก็ต มีความมุ่งมั่น ในการจัดการศึกษาระบบนานาชาติ ให้ได้มาตรฐานและเป็นที่ยอมรับในระดับสากล พัฒนาผู้เรียนให้เป็นบุคคลที่มีความรู้และสรรสร้างผู้นําสําหรับอนาคต,โรงเรียนนานาชาติ ร่วมฤดีวิเทศศึกษา ภูเก็ต จัดการศึกษาที่มีคุณภาพและบรรยากาศที่ส่งเสริมให้ นักเรียนพัฒนาศักยภาพของตนเองในสภาพแวดล้อมที่ปลอดภัยและเอื้ออำนวยต่อการเรียนรู้ของนักเรียนใน สภาพสังคมที่มีความแตกต่างทางวัฒนธรรม สร้างหลักสูตรวิชาการที่ เข้มแข็,,,,,https://pedb.opec.go.th/web/SchoolPdc.htm?mode=showPicture&t=1&id=25250,,,,
264,1183700014,นานาชาติเฮดสตาร์ท เชิงทะเล,HEADSTART INTERNATIONAL SCHOOL CHERNGTALAY,ภูเก็ต,ถลาง,เชิงทะเล,9/2 ถนน ศรีสุนทร ต.เชิงทะเล อ.ถลาง จ.ภูเก็ต 83110,https://headstartphuket.com,Live Domain Match & Verification,,,,,,7.989428438241,98.313435557444,https://school.opec.go.th/school/1183700014,"['ก่อนอนุบาล', 'อนุบาล', 'ประถมศึกษา', 'มัธยมศึกษาตอนต้น']",ก่อนอนุบาล - มัธยมศึกษาตอนต้น,524,87,[],,,,ไม่รับเงินอุดหนุน,,,,,,,,https://pedb.opec.go.th/web/SchoolPdc.htm?mode=showPicture&t=1&id=25257,,,,
265,1183700015,นานาชาติ เฮย์ สคูล ภูเก็ต,HEI Schools Phuket International School,ภูเก็ต,ถลาง,ศรีสุนทร,11/1 หมู่ 7 ต.ศรีสุนทร อ.ถลาง จ.ภูเก็ต 83110,https://www.heischools.com,Live Domain Match & Verification,,,,,,7.993041924,98.350988628,https://school.opec.go.th/school/1183700015,"['ก่อนอนุบาล', 'อนุบาล', 'ประถมศึกษา']",ก่อนอนุบาล - ประถมศึกษา,119,10,[],,,,ไม่รับเงินอุดหนุน,,,,,,,,https://pedb.opec.go.th/web/SchoolPdc.htm?mode=showPicture&t=1&id=25581,,,,
266,1183700016,นานาชาติคินเดอร์วิลล์โนวา,Kinderville Nova International School,ภูเก็ต,เมืองภูเก็ต,ฉลอง,54/51 หมู่ 6 ต.ฉลอง อ.เมืองภูเก็ต จ.ภูเก็ต 83000,https://www.knis.com,Live Domain Match & Verification,,,,,,7.894947591,98.386525876,https://school.opec.go.th/school/1183700016,['ประถมศึกษา'],ประถมศึกษา - ประถมศึกษา,42,16,['The national Curriculum in England'],,,,ไม่รับเงินอุดหนุน,,,,,,,,https://pedb.opec.go.th/web/SchoolPdc.htm?mode=showPicture&t=1&id=25639,,,,
267,1183700017,นานาชาติไลท์เฮ้าส์ แอท ราไวย์,Lighthouse At Rawai Internaional School,ภูเก็ต,เมืองภูเก็ต,ราไวย์,95/43 หมู่ 4 ต.ราไวย์ อ.เมืองภูเก็ต จ.ภูเก็ต 83100,https://lighthousephuket.com,Live Domain Match & Verification,,,,,,7.834244694,98.300312591,https://school.opec.go.th/school/1183700017,"['ประถมศึกษา', 'มัธยมศึกษาตอนต้น', 'มัธยมศึกษาตอนปลาย']",ประถมศึกษา - มัธยมศึกษาตอนปลาย,0,26,"['Early years foundation stage statutory framework', 'The national Curriculum in England']",,,,ไม่รับเงินอุดหนุน,,,,,,,,https://pedb.opec.go.th/web/SchoolPdc.htm?mode=showPicture&t=1&id=25649,,,,
268,1183700018,อนุบาลนานาชาติ ไลท์เฮ้าส์ แอท ฉลอง,LIGHTHOUSE AT CHALONG INTERNATIONAL KINDERGARTEN,ภูเก็ต,เมืองภูเก็ต,ฉลอง,34/4 หมู่ 7 ซอย เจ้าฟ้า 57 ถนน เจ้าฟ้าตะวันตก ต.ฉลอง อ.เมืองภูเก็ต จ.ภูเก็ต 83000,https://lighthousephuket.com,Live Domain Match & Verification,,,,,,7.834634216425,98.33758750853,https://school.opec.go.th/school/1183700018,['อนุบาล'],อนุบาล - อนุบาล,0,4,['Early years foundation stage statutory framework'],,,,ไม่รับเงินอุดหนุน,,,,,,,,https://pedb.opec.go.th/web/SchoolPdc.htm?mode=showPicture&t=1&id=26065,,,,
269,1183700019,นานาชาติประสานเกตเวย์,Prasan Gateway International School,ภูเก็ต,เมืองภูเก็ต,ฉลอง,45/9 หมู่ 1 ต.ฉลอง อ.เมืองภูเก็ต จ.ภูเก็ต 83000,https://www.pgisphuket.com,Live Domain Match & Verification,,,,,,7.894947591,98.386525876,https://school.opec.go.th/school/1183700019,"['ก่อนอนุบาล', 'อนุบาล', 'ประถมศึกษา', 'มัธยมศึกษาตอนต้น']",ก่อนอนุบาล - มัธยมศึกษาตอนต้น,0,1,[],,,,ไม่รับเงินอุดหนุน,,,,,,,,https://pedb.opec.go.th/web/SchoolPdc.htm?mode=showPicture&t=1&id=26080,,,,
270,1183700020,นานาชาติ ภูเก็ตพินนาเคิล,Phuket Pinnacle International School,ภูเก็ต,ถลาง,เชิงทะเล,13/3 หมู่ 4 ต.เชิงทะเล อ.ถลาง จ.ภูเก็ต 83110,https://ppisschool.com,OPEC Profile,https://ppisschool.com/,https://www.facebook.com/baankajonkietnursery/,0864759158,0864759158,,8.009005081,98.293486468,https://school.opec.go.th/school/1183700020,"['ก่อนอนุบาล', 'อนุบาล']",ก่อนอนุบาล - อนุบาล,25,2,['Early years foundation stage statutory framework'],,,,ไม่รับเงินอุดหนุน,,,,,,,,https://pedb.opec.go.th/web/SchoolPdc.htm?mode=showPicture&t=1&id=26384,@pinnacle_school,,,
271,1183700021,นานาชาติแบมบู แวลลีย์,Bamboo Valley International School,ภูเก็ต,ถลาง,เชิงทะเล,3/74 หมู่ 4 ต.เชิงทะเล อ.ถลาง จ.ภูเก็ต 83110,https://bamboovalleyschool.com,Live Domain Match & Verification,,,,,,8.009005081,98.293486468,https://school.opec.go.th/school/1183700021,[],ไม่ระบุ,0,0,[],,,,ไม่รับเงินอุดหนุน,,,,,,,,https://pedb.opec.go.th/web/SchoolPdc.htm?mode=showPicture&t=1&id=26405,,,,
272,1183700022,นานาชาติเซเลสเทีย อันดามัน,Celestia Andaman International School,ภูเก็ต,ถลาง,เทพกระษัตรี,11 หมู่ 8 ต.เทพกระษัตรี อ.ถลาง จ.ภูเก็ต 83110,https://www.caisis.com,Live Domain Match & Verification,,,,,,8.083082788,98.375203446,https://school.opec.go.th/school/1183700022,[],ไม่ระบุ,0,0,[],,,,ไม่รับเงินอุดหนุน,,,,,,,,https://pedb.opec.go.th/web/SchoolPdc.htm?mode=showPicture&t=1&id=26433,,,,
273,1183700023,นานาชาติเกลนอัลมอนด์ ภูเก็ต,Glenalmond Phuket International School,ภูเก็ต,ถลาง,เทพกระษัตรี,56 หมู่ 7 ต.เทพกระษัตรี อ.ถลาง จ.ภูเก็ต 83110,https://www.gpis.com,Live Domain Match & Verification,,,,,,8.083082788,98.375203446,https://school.opec.go.th/school/1183700023,[],ไม่ระบุ,0,0,[],,,,ไม่รับเงินอุดหนุน,,,,,,,,https://pedb.opec.go.th/web/SchoolPdc.htm?mode=showPicture&t=1&id=26445,,,,
274,1184700002,นานาชาติ สมุย,International School of Samui,สุราษฎร์ธานี,เกาะสมุย,บ่อผุด,141/21 หมู่ 6 ต.บ่อผุด อ.เกาะสมุย จ.สุราษฎร์ธานี 84320,https://www.samuischool.ac.th,Live Domain Match & Verification,,,,,,9.5445238,100.04554840000003,https://school.opec.go.th/school/1184700002,"['ก่อนอนุบาล', 'อนุบาล', 'ประถมศึกษา', 'มัธยมศึกษาตอนต้น', 'มัธยมศึกษาตอนปลาย']",ก่อนอนุบาล - มัธยมศึกษาตอนปลาย,278,35,"['หลักสูตรสหราชอาณาจักร', 'National Curriculum for England and Wales']",,นางสาวนันท์ลินี รัตนบุญวิจิตร์,นายStephen  Andrews,ไม่รับเงินอุดหนุน,,,,,,,,https://pedb.opec.go.th/web/SchoolPdc.htm?mode=showPicture&t=1&id=12854,,,,
275,1184700003,นานาชาติ สุราษฎร์ธานี,Surathani International School,สุราษฎร์ธานี,เมืองสุราษฎร์ธานี,มะขามเตี้ย,51/91 หมู่ 3 ถนน พ่อขุนทะเล ต.มะขามเตี้ย อ.เมืองสุราษฎร์ธานี จ.สุราษฎร์ธานี 84000,https://stis.ac.th,OPEC Profile,https://stis.ac.th/,https://www.facebook.com/STIS2557/,077405089,0980177189,,9.0741297,99.32911779999995,https://school.opec.go.th/school/1184700003,"['ก่อนอนุบาล', 'อนุบาล', 'ประถมศึกษา', 'มัธยมศึกษาตอนต้น']",ก่อนอนุบาล - มัธยมศึกษาตอนต้น,63,12,"['หลักสูตรสหรัฐอเมริกัน', 'California Department of Education']",นางสาวจักษณี  สุธีอิสริยะกุล,นางอุนนิดา  คะเนนัย,นางสาวจักษณี  สุธีอิสริยะกุล,ไม่รับเงินอุดหนุน,,,,,,,,https://pedb.opec.go.th/web/SchoolPdc.htm?mode=showPicture&t=1&id=16646,@xtt8196y,https://www.instagram.com/stis_official/,,https://youtube.com/@stisinternationalschool238?si=wNNpovD2jlsF3-c2
276,1184700004,นานาชาติละไม,Lamai International School,สุราษฎร์ธานี,เกาะสมุย,มะเร็ต,206/36 หมู่ 4 ต.มะเร็ต อ.เกาะสมุย จ.สุราษฎร์ธานี 84310,https://lis.ac.th,OPEC Profile,https://www.lis.ac.th,,077423509,0950780903,,9.474211,100.05320800000004,https://school.opec.go.th/school/1184700004,"['อนุบาล', 'ประถมศึกษา']",อนุบาล - ประถมศึกษา,130,11,"['หลักสูตรสหราชอาณาจักร', 'National Curriculum for England and Wales']",,นายนัฐพล อักษร,,ไม่รับเงินอุดหนุน,โรงเรียนนานาชาติละไม มีวัตถุประสงค์มุ่งเน้นให้ผู้เรียนมีการพัฒนาทั้งร่างกายและสติปัญญา เหมาะสมกับช่วงวัยการศึกษาที่มีคุณภาพเป็นนักคิดอย่างมีหลักการและเหตุผล สามารถสื่อได้อย่างดีและดำเนินชีวิตอย่างมีความสุข,โรงเรียนนานาชาติละไม มุ่งเน้นพัฒนาผู้เรียนทุกคนซึ่งเป็นกำลังของชาติและโลกนี้ให้เป็นมนุษย์ที่ความสมดุลทั้งร่างกาย ความรู้ คุณธรรม มีจิตสำนึกในความเป็นพลเมืองไทยและพลเมืองโลกที่ยึดมั่นในการปกครองระบอบประชาธิปไตยมีความรู้และมีทักษะพื้นฐาน,สร้างคุณภาพทางการศึกษากระตุ้นให้ผู้เรียนมีทัศนคติที่มีต่อนานาประเทศ มีความกระตือรือร้นในการเรียนมีความสามารถไปประยุกต์ใช้ในการดำรงชีวิตอย่างมีความสุขและมีความรับผิดชอบต่อหน้าที่พลเมืองที่ดี,,เด็กมีความสุขในการมาเรียน,เด็กยิ้มอย่างมีความสุข มีความพร้อมในการเรียนรู้,,https://pedb.opec.go.th/web/SchoolPdc.htm?mode=showPicture&t=1&id=18943,,,,
277,1184700005,นานาชาติพีบิสส์,PBISS International School,สุราษฎร์ธานี,เกาะสมุย,บ่อผุด,6/5 หมู่ 3 ต.บ่อผุด อ.เกาะสมุย จ.สุราษฎร์ธานี 84320,https://pbiss.ac.th,Live Domain Match & Verification,,,,,,9.5023362,100.0517134,https://school.opec.go.th/school/1184700005,"['ก่อนอนุบาล', 'อนุบาล', 'ประถมศึกษา', 'มัธยมศึกษาตอนต้น', 'มัธยมศึกษาตอนปลาย']",ก่อนอนุบาล - มัธยมศึกษาตอนปลาย,539,87,"['Cambridge', 'PEARSON BTEC International Level 3 Subsidiary Diploma', 'หลักสูตรภาษาไทย วัฒนธรรมไทยและประวัติศาสตร์ไทย']",,นางสาวอัชฌาดา  สายทอง,นายศิวพงศ์ เลื่อนราม,ไม่รับเงินอุดหนุน,,,,,,,,https://pedb.opec.go.th/web/SchoolPdc.htm?mode=showPicture&t=1&id=18871,,,,
278,1184700007,นานาชาติกรีนเอเคอร์,Greenacre International School,สุราษฎร์ธานี,เกาะสมุย,หน้าเมือง,108 หมู่ 2 ต.หน้าเมือง อ.เกาะสมุย จ.สุราษฎร์ธานี 84140,https://www.greenacre.ac.th,Live Domain Match & Verification,,,,,,9.45133702739136,100.00013872275395,https://school.opec.go.th/school/1184700007,"['อนุบาล', 'ประถมศึกษา', 'มัธยมศึกษาตอนต้น', 'มัธยมศึกษาตอนปลาย']",อนุบาล - มัธยมศึกษาตอนปลาย,211,24,"['หลักสูตรประเทศอังกฤษ', 'หลักสูตรสหราชอาณาจักร', 'หลักสูตรแห่งสหราชอาณาจักร']",นางปนัดดา หงสกุล,นางสาวลภัสรดา  ยิ่งยวด,,ไม่รับเงินอุดหนุน,,,,,,,,https://pedb.opec.go.th/web/SchoolPdc.htm?mode=showPicture&t=1&id=20459,,,,
279,1184700008,นานาชาติสิริปัญญา,Si Ri Panya International School,สุราษฎร์ธานี,เกาะพะงัน,บ้านใต้,52/30 หมู่ 1 ต.บ้านใต้ อ.เกาะพะงัน จ.สุราษฎร์ธานี 84280,https://www.siripanya.com,Live Domain Match & Verification,,,,,,9.677372,100.061824,https://school.opec.go.th/school/1184700008,"['อนุบาล', 'ประถมศึกษา', 'มัธยมศึกษาตอนต้น', 'มัธยมศึกษาตอนปลาย']",อนุบาล - มัธยมศึกษาตอนปลาย,189,21,"['หลักสูตรสหราชอาณาจักร', 'A National curriculum in England']",,,-,ไม่รับเงินอุดหนุน,,,,,,,,https://pedb.opec.go.th/web/SchoolPdc.htm?mode=showPicture&t=1&id=23900,,,,
280,1184700009,นานาชาติวินฟิลด์,Windfield International School,สุราษฎร์ธานี,เกาะสมุย,มะเร็ต,67/7 หมู่ 6 ต.มะเร็ต อ.เกาะสมุย จ.สุราษฎร์ธานี 84310,https://www.wis.ac.th,Live Domain Match & Verification,,,,,,9.474239167513,100.04211558031,https://school.opec.go.th/school/1184700009,"['อนุบาล', 'ประถมศึกษา', 'มัธยมศึกษาตอนต้น', 'มัธยมศึกษาตอนปลาย']",อนุบาล - มัธยมศึกษาตอนปลาย,537,78,"['หลักสูตรสหราชอาณาจักร', 'หลักสูตรแห่งประเทศฝรั่งเศส', 'Cambridge Assessment International Education', 'สหราชอาณาจักร', 'หลักสูตรฝรั่งเศส', 'หลักสูตรวิชาภาษาไทย วัฒนธรรมและประวัติศาสตร์ไทย']",,นางสาวนภัสสร อุ่นบุญ,นางฐิตานันท์ เพชรดี,ไม่รับเงินอุดหนุน,,,,,,,,https://pedb.opec.go.th/web/SchoolPdc.htm?mode=showPicture&t=1&id=24704,,,,
281,1184700011,นานาชาติดาเนียล,Daniel International School,สุราษฎร์ธานี,กาญจนดิษฐ์,ทุ่งกง,99/1 หมู่ 4 ต.ทุ่งกง อ.กาญจนดิษฐ์ จ.สุราษฎร์ธานี 84290,https://www.dischool.ac.th/en,OPEC Profile,https://www.dischool.ac.th,https://www.facebook.com/DISuratthani,0924043699,,,9.141283,99.37638539999999,https://school.opec.go.th/school/1184700011,"['ก่อนอนุบาล', 'อนุบาล', 'ประถมศึกษา', 'มัธยมศึกษาตอนต้น', 'มัธยมศึกษาตอนปลาย']",ก่อนอนุบาล - มัธยมศึกษาตอนปลาย,84,9,"['The HighScope Infant - Toddler Curriculum', 'The HighScope Preschool Curriculum', 'นานาชาติดาเนียล']",,นางเสาวลักษณ์ หนูรอด,นายเจน วิริยะวารี,ไม่รับเงินอุดหนุน,โรงเรียนนานาชาติดาเนียลถือกำเนิดขึ้นจากความทุ่มเทของนักการศึกษามืออาชีพชาวฮ่องกงคู่หนึ่งที่เข้ามาในประเทศไทยในฐานะครูสอนภาษาจีนตามโรงเรียนต่าง ๆ ในพื้นที่ โดยทั้งสองเกิดความคิดที่จะจัดตั้งโรงเรียนที่เต็มเปี่ยมไปด้วยคุณภาพในจังหวัดสุราษฎร์ธานีตามมาตรฐานสากล และวางรากฐานบนค่านิยมของคริสเตียน,"Love. ""มุ่งพัฒนานักเรียนให้ออกไปมีอิทธิพลต่อโลกใบนี้ ด้วยความฉลาดเลิศทางปัญญา ความซื่อสัตย์ เเละความรัก""",มุ่งมั่นพัฒนานักเรียนให้ออกไปมีอิทธิพลอันดีต่อโลกใบนี้ อัตลักษณ์ของนักเรียนโรงเรียนนานาชาติดาเนียล ( Identify ) D   Discernment  วิจารณปัญญาอันเลิศ     I  Integrity  ความสุจริตซื่อตรง   S Service with love   ใจรักที่จะช่วยเหลือ,Impact the world,,,Impact the world,https://pedb.opec.go.th/web/SchoolPdc.htm?mode=showPicture&t=1&id=25232,@danielschool,https://www.instagram.com/dis_suratthani?igsh=MmRibGNyNWd1cHhu,,https://www.youtube.com/@danielinternationalschool7247
282,1184700012,นานาชาติ บาลานซ์ สุราษฎร์ธานี,Balance Internatioal School Suratthani,สุราษฎร์ธานี,เมืองสุราษฎร์ธานี,บางใบไม้,88/8 หมู่ 1 ต.บางใบไม้ อ.เมืองสุราษฎร์ธานี จ.สุราษฎร์ธานี 84000,https://biss.ac.th/en,Live Domain Match & Verification,https://www.biss.in.th/,https://www.facebook.com/bisspublic/,077969595,0822542424,,9.1534375,99.30518750000002,https://school.opec.go.th/school/1184700012,"['ก่อนอนุบาล', 'อนุบาล', 'ประถมศึกษา', 'มัธยมศึกษาตอนต้น', 'มัธยมศึกษาตอนปลาย']",ก่อนอนุบาล - มัธยมศึกษาตอนปลาย,95,19,"['Cambridge Assessment International Education (Cambridge Early Years)', 'Cambridge Assessment International Education (Cambridge Lower Secondary)', 'Cambridge Assessment International Education (Cambridge Primary)', 'Cambridge Assessment International Education (Cambridge Upper Secondary)', 'หลักสูตรภาษาไทย วัฒนธรรมไทยและประวัติศาสตร์ไทย']",,นายสาธร ลิกขะไชย,นางสาวปัทมา แซ่โค้ว,ไม่รับเงินอุดหนุน,,,,,,,,https://pedb.opec.go.th/web/SchoolPdc.htm?mode=showPicture&t=1&id=25597,@biss,https://www.instagram.com/bisspublic/,,
283,1184700013,นานาชาติบ้านอินทนิล,Baan Inthanin International School,สุราษฎร์ธานี,เกาะสมุย,แม่น้ำ,75/75 หมู่ 1 ต.แม่น้ำ อ.เกาะสมุย จ.สุราษฎร์ธานี 84330,https://www.baan.org,Live Domain Match & Verification,,,,,,9.567329212822,100.000683078543,https://school.opec.go.th/school/1184700013,"['อนุบาล', 'ประถมศึกษา']",อนุบาล - ประถมศึกษา,24,7,['French Program du cycle 1 to 4 - Lycee'],,,,ไม่รับเงินอุดหนุน,,,,,,,,https://pedb.opec.go.th/web/SchoolPdc.htm?mode=showPicture&t=1&id=25992,,,,
284,1184700014,นานาชาติยูนิคอร์นบริติช,Unicorn British International School,สุราษฎร์ธานี,เมืองสุราษฎร์ธานี,มะขามเตี้ย,144/55 หมู่ 1 ถนน วัดโพธิ์ - บางใหญ่ ต.มะขามเตี้ย อ.เมืองสุราษฎร์ธานี จ.สุราษฎร์ธานี 84000,https://unicornbritish.ac.th,OPEC Profile,https://unicornbritish.ac.th/,https://www.facebook.com/UnicornBritishInternationalSchool,077900026,0980128469,,9.1188079,99.316223,https://school.opec.go.th/school/1184700014,"['ก่อนอนุบาล', 'อนุบาล', 'ประถมศึกษา', 'มัธยมศึกษาตอนต้น']",ก่อนอนุบาล - มัธยมศึกษาตอนต้น,126,23,[],,,,ไม่รับเงินอุดหนุน,"Inspiring Minds, Shaping Futures
Unicorn British nurtures every child’s unique talents through an innovative British curriculum 
and self-discovery learning—where confidence grows, purpose is found, and future leaders emerge.",,,,,,,https://pedb.opec.go.th/web/SchoolPdc.htm?mode=showPicture&t=1&id=25993,@479taeok,https://www.instagram.com/unicorn_british_school?igsh=ajB4bXJqeGZ1NmF1,,
285,1184700015,โรงเรียนนานาชาติพะงัน,International School Of Pha Ngan,สุราษฎร์ธานี,เกาะพะงัน,บ้านใต้,53/14 หมู่ 1 ต.บ้านใต้ อ.เกาะพะงัน จ.สุราษฎร์ธานี 84280,https://www.phanganschool.com,Live Domain Match & Verification,,,,,,9.72694107,100.040559032,https://school.opec.go.th/school/1184700015,"['ก่อนอนุบาล', 'อนุบาล', 'ประถมศึกษา']",ก่อนอนุบาล - ประถมศึกษา,0,1,[],,,,ไม่รับเงินอุดหนุน,,,,,,,,https://pedb.opec.go.th/web/SchoolPdc.htm?mode=showPicture&t=1&id=26400,,,,
286,1186700001,นานาชาติธีโอดอร์,THEODORE INTERNATIONAL SCHOOL,ชุมพร,เมืองชุมพร,ตากแดด,41/6 ซอย เมืองชุมพร 15 หมู่ที่ 7 ถนน สายวัดประเดิม ต.ตากแดด อ.เมืองชุมพร จ.ชุมพร 86190,https://www.tis.ac.th,Live Domain Match & Verification,,,,,,10.4621264,99.1473487,https://school.opec.go.th/school/1186700001,"['ก่อนอนุบาล', 'อนุบาล', 'ประถมศึกษา', 'มัธยมศึกษาตอนต้น', 'มัธยมศึกษาตอนปลาย']",ก่อนอนุบาล - มัธยมศึกษาตอนปลาย,68,8,"['หลักสูตร North American Division (NAD) สหรัฐอเมริกา', 'NAD']",นางสิชล รัตน์วงศ์,,,ไม่รับเงินอุดหนุน,,,,,,,,https://pedb.opec.go.th/web/SchoolPdc.htm?mode=showPicture&t=1&id=16866,,,,
287,1186700002,นานาชาติเลกาซีออฟเกรซ คริสเตียน,LEGACY OF GRACE INTERNATIONAL CHRISTIAN SCHOOL,ชุมพร,เมืองชุมพร,บางลึก,13/4 หมู่ 3 ต.บางลึก อ.เมืองชุมพร จ.ชุมพร 86000,https://legacygrace.org,Live Domain Match & Verification,,,,,,10.4897929,99.18812659999999,https://school.opec.go.th/school/1186700002,"['อนุบาล', 'ประถมศึกษา', 'มัธยมศึกษาตอนต้น', 'มัธยมศึกษาตอนปลาย']",อนุบาล - มัธยมศึกษาตอนปลาย,62,14,"['หลักสูตรสหรัฐอเมริกัน', 'Accelerated Christian Education (A.C.E.)']",นางพรพรรณ จารุศศิธร,,,ไม่รับเงินอุดหนุน,,,,,,,,https://pedb.opec.go.th/web/SchoolPdc.htm?mode=showPicture&t=1&id=23839,,,,
288,1190700001,นานาชาติอเมริกัน เพรพ,American Prep International School,สงขลา,หาดใหญ่,หาดใหญ่,830 ถนน กาญจนวณิชย์ ต.หาดใหญ่ อ.หาดใหญ่ จ.สงขลา 90110,https://americanprepschool.com,Live Domain Match & Verification,,,,,,7.020147,100.497894,https://school.opec.go.th/school/1190700001,['ประถมศึกษา'],ประถมศึกษา - ประถมศึกษา,53,15,['The California Department of Education (CDE)'],นางสาวชนกวรรณ รัตรสาร,,นางสาวชนกวรรณ รัตรสาร,ไม่รับเงินอุดหนุน,,,,,,,,https://pedb.opec.go.th/web/SchoolPdc.htm?mode=showPicture&t=1&id=13224,,,,
289,1190700002,นานาชาติบลูมส์เบอรี่-หาดใหญ่,BLOOMSBURY INTERNATIONAL SCHOOL HATYAI,สงขลา,หาดใหญ่,ควนลัง,2119 หมู่ 6 ถนน สนามบิน - ลพบุรีราเมศวร์ ต.ควนลัง อ.หาดใหญ่ จ.สงขลา 90110,https://bloomsbury.ac.th,Live Domain Match & Verification,,,,,,6.948242,100.412986,https://school.opec.go.th/school/1190700002,"['ก่อนอนุบาล', 'อนุบาล', 'ประถมศึกษา', 'มัธยมศึกษาตอนต้น', 'มัธยมศึกษาตอนปลาย']",ก่อนอนุบาล - มัธยมศึกษาตอนปลาย,162,29,"['หลักสูตรประเทศอังกฤษ', 'ENC (English National Curriclum)', 'หลักสูตรภาษาไทย วัฒนธรรมไทยและประวัติศาสตร์ไทย']",,นางสุนันทา เขียวหอม,นายชิตชาย จันทรวงศ์,ไม่รับเงินอุดหนุน,,,,,,,,https://pedb.opec.go.th/web/SchoolPdc.htm?mode=showPicture&t=1&id=16674,,,,
290,1190700003,นานาชาติเซาท์เทิร์น หาดใหญ่,SOUTHERN INTERNATIONAL SCHOOL HATYAI,สงขลา,หาดใหญ่,หาดใหญ่,787 ถนน ราษฎร์อุทิศ ต.หาดใหญ่ อ.หาดใหญ่ จ.สงขลา 90110,https://www.southerninter.ac.th,OPEC Profile,https://www.southerninter.com,"https://Southern International School, Hat Yai",074252111,0633239831,,7.024476,100.455333,https://school.opec.go.th/school/1190700003,"['อนุบาล', 'ประถมศึกษา', 'มัธยมศึกษาตอนต้น', 'มัธยมศึกษาตอนปลาย']",อนุบาล - มัธยมศึกษาตอนปลาย,238,37,"['หลักสูตรสหราชอาณาจักร', 'International Preschool Curriculum (IPC)']",นางทิพวรรณ์ พัฒโน,-,-,ไม่รับเงินอุดหนุน,"SIH was established in 2015 and provides an international education to both Thai & non-Thai students. We assist students to become motivated lifelong learners and be equipped with the necessary learning skills to enjoy greater academic challenges.  We believe that in order to achieve a culture of achievement we need to create a culture of opportunity for all our community members.  At SIH, we want our young people to be safe, to be happy and to achieve. and to grow into independent global citizens.The school welcomes enrollment from students aged 2 to 18 years old. Students are allocated to classes according to their ages.  Should you wish to visit the campus to look around our facilities please contact the school office and we would be happy to welcome you.","We aim to develop our young people in terms of 21st century skills, such as problem-solving, creative thinking, curiosity, communication and team-working, and eternal values such as respect, tolerance, environmental awareness and lifelong learning.","•	Education is a collaborative effort between family and school and is enriched by the community •	Learning is an essential, life-long endeavour  •	Achievement builds self-esteem, which leads to further achievement  •	Excellence is worth pursuing",gentle heart - rich wisdom - strong society,"We are a truly diverse and truly inclusive school, where we want every student to be able to be themselves and to develop their unique identity and talents.  We are a small school with a big heart and we are proud of our family atmosphere.","Situated in a safe, quiet part of Hat Yai city we are blessed with a spacious, green and well-equipped campus that encourages play, leisure and curiosity, and classrooms that inspire great learning.",,https://pedb.opec.go.th/web/SchoolPdc.htm?mode=showPicture&t=1&id=18957,@sih.school,,,https://www.youtube.com/channel/UCiVxH4HLpZD39Ov0zZuvesw
291,1190700004,นานาชาติวันเดอร์แวลี่ย์,Wonder Valley International School,สงขลา,หาดใหญ่,พะตง,191 หมู่ 5 ต.พะตง อ.หาดใหญ่ จ.สงขลา 90230,https://wondervalley.ac.th,OPEC Profile,https://wondervalley.ac.th,https://Wonder Valley International School,,0636308011,,6.837067043,100.523044244,https://school.opec.go.th/school/1190700004,"['อนุบาล', 'ประถมศึกษา']",อนุบาล - ประถมศึกษา,29,8,"['The National Curriculum in England Key Stage 1', 'Early Years Foundation Stage (EYFS)']",,นางสุนันทา เขียวหอม,นางสาวสุญญา ศรประสิทธิ์,ไม่รับเงินอุดหนุน,"โรงเรียนนานาชาติวันเดอร์แวลี่ย์ Wonder Valley International School จัดตั้งขึ้นเมื่อ ปี พ.ศ. ๒๕๓๙
โดยนางวาณีรัตน์  ศรประสิทธิ์ เป็นผู้ก่อตั้ง ใช้ชื่อสวนสายน้ำจัดเป็นสถานที่ฝึกอบรมสัมมนาให้ความรู้แก่สถานศึกษา
มหาวิทยาลัย หน่วยงานภาครัฐ และภาคเอกชน
พ.ศ.๒๕๖๓ ได้จดทะเบียน บริษัท สร้างสมดุลจำกัด โดยมีวัตถุประสงค์เพื่อประกอบกิจการโรงเรียน สถานศึกษา
มีการจัดกิจกรรมการศึกษาทางเลือกให้แก่ผู้ปกครองที่มีความสนใจในการดูแลเด็ก การค้นหาศักยภาพของตนเองการเล่นอย่าง
มีความหมาย เน้นผู้เรียนเป็นสำคัญโดยจัดเป็นค่ายกิจกรรมการเรียนรู้
พ.ศ.๒๕๖๔ ได้ดำเนินการจัดตั้ง โรงเรียนนานาชาติวันเดอร์แวลี่ย์  Wonder Valley International School โดยมี
นางสาวสุญญา ศรประสิทธิ์ เป็นผู้แทนผู้รับใบอนุญาต เปิดสอนระดับก่อนประถมศึกษา โดยใช้หลักสูตรจากประเทศอังกฤษ
ปัจจุบันมีอาคารเรียน ๑ หลังจำนวน ๑ ห้องเรียน มีห้องสมุด ๑ ห้อง ห้องพยาบาล ๑ ห้อง
พ.ศ. ๒๕๖๖
โดยความเห็นชอบจากคณะกรรมการบริหารโรงเรียนมีนโยบายที่จะพัฒนาการศึกษาของเด็กในระดับประถมศึกษาให้มีประสิทธิ
ภาพตามแนวทางการจัดการศึกษา จึงขออนุญาตใช้หลักสูตรจากสหราชอาณาจักร (The national curriculum in England
2013) และหลักสูตรวิชาภาษาไทย วัฒนธรรมไทยและประวัติศาตร์ไทย เพื่อใช้ในการจัดการเรียนการสอนระดับประถมศึกษา
(Year 1-6 ) ซึ่งได้รับการพิจารณาอนุญาตให้ใช้หลักสูตรดังกล่าวหนังสือที่ ศธ.๐๒๑๑.๕/๒๒๙๗ ลงวันที่ ๓ มีนาคม ๒๕๖๕
จากนั้นจึงได้ดำเนินการก่อสร้างอาคารเรียน จำนวน ๑ หลัง ห้องเรียนและห้องประกอบจำนวน ๖ ห้อง",โรงเรียนนานาชาติวันเดอร์แวลี่ย์ เป็นชุมชนเพื่อการเรียนรู้อย่างเป็นองค์รวม มุ่งมั่นที่จะจัดการศึกษาเพื่อพัฒนาเด็กไปสู่ความสมบูรณ์อย่างสมดุลเต็มศักยภาพเป็นพลเมืองโลกที่เข้าใจความสัมพันธ์ของธรรมชาติและสรรพสิ่งรอบตัวโดยปราศจากความกลัว,1. พัฒนาคุณภาพผู้เรียนให้เต็มศักยภาพ 2. เสริมสร้างประสิทธิภาพการบริหารจัดการ 3. ส่งเสริมพัฒนาครูและบุคลากรทางการศึกษาทั้งระบบ 4. เสริมสร้างการมีส่วนร่วมในการจัดการศึกษาของผู้ที่มีส่วนเกี่ยวข้อง,,โรงเรียนอยู่ท่ามกลางธรรมชาติ บรรยากาศดี เด็กเติบโตเต็มศักยภาพของตนเอง ครูมืออาชีพที่เข้าใจบริบทของโรงเรียน,เข้าใจตนเองและรักในสิ่งที่ทำ เข้าใจความสำคัญของตนเองและผู้อื่น มีจิตสำนึกที่ดีและมีจิตสาธารณะ,การศึกษาที่ส่งเสริมพัฒนาการเด็กตามธรรมชาติอย่างสมดุลและเต็มศักยภาพ,https://pedb.opec.go.th/web/SchoolPdc.htm?mode=showPicture&t=1&id=24865,0638306011,wondervalley.hatyai,,@wondervalley_hatyai
